customer_id,first_name,last_name,date_of_birth,gender,city,province,country,customer_since,customer_status
100001,John,Thomas,1999-01-07,Female,Vancouver,British Columbia,Canada,2020-08-08,Active
100002,Sophia,Taylor,1982-06-05,Female,Charlottetown,Prince Edward Island,Canada,2015-09-29,Active
100003,Jessica,White,1986-08-17,Male,Brampton,Ontario,Canada,2012-07-13,Active
100004,Daniel,Martin,1976-01-27,Male,Ottawa,Ontario,Canada,2007-02-05,Active
100005,Daniel,Taylor,1980-10-22,Male,Quebec City,Quebec,Canada,2014-01-22,Active
100006,Emma,Garcia,1980-08-22,Male,Montreal,Quebec,Canada,2024-12-06,Active
100007,John,Martin,1999-09-20,Male,Victoria,British Columbia,Canada,2025-07-07,Active
100008,Olivia,Wilson,1999-07-30,Female,Montreal,Quebec,Canada,2020-01-11,Active
100009,David,Lee,1957-12-10,Male,Calgary,Alberta,Canada,1991-08-01,Active
100010,John,Smith,1944-12-02,Male,Brampton,Ontario,Canada,1994-04-26,Active
100011,Sarah,Martin,1960-05-31,Female,Montreal,Quebec,Canada,2015-01-28,Active
100012,Ava,Jackson,1973-05-22,Female,Edmonton,Alberta,Canada,2003-11-05,Closed
100013,Sophia,Martin,1957-11-16,Male,Mississauga,Ontario,Canada,1979-04-03,Active
100014,Sophia,Garcia,1969-11-26,Male,Laval,Quebec,Canada,1993-11-09,Active
100015,Olivia,Thompson,1971-05-04,Female,Toronto,Ontario,Canada,2004-03-29,Active
100016,Sophia,Martin,2004-01-22,Male,Brampton,Ontario,Canada,2026-03-07,Active
100017,Sarah,Clark,1971-09-07,Female,Laval,Quebec,Canada,2015-05-09,Active
100018,John,Thompson,1955-10-19,Female,Ottawa,Ontario,Canada,1987-01-15,Active
100019,Emma,Clark,1969-10-06,Male,Surrey,British Columbia,Canada,2010-10-26,Active
100020,Daniel,Jackson,1945-08-10,Female,Victoria,British Columbia,Canada,2013-10-05,Active
100021,Sarah,Taylor,1945-11-10,Male,Winnipeg,Manitoba,Canada,1981-06-06,Active
100022,William,Taylor,1983-10-18,Male,Red Deer,Alberta,Canada,2020-07-11,Active
100023,Michael,Martin,1959-11-11,Male,Ottawa,Ontario,Canada,2009-04-20,Active
100024,Mia,White,1983-05-18,Female,Ottawa,Ontario,Canada,2018-03-29,Active
100025,Sophia,Brown,1946-05-02,Male,Edmonton,Alberta,Canada,1972-08-17,Active
100026,Jessica,Taylor,1964-02-13,Male,Mississauga,Ontario,Canada,1986-12-22,Active
100027,Daniel,Lee,1980-02-19,Female,Mississauga,Ontario,Canada,2011-02-18,Active
100028,Emma,Thompson,1978-01-02,Male,Hamilton,Ontario,Canada,2008-04-15,Active
100029,Emily,Garcia,1981-05-16,Female,Vancouver,British Columbia,Canada,2007-10-08,Inactive
100030,Daniel,Wilson,1981-08-04,Female,Toronto,Ontario,Canada,2024-09-07,Active
100031,Daniel,Smith,1964-04-02,Female,Mississauga,Ontario,Canada,1993-03-15,Active
100032,David,Anderson,1966-03-29,Female,Quebec City,Quebec,Canada,1999-10-07,Active
100033,John,Clark,1969-09-09,Female,Calgary,Alberta,Canada,1989-07-29,Active
100034,Emily,White,1970-06-29,Male,Ottawa,Ontario,Canada,1989-04-08,Active
100035,Mia,Garcia,1993-07-18,Female,Vancouver,British Columbia,Canada,2016-06-24,Inactive
100036,James,White,1952-12-06,Female,Montreal,Quebec,Canada,2011-05-16,Active
100037,Emma,White,1979-05-09,Female,Quebec City,Quebec,Canada,2014-10-30,Active
100038,Emma,Martin,1992-07-29,Female,Toronto,Ontario,Canada,2021-08-21,Active
100039,Robert,Lee,1965-06-30,Female,Ottawa,Ontario,Canada,2015-12-04,Active
100040,Jessica,Jackson,1968-07-08,Female,Mississauga,Ontario,Canada,2009-10-22,Active
100041,Michael,Harris,1986-09-12,Male,Winnipeg,Manitoba,Canada,2014-07-13,Inactive
100042,Sophia,Lewis,1984-08-31,Male,Mississauga,Ontario,Canada,2011-05-17,Active
100043,Olivia,Thomas,1978-11-24,Female,Halifax,Nova Scotia,Canada,1998-01-28,Active
100044,William,Clark,1970-11-17,Female,Mississauga,Ontario,Canada,2001-01-28,Active
100045,John,Harris,1946-11-28,Male,Ottawa,Ontario,Canada,1995-09-17,Active
100046,Ava,Lewis,1954-03-22,Male,Surrey,British Columbia,Canada,1984-09-19,Active
100047,Daniel,White,1974-09-12,Female,Edmonton,Alberta,Canada,1997-07-18,Inactive
100048,Mia,Martin,1988-02-21,Male,Brampton,Ontario,Canada,2018-04-15,Active
100049,Olivia,Anderson,1956-10-06,Female,Ottawa,Ontario,Canada,1999-10-22,Active
100050,Sophia,Martin,1970-04-17,Female,Vancouver,British Columbia,Canada,2026-07-08,Active
100051,Sophia,Anderson,1959-07-24,Male,Toronto,Ontario,Canada,2017-10-24,Active
100052,Michael,Martin,1955-09-05,Male,Victoria,British Columbia,Canada,2015-03-11,Active
100053,William,Garcia,2000-09-04,Female,Calgary,Alberta,Canada,2022-08-28,Active
100054,Sarah,Jackson,2002-10-23,Male,Toronto,Ontario,Canada,2024-08-23,Inactive
100055,Sarah,Jackson,2006-01-14,Female,Calgary,Alberta,Canada,2026-05-13,Active
100056,James,Anderson,2000-04-12,Male,Hamilton,Ontario,Canada,2023-01-20,Active
100057,Emily,Thompson,1969-06-13,Male,Winnipeg,Manitoba,Canada,1997-05-27,Active
100058,Michael,Harris,1989-10-23,Male,Saint John,New Brunswick,Canada,2021-02-09,Active
100059,Sophia,White,1961-11-14,Female,Victoria,British Columbia,Canada,1985-06-20,Active
100060,Olivia,Smith,1980-04-16,Female,St. John's,Newfoundland and Labrador,Canada,2012-07-13,Active
100061,Mia,Brown,1959-11-27,Female,Calgary,Alberta,Canada,2019-08-04,Active
100062,Sophia,Smith,1983-05-22,Male,Ottawa,Ontario,Canada,2022-10-23,Active
100063,William,Clark,1970-08-04,Female,Hamilton,Ontario,Canada,2018-01-26,Active
100064,Ava,Clark,1966-09-10,Male,Brampton,Ontario,Canada,2009-02-11,Active
100065,Daniel,Brown,1949-06-14,Female,Montreal,Quebec,Canada,1988-01-16,Active
100066,Robert,Smith,1960-07-25,Female,Victoria,British Columbia,Canada,1990-06-19,Active
100067,Mia,Garcia,1971-09-29,Male,Montreal,Quebec,Canada,2008-03-06,Active
100068,William,White,1981-04-19,Female,Victoria,British Columbia,Canada,2014-09-18,Active
100069,John,Anderson,1996-08-26,Male,Quebec City,Quebec,Canada,2018-06-29,Active
100070,Sarah,Martin,1990-08-15,Male,Ottawa,Ontario,Canada,2013-01-18,Active
100071,Sophia,Taylor,1978-05-13,Female,Brampton,Ontario,Canada,2019-08-30,Active
100072,Michael,Wilson,1975-03-12,Female,Charlottetown,Prince Edward Island,Canada,2011-02-15,Active
100073,Daniel,Thomas,1973-07-06,Male,Ottawa,Ontario,Canada,2008-07-13,Inactive
100074,John,Lewis,2000-06-02,Female,Hamilton,Ontario,Canada,2025-01-20,Active
100075,Olivia,Garcia,1996-10-05,Male,Mississauga,Ontario,Canada,2026-04-22,Active
100076,Sarah,Wilson,1968-06-20,Female,St. John's,Newfoundland and Labrador,Canada,2015-09-18,Active
100077,Robert,Harris,1979-07-29,Female,Brampton,Ontario,Canada,2020-04-10,Active
100078,David,Lewis,1967-09-20,Male,Vancouver,British Columbia,Canada,1996-10-15,Active
100079,Emily,Lee,1979-09-12,Female,Hamilton,Ontario,Canada,2022-08-11,Active
100080,Olivia,Garcia,1970-10-22,Female,Hamilton,Ontario,Canada,2016-06-01,Active
100081,Ava,Brown,1997-07-21,Female,Surrey,British Columbia,Canada,2021-10-16,Active
100082,Daniel,Taylor,1988-05-13,Male,Vancouver,British Columbia,Canada,2008-11-16,Active
100083,Michael,Taylor,1954-12-30,Male,Victoria,British Columbia,Canada,2000-12-16,Active
100084,Emma,Wilson,1945-09-23,Female,Mississauga,Ontario,Canada,2004-05-05,Active
100085,Jessica,Wilson,2004-07-03,Female,St. John's,Newfoundland and Labrador,Canada,2023-05-02,Active
100086,Olivia,Anderson,1966-04-16,Female,Montreal,Quebec,Canada,1997-08-19,Active
100087,John,Harris,1953-07-11,Female,Moncton,New Brunswick,Canada,2014-09-12,Active
100088,Robert,Thomas,1990-10-21,Female,Hamilton,Ontario,Canada,2019-10-30,Active
100089,Sophia,Jackson,1973-11-05,Male,Laval,Quebec,Canada,2000-02-17,Active
100090,Emma,Taylor,1978-12-13,Male,Mississauga,Ontario,Canada,2022-07-30,Active
100091,Daniel,Wilson,1984-02-11,Female,Red Deer,Alberta,Canada,2022-11-06,Active
100092,Emma,Lee,1963-07-10,Male,Victoria,British Columbia,Canada,1987-07-24,Active
100093,Emma,Harris,1979-10-03,Male,Quebec City,Quebec,Canada,1999-08-29,Active
100094,William,Taylor,1985-05-16,Female,Brampton,Ontario,Canada,2019-08-06,Active
100095,Mia,Clark,1982-09-04,Female,Toronto,Ontario,Canada,2002-08-02,Active
100096,Robert,Clark,2000-10-08,Female,Toronto,Ontario,Canada,2024-03-01,Active
100097,David,Lee,1968-08-23,Male,Calgary,Alberta,Canada,2008-03-23,Closed
100098,Olivia,Wilson,1975-10-28,Female,Ottawa,Ontario,Canada,2018-09-07,Inactive
100099,Jessica,Martin,1991-04-13,Male,Toronto,Ontario,Canada,2009-10-31,Active
100100,Michael,Lee,1990-07-28,Male,Toronto,Ontario,Canada,2026-02-10,Active
100101,Emma,Clark,2006-10-08,Female,Hamilton,Ontario,Canada,2024-12-10,Active
100102,Michael,Taylor,1956-07-01,Female,Moncton,New Brunswick,Canada,1999-09-10,Active
100103,Emma,Lewis,2001-12-27,Female,Toronto,Ontario,Canada,2025-05-31,Active
100104,James,Jackson,1973-10-19,Female,Regina,Saskatchewan,Canada,1996-07-20,Active
100105,Sophia,White,1957-07-21,Female,Victoria,British Columbia,Canada,2013-11-17,Active
100106,Sophia,Harris,1962-05-08,Male,Quebec City,Quebec,Canada,2012-08-01,Active
100107,Sophia,Garcia,1966-03-04,Male,Montreal,Quebec,Canada,2021-06-15,Active
100108,Jessica,Brown,2006-07-19,Female,Surrey,British Columbia,Canada,2025-09-14,Inactive
100109,Sarah,Harris,1950-11-26,Female,Victoria,British Columbia,Canada,1986-10-08,Active
100110,Olivia,Clark,1957-10-12,Male,Hamilton,Ontario,Canada,2017-02-03,Active
100111,Robert,Harris,1989-01-13,Male,Winnipeg,Manitoba,Canada,2010-01-16,Active
100112,Sophia,Anderson,2003-09-08,Male,Mississauga,Ontario,Canada,2025-08-20,Active
100113,Emily,Smith,1948-12-27,Male,Hamilton,Ontario,Canada,1976-11-22,Inactive
100114,Daniel,Harris,1969-10-01,Female,Laval,Quebec,Canada,2016-04-12,Active
100115,Sarah,Thompson,1969-10-07,Male,Vancouver,British Columbia,Canada,1989-05-18,Active
100116,Emily,Harris,1975-05-25,Male,Ottawa,Ontario,Canada,2006-08-09,Active
100117,James,Lee,1992-02-07,Female,Ottawa,Ontario,Canada,2024-09-23,Active
100118,Michael,Martin,1977-01-02,Female,Ottawa,Ontario,Canada,2010-01-24,Active
100119,David,White,1952-09-24,Male,Quebec City,Quebec,Canada,1972-04-11,Active
100120,John,Smith,1959-03-27,Male,Ottawa,Ontario,Canada,2022-07-08,Active
100121,Daniel,Harris,1990-07-13,Male,Edmonton,Alberta,Canada,2019-05-23,Active
100122,Olivia,Wilson,1959-01-20,Male,Brampton,Ontario,Canada,1998-09-07,Active
100123,Jessica,Thompson,1975-04-21,Male,Moncton,New Brunswick,Canada,2022-11-17,Active
100124,Sarah,Wilson,1967-09-09,Male,Victoria,British Columbia,Canada,2009-09-22,Active
100125,Emma,Lewis,1971-08-27,Male,Red Deer,Alberta,Canada,2011-10-27,Active
100126,Emily,Anderson,1990-12-12,Male,Halifax,Nova Scotia,Canada,2021-01-21,Active
100127,John,Jackson,1959-04-29,Male,Ottawa,Ontario,Canada,1985-12-08,Active
100128,Sophia,Wilson,1988-02-24,Female,Montreal,Quebec,Canada,2008-07-10,Active
100129,Emily,Taylor,1991-12-29,Male,Brampton,Ontario,Canada,2020-02-15,Active
100130,Jessica,Lewis,2006-11-06,Male,Brampton,Ontario,Canada,2026-03-31,Active
100131,Emily,Anderson,1972-06-18,Female,Brampton,Ontario,Canada,2025-04-02,Active
100132,Emily,White,1949-07-26,Male,Victoria,British Columbia,Canada,1968-06-12,Active
100133,John,Lee,1986-01-11,Male,Edmonton,Alberta,Canada,2005-10-10,Active
100134,Emily,Martin,1991-11-02,Female,Brampton,Ontario,Canada,2026-05-13,Active
100135,Sophia,Smith,1945-12-22,Female,Victoria,British Columbia,Canada,1974-11-11,Active
100136,Robert,Thomas,1956-04-12,Male,Brampton,Ontario,Canada,2004-01-21,Active
100137,Jessica,Thomas,1965-08-18,Female,Ottawa,Ontario,Canada,2003-12-14,Inactive
100138,James,Anderson,1976-03-12,Female,Ottawa,Ontario,Canada,1999-08-26,Active
100139,William,Taylor,1976-06-05,Male,Montreal,Quebec,Canada,2019-03-18,Active
100140,Daniel,White,1956-05-15,Male,Laval,Quebec,Canada,2015-05-19,Active
100141,Ava,Thomas,1956-08-04,Male,Ottawa,Ontario,Canada,1989-03-30,Active
100142,David,Anderson,2002-12-22,Female,Hamilton,Ontario,Canada,2025-10-12,Active
100143,Robert,Jackson,1989-04-13,Male,Montreal,Quebec,Canada,2019-01-04,Active
100144,Daniel,Thomas,1975-12-15,Male,Calgary,Alberta,Canada,2000-08-26,Active
100145,Ava,Taylor,1964-11-13,Female,Brampton,Ontario,Canada,1994-07-24,Active
100146,Emma,Jackson,1973-07-30,Female,Victoria,British Columbia,Canada,1993-01-08,Active
100147,James,Lee,2004-11-02,Male,Victoria,British Columbia,Canada,2024-12-30,Inactive
100148,David,White,1963-05-14,Male,Montreal,Quebec,Canada,2005-02-15,Active
100149,Emma,Harris,1964-10-25,Male,Toronto,Ontario,Canada,1990-09-17,Active
100150,James,Lee,1972-04-13,Female,Regina,Saskatchewan,Canada,2013-08-03,Active
100151,Emma,Martin,1955-11-12,Male,Quebec City,Quebec,Canada,1989-11-30,Inactive
100152,Robert,Taylor,1950-12-22,Female,Ottawa,Ontario,Canada,1978-09-06,Active
100153,Mia,Thomas,2000-03-31,Male,Calgary,Alberta,Canada,2019-10-19,Active
100154,Robert,White,1987-02-07,Male,Edmonton,Alberta,Canada,2017-03-19,Active
100155,Daniel,White,1965-03-11,Male,Vancouver,British Columbia,Canada,2023-06-08,Active
100156,Jessica,Wilson,1979-12-14,Male,Red Deer,Alberta,Canada,2013-01-24,Active
100157,John,Brown,1975-04-03,Male,Toronto,Ontario,Canada,2013-12-29,Active
100158,Emily,Thomas,1950-04-10,Female,Calgary,Alberta,Canada,2018-09-13,Active
100159,Sarah,Lewis,1991-07-18,Male,Toronto,Ontario,Canada,2020-09-11,Active
100160,Sophia,Thompson,1950-06-13,Female,Calgary,Alberta,Canada,2015-12-11,Active
100161,Ava,Clark,1979-11-21,Male,Mississauga,Ontario,Canada,2013-05-05,Active
100162,Jessica,Wilson,1962-06-16,Female,Ottawa,Ontario,Canada,1986-07-22,Active
100163,Daniel,Jackson,1971-07-04,Male,Laval,Quebec,Canada,2014-01-04,Active
100164,Daniel,Harris,1973-10-21,Female,Red Deer,Alberta,Canada,2016-06-14,Closed
100165,Daniel,Jackson,1971-06-01,Male,Montreal,Quebec,Canada,2006-01-31,Active
100166,Emma,Jackson,1958-01-10,Female,Edmonton,Alberta,Canada,2001-06-28,Active
100167,Robert,Thomas,1949-03-31,Female,Hamilton,Ontario,Canada,1972-10-07,Active
100168,Michael,Smith,1952-04-10,Female,Toronto,Ontario,Canada,1996-07-25,Active
100169,William,Clark,1989-10-24,Female,Laval,Quebec,Canada,2025-03-14,Active
100170,James,Lewis,1950-01-25,Male,Mississauga,Ontario,Canada,1977-07-30,Active
100171,John,Brown,1975-11-19,Female,Vancouver,British Columbia,Canada,2014-11-18,Inactive
100172,John,Jackson,1963-03-22,Male,Moncton,New Brunswick,Canada,2015-03-14,Closed
100173,Sophia,White,1987-11-01,Female,Vancouver,British Columbia,Canada,2020-09-20,Active
100174,Olivia,Garcia,1983-09-01,Male,Montreal,Quebec,Canada,2023-05-18,Active
100175,Olivia,Lee,1955-08-02,Male,Montreal,Quebec,Canada,1984-03-09,Active
100176,Daniel,Jackson,1986-09-26,Female,Regina,Saskatchewan,Canada,2009-03-30,Active
100177,Olivia,Garcia,1985-06-23,Male,Victoria,British Columbia,Canada,2011-04-02,Active
100178,Michael,Lee,1961-10-27,Female,Edmonton,Alberta,Canada,1981-03-13,Inactive
100179,Mia,Clark,1997-01-09,Male,Ottawa,Ontario,Canada,2015-02-03,Active
100180,Sarah,Anderson,1971-10-04,Female,Vancouver,British Columbia,Canada,2012-03-28,Active
100181,Ava,Clark,1946-02-25,Female,Brampton,Ontario,Canada,1982-10-23,Active
100182,Michael,Jackson,1983-08-05,Female,Surrey,British Columbia,Canada,2026-03-13,Active
100183,Sarah,Smith,1972-05-17,Male,Winnipeg,Manitoba,Canada,2021-05-29,Active
100184,Olivia,Garcia,1966-09-06,Male,Winnipeg,Manitoba,Canada,2013-03-07,Active
100185,Sarah,Clark,1972-05-27,Male,Toronto,Ontario,Canada,2020-02-20,Active
100186,Daniel,Thomas,2005-08-26,Male,Edmonton,Alberta,Canada,2024-05-30,Active
100187,Michael,Jackson,1968-06-14,Female,Toronto,Ontario,Canada,2014-08-14,Active
100188,William,Thomas,1987-08-23,Male,Quebec City,Quebec,Canada,2023-12-28,Active
100189,David,Brown,1997-07-26,Male,Surrey,British Columbia,Canada,2017-04-26,Inactive
100190,Robert,Lee,1980-06-10,Male,Laval,Quebec,Canada,2013-08-17,Active
100191,Olivia,Smith,2000-01-31,Female,Toronto,Ontario,Canada,2026-07-31,Active
100192,Jessica,Harris,1975-05-15,Male,Surrey,British Columbia,Canada,2010-05-05,Active
100193,Jessica,Smith,1958-03-11,Male,Surrey,British Columbia,Canada,2017-05-28,Active
100194,William,Thompson,1974-12-29,Male,Montreal,Quebec,Canada,1994-12-03,Active
100195,Ava,Lewis,1951-10-07,Male,Quebec City,Quebec,Canada,1989-06-14,Active
100196,John,Martin,1962-05-18,Female,Vancouver,British Columbia,Canada,1983-03-09,Active
100197,William,Martin,1956-12-12,Male,Laval,Quebec,Canada,2012-01-04,Active
100198,John,Clark,1948-11-12,Female,Brampton,Ontario,Canada,2001-07-04,Active
100199,William,Lee,1953-09-04,Female,Montreal,Quebec,Canada,1982-06-25,Active
100200,Ava,Clark,1996-10-15,Female,Vancouver,British Columbia,Canada,2024-05-15,Active
100201,William,Taylor,1998-01-22,Female,Mississauga,Ontario,Canada,2021-10-20,Active
100202,Mia,Harris,2001-01-15,Female,Brampton,Ontario,Canada,2024-10-13,Inactive
100203,Sarah,Clark,1945-07-26,Male,Saskatoon,Saskatchewan,Canada,2008-07-28,Active
100204,Olivia,Anderson,2005-05-24,Male,Red Deer,Alberta,Canada,2026-06-22,Active
100205,Daniel,Thompson,1965-08-02,Female,Victoria,British Columbia,Canada,1993-06-23,Active
100206,David,Smith,1969-06-13,Female,Red Deer,Alberta,Canada,2007-03-02,Active
100207,Sophia,Lewis,1955-05-13,Female,Moncton,New Brunswick,Canada,1981-12-31,Active
100208,Ava,Martin,2003-08-16,Male,Montreal,Quebec,Canada,2024-10-02,Active
100209,David,Garcia,2006-11-29,Male,Mississauga,Ontario,Canada,2025-07-19,Active
100210,Sophia,Clark,1988-04-01,Male,Vancouver,British Columbia,Canada,2019-01-20,Active
100211,David,Taylor,1948-09-26,Male,Saskatoon,Saskatchewan,Canada,1971-03-15,Active
100212,Olivia,Jackson,1970-08-05,Male,Vancouver,British Columbia,Canada,2003-01-26,Active
100213,Sophia,Clark,1961-07-20,Male,Ottawa,Ontario,Canada,2001-05-01,Active
100214,Daniel,Wilson,2001-11-13,Female,Regina,Saskatchewan,Canada,2019-11-20,Active
100215,Sophia,Clark,1985-01-14,Female,Edmonton,Alberta,Canada,2006-03-12,Active
100216,Robert,Anderson,2005-01-06,Female,Montreal,Quebec,Canada,2026-01-29,Active
100217,John,Harris,1996-07-30,Female,St. John's,Newfoundland and Labrador,Canada,2020-06-25,Active
100218,John,White,1977-08-21,Male,Victoria,British Columbia,Canada,1997-09-19,Active
100219,Daniel,Thompson,1961-10-22,Male,Red Deer,Alberta,Canada,1986-05-15,Active
100220,Mia,Clark,1993-02-12,Female,Halifax,Nova Scotia,Canada,2026-01-12,Active
100221,John,Thomas,1987-12-02,Female,Ottawa,Ontario,Canada,2009-06-18,Active
100222,Daniel,Wilson,1992-12-04,Female,Red Deer,Alberta,Canada,2024-03-17,Active
100223,Olivia,Jackson,2002-09-26,Female,Hamilton,Ontario,Canada,2022-03-13,Active
100224,David,Martin,1982-05-10,Female,Red Deer,Alberta,Canada,2003-02-01,Active
100225,Olivia,Garcia,1986-01-08,Female,Winnipeg,Manitoba,Canada,2023-01-04,Active
100226,Robert,Garcia,1970-08-20,Female,Red Deer,Alberta,Canada,1993-04-11,Active
100227,Emma,Thomas,1974-12-30,Female,Calgary,Alberta,Canada,2020-06-22,Active
100228,Emily,Lee,1952-06-18,Male,Calgary,Alberta,Canada,2011-11-22,Active
100229,Emily,Brown,1956-01-29,Male,Toronto,Ontario,Canada,2026-02-19,Active
100230,Michael,Brown,2006-11-14,Male,Montreal,Quebec,Canada,2025-11-05,Active
100231,Daniel,Smith,1955-04-01,Female,Mississauga,Ontario,Canada,2022-11-06,Active
100232,Emma,Lewis,1948-07-07,Female,Red Deer,Alberta,Canada,2005-07-19,Active
100233,James,Wilson,1994-04-25,Male,Vancouver,British Columbia,Canada,2012-07-30,Active
100234,Sophia,Martin,1952-06-30,Male,Victoria,British Columbia,Canada,1986-10-12,Active
100235,Sarah,Clark,1973-01-29,Female,Toronto,Ontario,Canada,1991-08-03,Active
100236,Olivia,Garcia,1967-08-12,Male,Victoria,British Columbia,Canada,2021-11-21,Inactive
100237,Jessica,Lee,1970-03-29,Female,Quebec City,Quebec,Canada,2003-11-13,Active
100238,Daniel,Smith,1969-02-09,Male,Charlottetown,Prince Edward Island,Canada,2008-08-02,Active
100239,Robert,Jackson,1946-04-11,Male,Edmonton,Alberta,Canada,2014-06-10,Active
100240,Jessica,White,1960-10-30,Male,Quebec City,Quebec,Canada,2005-11-17,Active
100241,Michael,Thompson,1984-05-27,Male,Red Deer,Alberta,Canada,2024-10-12,Active
100242,Emily,Martin,1948-12-01,Male,Mississauga,Ontario,Canada,2026-02-07,Active
100243,John,Harris,1960-09-24,Male,Toronto,Ontario,Canada,1988-05-25,Active
100244,Jessica,Anderson,2000-08-30,Male,Surrey,British Columbia,Canada,2024-11-02,Active
100245,Jessica,Brown,1985-03-28,Male,Surrey,British Columbia,Canada,2007-09-01,Active
100246,John,Jackson,1976-05-02,Female,Ottawa,Ontario,Canada,2016-08-08,Active
100247,Sophia,Taylor,1978-05-28,Male,Mississauga,Ontario,Canada,2012-09-05,Active
100248,Daniel,Harris,2005-02-06,Male,Montreal,Quebec,Canada,2026-03-11,Active
100249,Sophia,Garcia,1947-02-06,Male,Toronto,Ontario,Canada,1976-02-19,Active
100250,James,Harris,1999-04-24,Female,Laval,Quebec,Canada,2026-08-01,Active
100251,Michael,Harris,1974-02-11,Female,Montreal,Quebec,Canada,2009-08-23,Active
100252,Sarah,Smith,1975-02-14,Female,Saskatoon,Saskatchewan,Canada,2020-05-18,Closed
100253,Michael,Martin,1958-06-06,Female,Toronto,Ontario,Canada,2017-03-28,Active
100254,Robert,Jackson,1968-06-16,Male,Brampton,Ontario,Canada,2018-11-18,Active
100255,Jessica,Brown,1978-03-08,Female,Toronto,Ontario,Canada,2003-08-05,Active
100256,Michael,Taylor,1960-01-25,Male,Brampton,Ontario,Canada,1987-05-14,Active
100257,Olivia,Garcia,1966-01-13,Female,Red Deer,Alberta,Canada,1987-12-15,Active
100258,John,Lewis,2006-07-25,Male,Montreal,Quebec,Canada,2026-05-26,Inactive
100259,Michael,White,1995-06-07,Male,Hamilton,Ontario,Canada,2021-06-18,Active
100260,Emily,Lee,1982-02-12,Female,Regina,Saskatchewan,Canada,2023-07-07,Active
100261,Sophia,Wilson,1962-06-13,Female,Red Deer,Alberta,Canada,1995-12-25,Active
100262,Michael,Anderson,1996-12-18,Female,Ottawa,Ontario,Canada,2021-12-13,Active
100263,Robert,Lewis,1998-01-20,Male,Hamilton,Ontario,Canada,2016-08-27,Active
100264,Mia,Wilson,2006-01-13,Male,Edmonton,Alberta,Canada,2025-09-29,Active
100265,Ava,Martin,1986-02-03,Male,Victoria,British Columbia,Canada,2024-06-17,Active
100266,Emily,Taylor,1958-02-09,Male,Halifax,Nova Scotia,Canada,2007-08-24,Active
100267,Daniel,Anderson,1967-09-25,Male,Toronto,Ontario,Canada,2020-07-21,Active
100268,William,White,2002-04-07,Male,Red Deer,Alberta,Canada,2023-10-03,Active
100269,Jessica,Thomas,1950-07-04,Female,Toronto,Ontario,Canada,1993-12-01,Active
100270,Emily,Lewis,1994-01-19,Male,Toronto,Ontario,Canada,2014-09-24,Active
100271,Robert,Lee,1975-08-01,Female,Red Deer,Alberta,Canada,2001-08-13,Active
100272,James,White,1972-08-22,Female,Vancouver,British Columbia,Canada,2014-05-02,Active
100273,Michael,White,1954-02-04,Female,Toronto,Ontario,Canada,1993-11-02,Active
100274,Ava,Smith,2003-10-10,Male,Hamilton,Ontario,Canada,2023-08-18,Active
100275,Daniel,Taylor,1957-03-04,Male,Edmonton,Alberta,Canada,2003-12-12,Active
100276,Sarah,Smith,1981-03-01,Male,Mississauga,Ontario,Canada,2013-12-01,Active
100277,Sarah,Clark,1978-09-08,Female,Brampton,Ontario,Canada,2020-10-04,Active
100278,Sophia,Taylor,1968-10-20,Male,Ottawa,Ontario,Canada,2022-09-22,Active
100279,James,Thomas,1953-03-06,Male,Brampton,Ontario,Canada,1978-03-19,Active
100280,John,Clark,1954-01-27,Female,Edmonton,Alberta,Canada,1978-01-12,Active
100281,Robert,Thompson,1984-02-29,Female,Toronto,Ontario,Canada,2022-05-15,Active
100282,Sarah,Martin,1989-11-09,Female,Montreal,Quebec,Canada,2025-10-29,Active
100283,Olivia,Smith,1959-04-09,Male,Vancouver,British Columbia,Canada,2003-11-10,Active
100284,Sarah,Harris,1992-10-06,Female,Brampton,Ontario,Canada,2019-10-19,Active
100285,Daniel,Harris,1987-02-03,Male,Surrey,British Columbia,Canada,2020-09-13,Inactive
100286,Ava,Anderson,1957-01-13,Male,Ottawa,Ontario,Canada,2024-01-28,Active
100287,Michael,Garcia,1968-03-13,Female,Red Deer,Alberta,Canada,2000-08-28,Active
100288,Emily,Lewis,1967-06-05,Female,Edmonton,Alberta,Canada,1993-09-13,Active
100289,Emily,Taylor,1978-12-08,Male,Red Deer,Alberta,Canada,2021-03-26,Active
100290,Sarah,Anderson,1947-06-20,Male,Brampton,Ontario,Canada,1968-10-15,Active
100291,Emma,Anderson,2003-12-11,Male,Edmonton,Alberta,Canada,2022-06-07,Active
100292,Robert,Clark,1979-02-08,Female,Surrey,British Columbia,Canada,2015-06-19,Active
100293,Ava,Brown,1987-03-20,Female,Toronto,Ontario,Canada,2011-12-30,Active
100294,Robert,Lewis,1981-10-21,Male,Mississauga,Ontario,Canada,2013-12-15,Active
100295,Emily,Garcia,1969-03-13,Male,Hamilton,Ontario,Canada,2006-11-21,Active
100296,Sarah,White,1997-06-10,Female,Mississauga,Ontario,Canada,2023-09-09,Active
100297,Emma,Harris,1964-05-24,Female,Hamilton,Ontario,Canada,1989-12-18,Active
100298,Daniel,Lewis,1945-08-24,Male,Regina,Saskatchewan,Canada,2001-07-19,Active
100299,Robert,Garcia,1979-05-05,Female,Charlottetown,Prince Edward Island,Canada,2019-04-25,Active
100300,James,Anderson,1951-07-16,Female,Toronto,Ontario,Canada,1998-12-02,Active
100301,William,Smith,1995-09-21,Male,Halifax,Nova Scotia,Canada,2017-09-16,Active
100302,Emma,Martin,1945-12-27,Female,Surrey,British Columbia,Canada,2020-07-22,Active
100303,James,Wilson,1957-03-09,Female,Quebec City,Quebec,Canada,1981-11-25,Active
100304,Mia,Brown,2003-07-02,Female,Halifax,Nova Scotia,Canada,2023-03-04,Active
100305,Emily,Lee,1960-07-16,Female,Victoria,British Columbia,Canada,2004-12-28,Active
100306,Michael,White,1976-04-24,Female,Quebec City,Quebec,Canada,2003-02-05,Active
100307,Robert,Martin,1999-01-20,Female,Mississauga,Ontario,Canada,2023-04-28,Active
100308,Emily,Taylor,1959-07-01,Male,Ottawa,Ontario,Canada,2017-01-10,Active
100309,Robert,Brown,1962-11-29,Female,Regina,Saskatchewan,Canada,2005-02-27,Active
100310,John,Smith,1945-03-15,Male,Mississauga,Ontario,Canada,1985-07-08,Active
100311,Jessica,Thomas,1994-07-20,Male,Hamilton,Ontario,Canada,2021-01-27,Active
100312,Olivia,Smith,1950-01-30,Male,Toronto,Ontario,Canada,2001-01-25,Active
100313,John,Jackson,2005-08-10,Female,Laval,Quebec,Canada,2026-02-03,Active
100314,Robert,Anderson,1989-05-15,Female,Brampton,Ontario,Canada,2019-03-21,Active
100315,David,White,1963-10-04,Female,Regina,Saskatchewan,Canada,1982-01-12,Active
100316,Jessica,Harris,1974-04-04,Female,Quebec City,Quebec,Canada,2002-05-22,Active
100317,Olivia,Anderson,1976-08-02,Male,Winnipeg,Manitoba,Canada,2006-04-12,Active
100318,Olivia,Jackson,1990-04-08,Female,Quebec City,Quebec,Canada,2014-10-24,Active
100319,Ava,Brown,1967-05-10,Female,Montreal,Quebec,Canada,2020-11-14,Active
100320,Sophia,Anderson,1960-09-15,Male,Mississauga,Ontario,Canada,1980-08-27,Active
100321,Robert,Lee,1952-05-02,Female,Toronto,Ontario,Canada,2012-03-30,Active
100322,John,Lee,1971-09-10,Female,Edmonton,Alberta,Canada,2000-01-11,Active
100323,Jessica,White,1974-04-28,Male,Edmonton,Alberta,Canada,2011-03-28,Active
100324,Mia,Lee,1983-04-21,Female,Montreal,Quebec,Canada,2009-07-28,Active
100325,Ava,White,1996-07-09,Male,Winnipeg,Manitoba,Canada,2015-05-14,Active
100326,David,Brown,1957-05-17,Male,Edmonton,Alberta,Canada,1976-03-26,Active
100327,David,Lewis,1958-01-16,Male,Brampton,Ontario,Canada,1995-11-07,Active
100328,James,Jackson,1962-02-11,Male,Vancouver,British Columbia,Canada,2018-06-08,Active
100329,Michael,Martin,1954-04-22,Male,Calgary,Alberta,Canada,1991-03-10,Active
100330,Emily,Martin,1952-12-02,Female,Edmonton,Alberta,Canada,2020-04-10,Active
100331,Emily,Anderson,1994-05-16,Male,Ottawa,Ontario,Canada,2025-06-21,Active
100332,William,Garcia,1988-11-04,Female,Mississauga,Ontario,Canada,2010-05-10,Active
100333,Robert,White,1996-04-09,Female,Montreal,Quebec,Canada,2024-08-12,Closed
100334,Emma,Thomas,1980-09-07,Male,Mississauga,Ontario,Canada,2015-08-17,Active
100335,Daniel,Anderson,1995-06-19,Male,Mississauga,Ontario,Canada,2020-10-29,Active
100336,Emma,Garcia,1972-01-06,Female,Vancouver,British Columbia,Canada,2006-03-19,Active
100337,Ava,Taylor,1999-06-28,Female,Montreal,Quebec,Canada,2026-03-27,Active
100338,Robert,Brown,1979-09-28,Female,Brampton,Ontario,Canada,2001-06-09,Active
100339,David,Lewis,1946-02-10,Male,Montreal,Quebec,Canada,1964-06-18,Active
100340,Ava,Anderson,1954-09-12,Female,Brampton,Ontario,Canada,1974-01-17,Active
100341,Jessica,Martin,1976-07-15,Female,Mississauga,Ontario,Canada,2022-12-20,Inactive
100342,Robert,Thompson,1995-03-19,Female,Red Deer,Alberta,Canada,2022-02-20,Active
100343,Jessica,Clark,1953-04-05,Male,Winnipeg,Manitoba,Canada,1999-07-18,Active
100344,Sarah,Martin,1991-08-06,Female,Hamilton,Ontario,Canada,2010-12-15,Active
100345,Mia,Thompson,2000-01-08,Male,Red Deer,Alberta,Canada,2019-03-05,Active
100346,David,Clark,1955-06-20,Female,Winnipeg,Manitoba,Canada,2020-11-13,Active
100347,Ava,Lee,1978-11-29,Female,Surrey,British Columbia,Canada,2022-11-22,Active
100348,Ava,Smith,1999-10-20,Female,St. John's,Newfoundland and Labrador,Canada,2024-10-19,Active
100349,Michael,Garcia,1963-06-13,Male,Hamilton,Ontario,Canada,2021-01-25,Active
100350,Michael,Wilson,1968-10-26,Female,Hamilton,Ontario,Canada,2015-09-06,Active
100351,Sarah,Lewis,1972-04-28,Male,Edmonton,Alberta,Canada,2017-10-04,Active
100352,James,Smith,1973-03-17,Male,Montreal,Quebec,Canada,2021-02-02,Active
100353,Robert,Taylor,1964-12-07,Female,Mississauga,Ontario,Canada,2002-09-22,Active
100354,Daniel,Wilson,1977-06-20,Female,Mississauga,Ontario,Canada,1998-10-17,Active
100355,Ava,Martin,1961-01-05,Male,Ottawa,Ontario,Canada,1984-09-03,Active
100356,Ava,Smith,1993-12-14,Female,Toronto,Ontario,Canada,2021-03-05,Active
100357,Michael,Smith,1987-01-03,Male,Mississauga,Ontario,Canada,2009-03-13,Active
100358,Mia,White,1954-05-02,Female,Moncton,New Brunswick,Canada,1983-07-19,Inactive
100359,John,Lee,1997-08-07,Female,Mississauga,Ontario,Canada,2025-05-15,Active
100360,Sophia,White,1960-09-11,Female,Calgary,Alberta,Canada,2003-08-18,Active
100361,Emma,Jackson,1977-04-29,Female,Mississauga,Ontario,Canada,2010-02-22,Active
100362,Mia,Martin,2002-12-29,Female,Toronto,Ontario,Canada,2023-01-10,Active
100363,David,Harris,1986-12-15,Male,Winnipeg,Manitoba,Canada,2010-10-09,Inactive
100364,Mia,Thomas,2003-01-30,Female,Hamilton,Ontario,Canada,2021-10-06,Active
100365,John,Harris,1981-12-22,Male,Ottawa,Ontario,Canada,2025-01-04,Active
100366,Sarah,Smith,1994-12-19,Male,Red Deer,Alberta,Canada,2023-01-11,Active
100367,Sarah,Taylor,1973-03-21,Female,Ottawa,Ontario,Canada,2021-09-15,Inactive
100368,Robert,Thompson,1954-08-11,Male,Hamilton,Ontario,Canada,1988-12-05,Inactive
100369,James,Thomas,1955-03-03,Male,Moncton,New Brunswick,Canada,1978-10-29,Active
100370,Sophia,Smith,1981-06-26,Female,Montreal,Quebec,Canada,2002-10-28,Active
100371,William,Brown,1953-01-25,Male,Victoria,British Columbia,Canada,2025-05-09,Active
100372,Jessica,Clark,1972-02-05,Male,Ottawa,Ontario,Canada,2022-04-04,Active
100373,Daniel,Anderson,1973-03-08,Male,Ottawa,Ontario,Canada,2024-02-29,Active
100374,William,Smith,1949-01-31,Male,Montreal,Quebec,Canada,1975-02-08,Active
100375,Mia,Thompson,1997-05-08,Female,Surrey,British Columbia,Canada,2020-01-28,Active
100376,John,White,1948-10-04,Female,Ottawa,Ontario,Canada,1979-01-23,Active
100377,Sophia,Jackson,1963-10-31,Female,Winnipeg,Manitoba,Canada,2007-12-30,Active
100378,Sophia,Lewis,1997-12-24,Male,Edmonton,Alberta,Canada,2016-03-25,Active
100379,William,Anderson,1946-05-15,Female,Montreal,Quebec,Canada,1988-12-29,Inactive
100380,David,Harris,1949-09-13,Male,Montreal,Quebec,Canada,1998-04-12,Active
100381,James,Garcia,1997-02-26,Female,Surrey,British Columbia,Canada,2018-04-16,Active
100382,Ava,Martin,1961-02-04,Female,Victoria,British Columbia,Canada,2018-05-10,Active
100383,Ava,Taylor,2001-05-20,Male,Brampton,Ontario,Canada,2019-12-02,Active
100384,David,Thompson,1953-06-30,Female,Edmonton,Alberta,Canada,2018-06-16,Active
100385,James,Garcia,1954-04-27,Female,Quebec City,Quebec,Canada,1972-11-14,Active
100386,John,Brown,1980-03-25,Male,Saskatoon,Saskatchewan,Canada,2019-05-19,Closed
100387,John,Wilson,2004-01-25,Female,Halifax,Nova Scotia,Canada,2025-02-12,Active
100388,Emma,Thompson,1991-11-18,Female,Mississauga,Ontario,Canada,2017-10-16,Active
100389,Mia,Brown,1982-05-24,Male,Brampton,Ontario,Canada,2001-08-29,Active
100390,Michael,Lewis,1960-09-15,Male,Laval,Quebec,Canada,2021-05-13,Active
100391,Sophia,Brown,1948-05-11,Female,Montreal,Quebec,Canada,2021-04-12,Active
100392,Michael,Lee,1993-04-08,Female,Calgary,Alberta,Canada,2023-01-30,Active
100393,William,Thompson,1951-05-30,Female,Mississauga,Ontario,Canada,2023-11-30,Active
100394,Emily,Jackson,1955-01-09,Female,Surrey,British Columbia,Canada,2020-09-21,Active
100395,Olivia,Anderson,1971-10-10,Female,Halifax,Nova Scotia,Canada,2020-04-02,Active
100396,Mia,Thomas,1966-06-22,Male,Charlottetown,Prince Edward Island,Canada,1994-07-30,Active
100397,James,Garcia,1998-08-07,Male,Mississauga,Ontario,Canada,2024-12-18,Active
100398,Michael,Garcia,1959-04-20,Male,Saint John,New Brunswick,Canada,2006-12-25,Active
100399,Robert,Taylor,1985-01-30,Female,Hamilton,Ontario,Canada,2004-12-05,Active
100400,Robert,Harris,1972-08-15,Female,Laval,Quebec,Canada,1991-05-26,Active
100401,Ava,Lee,1959-01-16,Female,Brampton,Ontario,Canada,1989-09-12,Active
100402,Sophia,Taylor,2005-10-20,Male,Surrey,British Columbia,Canada,2025-04-17,Active
100403,Robert,Thompson,1994-01-25,Female,Brampton,Ontario,Canada,2026-03-11,Inactive
100404,Ava,Wilson,1990-06-02,Female,Hamilton,Ontario,Canada,2024-06-02,Active
100405,Sarah,Clark,1972-11-30,Male,Toronto,Ontario,Canada,2025-08-11,Active
100406,Sarah,Wilson,1956-12-17,Male,Regina,Saskatchewan,Canada,2013-02-21,Active
100407,Daniel,Anderson,1984-09-15,Female,Quebec City,Quebec,Canada,2005-10-04,Active
100408,Michael,Jackson,2004-11-19,Female,Victoria,British Columbia,Canada,2025-10-26,Active
100409,Ava,Thomas,1960-10-05,Female,Victoria,British Columbia,Canada,1997-03-09,Active
100410,James,Wilson,1986-12-04,Male,Brampton,Ontario,Canada,2011-10-27,Active
100411,Michael,Martin,1998-02-01,Female,Hamilton,Ontario,Canada,2021-09-12,Active
100412,David,Smith,1972-08-12,Male,Brampton,Ontario,Canada,2004-12-19,Active
100413,Robert,Lee,1949-01-14,Male,Laval,Quebec,Canada,2004-08-21,Active
100414,John,Smith,2001-09-21,Female,Halifax,Nova Scotia,Canada,2026-07-28,Active
100415,James,Thomas,1950-09-17,Male,Hamilton,Ontario,Canada,1987-04-08,Active
100416,Olivia,Lewis,1992-01-22,Female,Vancouver,British Columbia,Canada,2014-07-01,Active
100417,Ava,Wilson,1974-02-24,Male,Red Deer,Alberta,Canada,2025-08-22,Active
100418,John,Brown,1989-12-09,Male,Winnipeg,Manitoba,Canada,2009-07-20,Active
100419,Robert,Garcia,1988-06-07,Male,Hamilton,Ontario,Canada,2023-06-24,Active
100420,Sarah,Brown,1956-08-28,Female,Saskatoon,Saskatchewan,Canada,1994-11-21,Active
100421,Mia,Lewis,1950-02-23,Male,Victoria,British Columbia,Canada,2024-07-08,Active
100422,Olivia,Jackson,1952-01-23,Male,Montreal,Quebec,Canada,2013-06-28,Active
100423,Sophia,Lewis,1956-08-12,Male,Calgary,Alberta,Canada,1982-01-15,Inactive
100424,Emily,Taylor,1998-07-14,Male,Ottawa,Ontario,Canada,2021-11-02,Closed
100425,Daniel,Wilson,1949-07-04,Female,Red Deer,Alberta,Canada,1983-02-27,Active
100426,Michael,Lee,1986-11-07,Male,Vancouver,British Columbia,Canada,2005-10-21,Active
100427,Emma,Garcia,1968-02-21,Male,Red Deer,Alberta,Canada,2011-01-23,Active
100428,Emma,Lewis,1995-06-27,Female,Calgary,Alberta,Canada,2022-03-31,Active
100429,James,Anderson,1981-09-20,Male,Victoria,British Columbia,Canada,2021-09-15,Active
100430,Olivia,Jackson,1992-03-29,Female,Hamilton,Ontario,Canada,2022-04-28,Active
100431,John,Harris,1996-02-05,Male,Mississauga,Ontario,Canada,2021-09-30,Inactive
100432,Sophia,Jackson,2000-11-23,Female,Winnipeg,Manitoba,Canada,2023-07-31,Active
100433,Emma,Taylor,1994-06-30,Male,Vancouver,British Columbia,Canada,2021-03-11,Active
100434,John,Thomas,1967-08-29,Male,Winnipeg,Manitoba,Canada,1992-09-07,Active
100435,Daniel,Martin,2001-12-06,Male,Brampton,Ontario,Canada,2024-03-25,Active
100436,John,Smith,1966-01-23,Female,Quebec City,Quebec,Canada,1992-03-14,Active
100437,Emily,Thomas,1980-11-18,Male,Red Deer,Alberta,Canada,2014-12-09,Active
100438,Mia,Anderson,1958-12-03,Female,Edmonton,Alberta,Canada,1997-03-08,Active
100439,John,Brown,1995-03-03,Female,Mississauga,Ontario,Canada,2024-08-03,Closed
100440,William,Brown,1950-08-23,Male,Ottawa,Ontario,Canada,1989-06-05,Active
100441,Ava,White,2004-08-03,Male,Winnipeg,Manitoba,Canada,2022-08-13,Active
100442,Robert,Brown,1974-06-03,Male,Red Deer,Alberta,Canada,1995-11-29,Inactive
100443,John,Thomas,1997-06-09,Female,Laval,Quebec,Canada,2017-09-26,Active
100444,Sarah,Harris,1975-05-22,Female,Montreal,Quebec,Canada,2021-12-26,Active
100445,Sarah,Lewis,1952-10-28,Female,Toronto,Ontario,Canada,2013-02-20,Inactive
100446,Jessica,Brown,1951-03-18,Male,Quebec City,Quebec,Canada,2022-05-03,Active
100447,Robert,Jackson,1999-08-31,Female,Brampton,Ontario,Canada,2024-04-07,Active
100448,Ava,Brown,1982-01-08,Male,Ottawa,Ontario,Canada,2003-11-07,Active
100449,Sarah,Jackson,1952-12-03,Male,Red Deer,Alberta,Canada,1973-07-16,Active
100450,Robert,White,1966-11-22,Male,Mississauga,Ontario,Canada,2008-05-20,Active
100451,Ava,Garcia,1980-01-12,Male,Red Deer,Alberta,Canada,2013-04-28,Active
100452,Mia,Jackson,1972-09-28,Female,Quebec City,Quebec,Canada,2006-03-07,Active
100453,Sarah,Lee,1948-08-31,Female,Ottawa,Ontario,Canada,2002-01-30,Active
100454,James,Wilson,1976-02-18,Male,Ottawa,Ontario,Canada,2007-06-10,Active
100455,Emily,Smith,1954-12-20,Male,Brampton,Ontario,Canada,1985-08-07,Active
100456,Emily,Smith,1963-07-25,Female,Victoria,British Columbia,Canada,2007-09-27,Active
100457,Michael,Thomas,1986-01-08,Female,Regina,Saskatchewan,Canada,2012-12-23,Active
100458,Jessica,Wilson,1987-02-27,Male,Edmonton,Alberta,Canada,2014-12-10,Active
100459,Emma,Brown,1948-12-28,Male,Calgary,Alberta,Canada,2016-05-03,Active
100460,John,Taylor,1976-02-14,Female,Calgary,Alberta,Canada,2008-10-25,Inactive
100461,Olivia,Lee,1960-02-12,Female,Red Deer,Alberta,Canada,2023-09-24,Active
100462,Michael,Clark,1971-10-23,Female,Quebec City,Quebec,Canada,1995-02-07,Active
100463,Sophia,Smith,1994-09-18,Male,Vancouver,British Columbia,Canada,2021-10-16,Active
100464,Daniel,Lewis,1969-10-21,Female,Quebec City,Quebec,Canada,2015-06-03,Active
100465,James,Taylor,1980-12-05,Male,Ottawa,Ontario,Canada,2001-08-08,Active
100466,Ava,Jackson,1945-06-29,Female,Victoria,British Columbia,Canada,2000-02-16,Active
100467,Michael,Anderson,1975-01-08,Male,Victoria,British Columbia,Canada,2017-03-04,Active
100468,Emily,Jackson,1992-08-02,Male,Ottawa,Ontario,Canada,2011-06-26,Inactive
100469,Michael,Garcia,1984-11-13,Male,Halifax,Nova Scotia,Canada,2022-06-02,Active
100470,Mia,Thompson,2004-11-20,Male,Toronto,Ontario,Canada,2024-04-21,Active
100471,Sophia,Harris,1993-06-15,Male,Surrey,British Columbia,Canada,2021-03-31,Active
100472,Emma,Martin,1952-04-01,Female,Moncton,New Brunswick,Canada,1982-07-14,Active
100473,Daniel,Thompson,1947-10-26,Female,Toronto,Ontario,Canada,1974-05-15,Active
100474,Sarah,Wilson,1962-03-27,Female,Regina,Saskatchewan,Canada,1998-05-05,Active
100475,Jessica,Thomas,1995-03-23,Male,Calgary,Alberta,Canada,2015-04-08,Active
100476,Sophia,Brown,1997-05-10,Male,Vancouver,British Columbia,Canada,2016-09-12,Active
100477,Emma,Thompson,1989-09-10,Male,Halifax,Nova Scotia,Canada,2018-07-16,Active
100478,James,Jackson,1988-08-24,Male,Surrey,British Columbia,Canada,2018-11-13,Active
100479,Jessica,Martin,1986-02-19,Male,Quebec City,Quebec,Canada,2024-12-26,Active
100480,John,Harris,1963-09-06,Female,Surrey,British Columbia,Canada,2007-11-04,Active
100481,Robert,Anderson,1986-11-19,Female,Montreal,Quebec,Canada,2016-10-23,Active
100482,Emma,Wilson,1984-12-02,Male,Ottawa,Ontario,Canada,2016-12-29,Active
100483,David,Lee,1949-03-10,Female,Toronto,Ontario,Canada,2026-03-19,Active
100484,Sophia,Anderson,2001-10-14,Female,Hamilton,Ontario,Canada,2022-04-21,Active
100485,Daniel,Brown,1991-09-17,Male,Red Deer,Alberta,Canada,2021-05-06,Active
100486,David,Anderson,1957-11-02,Female,Halifax,Nova Scotia,Canada,2012-07-15,Active
100487,William,Lewis,1962-02-11,Male,Saint John,New Brunswick,Canada,1988-03-16,Active
100488,Sarah,Taylor,1986-10-26,Male,Toronto,Ontario,Canada,2023-03-25,Active
100489,Sophia,Lee,1959-05-13,Female,Laval,Quebec,Canada,1998-02-08,Active
100490,Jessica,Jackson,1995-02-26,Female,Laval,Quebec,Canada,2018-10-12,Active
100491,Mia,Clark,1973-08-13,Male,Ottawa,Ontario,Canada,1999-06-18,Active
100492,Mia,Martin,1950-01-02,Male,Montreal,Quebec,Canada,1993-05-29,Active
100493,Sophia,Smith,1987-07-23,Female,Mississauga,Ontario,Canada,2017-10-25,Active
100494,Jessica,White,2002-11-15,Male,Halifax,Nova Scotia,Canada,2026-01-29,Active
100495,Robert,Jackson,1964-11-29,Female,Mississauga,Ontario,Canada,1996-09-14,Active
100496,Daniel,Taylor,2004-06-09,Female,Edmonton,Alberta,Canada,2024-12-29,Active
100497,John,Harris,1989-05-22,Male,Winnipeg,Manitoba,Canada,2024-03-14,Active
100498,William,Brown,1990-03-08,Female,Vancouver,British Columbia,Canada,2017-08-08,Active
100499,Mia,Thompson,1966-09-17,Female,Mississauga,Ontario,Canada,1993-01-29,Active
100500,Daniel,Clark,1976-06-25,Female,Hamilton,Ontario,Canada,2018-03-16,Active
100501,John,Brown,1957-12-30,Male,Moncton,New Brunswick,Canada,2004-11-18,Active
100502,Jessica,White,1982-01-18,Male,Mississauga,Ontario,Canada,2008-04-20,Active
100503,Ava,Martin,1998-02-24,Male,Hamilton,Ontario,Canada,2025-03-18,Active
100504,Mia,Smith,1984-11-07,Female,Saint John,New Brunswick,Canada,2003-08-18,Active
100505,Robert,Thomas,1999-01-20,Female,Edmonton,Alberta,Canada,2026-05-18,Active
100506,Daniel,Taylor,1953-09-16,Female,Vancouver,British Columbia,Canada,2010-04-14,Active
100507,Sarah,Smith,1982-04-09,Female,Toronto,Ontario,Canada,2018-04-27,Active
100508,David,Clark,1962-07-30,Male,Laval,Quebec,Canada,2010-05-09,Active
100509,Robert,Jackson,1979-07-10,Male,Edmonton,Alberta,Canada,2026-04-25,Active
100510,David,Garcia,1950-05-10,Female,Mississauga,Ontario,Canada,1993-05-06,Active
100511,Ava,Harris,1968-02-20,Female,Hamilton,Ontario,Canada,2026-02-07,Active
100512,Sophia,Lewis,1967-05-04,Female,Brampton,Ontario,Canada,1987-03-27,Closed
100513,Emma,Lee,1977-03-29,Male,Vancouver,British Columbia,Canada,2024-06-09,Active
100514,Emma,Martin,1990-12-10,Male,Ottawa,Ontario,Canada,2025-08-09,Active
100515,Ava,Thomas,1980-02-23,Female,Red Deer,Alberta,Canada,2005-11-15,Active
100516,John,Jackson,1999-10-15,Male,Toronto,Ontario,Canada,2024-04-10,Active
100517,Mia,Clark,1961-11-29,Male,Hamilton,Ontario,Canada,1998-01-26,Active
100518,James,Jackson,1967-05-23,Female,Saint John,New Brunswick,Canada,2001-04-21,Inactive
100519,Sarah,White,1973-10-01,Female,Saint John,New Brunswick,Canada,2010-01-27,Active
100520,Emily,Wilson,1982-10-25,Female,Victoria,British Columbia,Canada,2006-01-05,Active
100521,William,Lee,1997-07-19,Female,Saskatoon,Saskatchewan,Canada,2018-02-11,Active
100522,Michael,Martin,1981-06-22,Female,Ottawa,Ontario,Canada,2014-07-29,Active
100523,Michael,Anderson,2004-05-28,Male,Montreal,Quebec,Canada,2026-08-19,Active
100524,Emma,Harris,1973-10-08,Male,Ottawa,Ontario,Canada,1992-07-05,Active
100525,Robert,Jackson,1977-05-11,Female,Montreal,Quebec,Canada,2009-10-15,Active
100526,Robert,Wilson,1987-09-26,Male,Calgary,Alberta,Canada,2015-04-22,Active
100527,Mia,Lewis,1953-03-30,Female,Edmonton,Alberta,Canada,2012-09-15,Active
100528,Michael,Lewis,1953-07-02,Female,Brampton,Ontario,Canada,2026-01-10,Active
100529,Mia,Clark,1965-01-08,Male,Ottawa,Ontario,Canada,2007-06-13,Active
100530,Mia,Thomas,1948-09-18,Female,Charlottetown,Prince Edward Island,Canada,2011-01-11,Active
100531,Emily,Taylor,1970-02-19,Female,Laval,Quebec,Canada,1993-05-27,Active
100532,Michael,Smith,1965-12-04,Male,Hamilton,Ontario,Canada,2026-01-08,Active
100533,Michael,Thompson,1982-12-06,Male,Ottawa,Ontario,Canada,2025-06-01,Active
100534,Robert,Anderson,2005-01-24,Female,Toronto,Ontario,Canada,2024-06-28,Active
100535,Emily,Lewis,1979-08-23,Male,Laval,Quebec,Canada,2018-06-26,Active
100536,Michael,Lewis,2004-01-18,Male,Quebec City,Quebec,Canada,2022-06-13,Active
100537,Daniel,Brown,1982-01-26,Female,Quebec City,Quebec,Canada,2015-07-30,Active
100538,John,Lewis,1983-11-19,Female,Quebec City,Quebec,Canada,2025-10-20,Active
100539,Emily,Wilson,1996-09-16,Female,Laval,Quebec,Canada,2016-07-25,Inactive
100540,James,White,1980-06-16,Female,Brampton,Ontario,Canada,2022-11-12,Active
100541,Olivia,White,2005-01-14,Female,Hamilton,Ontario,Canada,2026-08-01,Active
100542,James,Lee,1983-11-22,Male,Mississauga,Ontario,Canada,2015-10-30,Active
100543,Michael,Martin,1965-02-14,Male,Winnipeg,Manitoba,Canada,2017-04-13,Active
100544,Michael,Lewis,1971-01-19,Female,Red Deer,Alberta,Canada,1997-09-11,Active
100545,Emma,Harris,1984-09-30,Male,Hamilton,Ontario,Canada,2013-05-30,Active
100546,James,Clark,1962-03-03,Female,Laval,Quebec,Canada,2014-07-09,Active
100547,Daniel,Clark,1990-03-10,Female,Surrey,British Columbia,Canada,2016-02-16,Active
100548,Emily,Clark,1944-05-07,Male,Montreal,Quebec,Canada,1963-08-01,Active
100549,Sarah,Jackson,1989-12-13,Female,Vancouver,British Columbia,Canada,2023-04-20,Active
100550,Olivia,Thomas,1945-03-17,Female,Charlottetown,Prince Edward Island,Canada,2021-03-27,Active
100551,Emma,Lee,1954-04-17,Female,Brampton,Ontario,Canada,2004-04-20,Active
100552,William,Garcia,2005-03-31,Male,Quebec City,Quebec,Canada,2025-08-18,Active
100553,Emma,Lewis,1996-04-11,Female,Laval,Quebec,Canada,2016-03-07,Active
100554,Robert,Harris,1990-11-28,Male,Montreal,Quebec,Canada,2012-01-12,Active
100555,Ava,Lewis,2002-06-30,Female,Mississauga,Ontario,Canada,2026-02-28,Active
100556,Sarah,Thompson,1987-06-25,Female,Victoria,British Columbia,Canada,2008-12-19,Inactive
100557,Sophia,Garcia,1950-09-08,Male,Hamilton,Ontario,Canada,2023-01-18,Active
100558,Mia,Wilson,1997-03-14,Male,Victoria,British Columbia,Canada,2015-11-11,Active
100559,Sophia,Harris,1958-11-21,Female,Victoria,British Columbia,Canada,2000-06-18,Active
100560,Emma,Thompson,1982-03-28,Female,Toronto,Ontario,Canada,2020-08-07,Active
100561,Emily,Garcia,2000-03-13,Male,St. John's,Newfoundland and Labrador,Canada,2018-12-31,Active
100562,James,Lee,1986-01-23,Female,Red Deer,Alberta,Canada,2006-12-13,Active
100563,Sarah,Anderson,1946-05-08,Female,Quebec City,Quebec,Canada,2010-05-25,Active
100564,Michael,Anderson,1993-10-11,Male,Charlottetown,Prince Edward Island,Canada,2019-07-09,Active
100565,Mia,Lee,1994-06-09,Female,Edmonton,Alberta,Canada,2023-11-16,Active
100566,David,Lee,1951-11-20,Male,Ottawa,Ontario,Canada,1990-03-23,Active
100567,David,Wilson,2003-05-07,Male,Laval,Quebec,Canada,2025-04-17,Active
100568,David,Thomas,1955-10-27,Female,Quebec City,Quebec,Canada,2002-11-02,Active
100569,Jessica,Lee,1947-05-15,Male,Surrey,British Columbia,Canada,1969-05-19,Inactive
100570,Emily,Wilson,1979-01-10,Female,Halifax,Nova Scotia,Canada,2017-08-15,Active
100571,Ava,Garcia,1986-08-16,Female,Quebec City,Quebec,Canada,2024-11-25,Active
100572,Daniel,Brown,1950-02-07,Female,Ottawa,Ontario,Canada,1980-05-25,Active
100573,Robert,Wilson,1953-10-16,Male,Laval,Quebec,Canada,2015-06-26,Active
100574,James,Garcia,1985-07-17,Male,Red Deer,Alberta,Canada,2008-03-05,Active
100575,James,Martin,1949-02-26,Female,Brampton,Ontario,Canada,2022-03-14,Active
100576,William,Harris,1996-06-05,Female,Hamilton,Ontario,Canada,2018-07-23,Active
100577,Mia,Clark,1961-03-02,Female,Mississauga,Ontario,Canada,2009-11-17,Active
100578,Sarah,Anderson,1996-10-07,Male,Surrey,British Columbia,Canada,2025-11-23,Inactive
100579,Mia,White,1990-09-07,Male,Toronto,Ontario,Canada,2018-09-12,Active
100580,John,Martin,1964-05-14,Male,Mississauga,Ontario,Canada,2002-01-13,Active
100581,John,Garcia,1994-04-15,Female,Brampton,Ontario,Canada,2019-05-02,Inactive
100582,Emma,Anderson,1956-10-08,Male,Montreal,Quebec,Canada,1988-02-07,Active
100583,John,Martin,1974-05-25,Female,Hamilton,Ontario,Canada,1993-12-08,Active
100584,James,Jackson,2004-05-26,Male,Toronto,Ontario,Canada,2024-08-12,Active
100585,Daniel,Harris,2000-01-08,Male,Victoria,British Columbia,Canada,2024-11-04,Active
100586,Mia,Clark,2001-06-24,Female,Ottawa,Ontario,Canada,2020-10-09,Active
100587,Olivia,Thomas,1953-05-30,Female,Ottawa,Ontario,Canada,2022-05-15,Active
100588,John,Thompson,1963-10-02,Female,Laval,Quebec,Canada,2016-02-13,Active
100589,Emma,Lee,1948-10-09,Male,Toronto,Ontario,Canada,2006-04-01,Active
100590,Emma,Garcia,2000-05-01,Female,Toronto,Ontario,Canada,2020-12-28,Active
100591,Emma,Lee,1993-06-17,Male,Laval,Quebec,Canada,2022-05-16,Active
100592,Mia,Harris,1999-07-03,Female,Toronto,Ontario,Canada,2026-07-04,Active
100593,David,Anderson,1951-03-30,Female,Montreal,Quebec,Canada,1985-09-20,Active
100594,Ava,Lee,1965-04-18,Male,Charlottetown,Prince Edward Island,Canada,2010-08-12,Active
100595,Robert,Martin,1989-02-01,Female,Laval,Quebec,Canada,2015-05-03,Closed
100596,Emma,Taylor,1966-11-18,Male,Quebec City,Quebec,Canada,2010-06-08,Active
100597,Emily,Anderson,1962-06-14,Male,Saskatoon,Saskatchewan,Canada,1992-02-21,Active
100598,Sophia,Taylor,2002-09-16,Male,Montreal,Quebec,Canada,2022-06-10,Active
100599,Jessica,Clark,1977-09-06,Male,Red Deer,Alberta,Canada,2022-11-03,Active
100600,Jessica,Brown,1990-09-27,Female,Quebec City,Quebec,Canada,2011-12-09,Active
100601,Jessica,Garcia,1992-08-16,Female,Victoria,British Columbia,Canada,2024-01-28,Active
100602,Sophia,Harris,1982-11-26,Female,Regina,Saskatchewan,Canada,2002-11-27,Active
100603,Sophia,Brown,1990-08-08,Female,Ottawa,Ontario,Canada,2024-10-31,Active
100604,Michael,Martin,2004-01-13,Female,Winnipeg,Manitoba,Canada,2025-12-30,Active
100605,Emma,Garcia,1975-06-13,Male,Quebec City,Quebec,Canada,2024-05-05,Active
100606,Emily,Thompson,1998-06-28,Male,Vancouver,British Columbia,Canada,2026-06-17,Active
100607,Robert,White,1948-03-23,Male,Quebec City,Quebec,Canada,2023-10-22,Active
100608,Sarah,Thomas,1948-09-16,Female,Ottawa,Ontario,Canada,1979-08-13,Active
100609,Ava,Wilson,1968-09-08,Female,Mississauga,Ontario,Canada,2021-11-21,Active
100610,Emma,Smith,1975-06-04,Female,Halifax,Nova Scotia,Canada,2026-06-13,Active
100611,Emma,Thomas,1964-10-13,Male,Victoria,British Columbia,Canada,2006-09-26,Active
100612,Daniel,Martin,2000-06-06,Male,Winnipeg,Manitoba,Canada,2023-07-03,Active
100613,Sophia,Smith,1945-06-05,Female,Ottawa,Ontario,Canada,2019-04-06,Inactive
100614,William,Lee,1951-01-01,Male,Mississauga,Ontario,Canada,2014-05-14,Active
100615,Olivia,Harris,1983-08-16,Female,Mississauga,Ontario,Canada,2021-08-03,Active
100616,Jessica,Anderson,1948-07-19,Male,Brampton,Ontario,Canada,2025-12-19,Active
100617,David,Lee,1956-04-24,Male,Laval,Quebec,Canada,2018-03-31,Active
100618,David,Wilson,1998-02-13,Female,Saskatoon,Saskatchewan,Canada,2026-05-28,Active
100619,James,Lee,1995-05-27,Female,Winnipeg,Manitoba,Canada,2025-08-24,Closed
100620,Michael,Anderson,1992-12-22,Female,Montreal,Quebec,Canada,2019-11-20,Active
100621,Daniel,Thomas,1965-09-07,Male,Ottawa,Ontario,Canada,2008-11-08,Active
100622,Sarah,Jackson,1954-07-14,Male,Vancouver,British Columbia,Canada,2001-01-24,Active
100623,Michael,Lee,1964-01-17,Female,Surrey,British Columbia,Canada,1996-04-12,Active
100624,Daniel,Taylor,1955-05-30,Female,Vancouver,British Columbia,Canada,2009-05-25,Active
100625,Jessica,Lee,1959-01-06,Male,Laval,Quebec,Canada,2006-12-20,Inactive
100626,David,Thomas,1996-06-15,Female,Toronto,Ontario,Canada,2017-02-19,Active
100627,William,Anderson,1959-05-30,Male,Brampton,Ontario,Canada,2019-09-19,Active
100628,William,Martin,1957-03-05,Male,Saint John,New Brunswick,Canada,1995-03-12,Inactive
100629,Sarah,Thompson,1960-02-06,Female,Surrey,British Columbia,Canada,2000-08-28,Active
100630,William,Thomas,1953-01-26,Female,Halifax,Nova Scotia,Canada,2017-01-29,Active
100631,Sophia,Wilson,1998-06-16,Male,Brampton,Ontario,Canada,2022-09-07,Active
100632,Robert,Thomas,2001-03-05,Male,Montreal,Quebec,Canada,2019-12-30,Active
100633,Daniel,Harris,1956-08-26,Female,Toronto,Ontario,Canada,1990-12-31,Active
100634,William,Smith,1994-09-20,Female,Winnipeg,Manitoba,Canada,2019-02-14,Active
100635,Michael,Brown,1961-01-07,Female,Toronto,Ontario,Canada,2013-11-16,Closed
100636,Olivia,Lewis,1969-06-09,Male,Vancouver,British Columbia,Canada,1999-10-27,Active
100637,David,Smith,2006-12-17,Female,Toronto,Ontario,Canada,2025-10-05,Inactive
100638,Robert,Jackson,1983-06-10,Female,Mississauga,Ontario,Canada,2016-02-19,Active
100639,Sophia,Garcia,1994-12-24,Female,Hamilton,Ontario,Canada,2020-05-08,Active
100640,Ava,Anderson,1971-02-11,Male,Laval,Quebec,Canada,1996-03-23,Active
100641,Olivia,White,1983-02-20,Female,Calgary,Alberta,Canada,2013-12-22,Active
100642,Mia,Brown,1961-04-16,Female,Charlottetown,Prince Edward Island,Canada,2023-04-05,Active
100643,Emma,Garcia,1990-04-10,Female,Surrey,British Columbia,Canada,2020-05-18,Active
100644,Sarah,Martin,2006-03-03,Female,Laval,Quebec,Canada,2026-02-23,Inactive
100645,Sophia,Clark,1953-11-12,Female,Red Deer,Alberta,Canada,2011-09-27,Active
100646,Robert,Clark,1978-05-17,Male,Mississauga,Ontario,Canada,1998-11-02,Active
100647,Daniel,Thomas,1960-12-05,Male,Calgary,Alberta,Canada,2000-11-11,Active
100648,Emily,Smith,1984-03-01,Female,Red Deer,Alberta,Canada,2010-02-23,Active
100649,Ava,Thomas,1972-09-26,Male,Quebec City,Quebec,Canada,2008-10-01,Active
100650,Emma,Wilson,1969-09-20,Male,Toronto,Ontario,Canada,1989-05-26,Active
100651,Sarah,White,1968-07-03,Female,Brampton,Ontario,Canada,1995-08-31,Active
100652,Jessica,Wilson,1975-07-19,Male,Mississauga,Ontario,Canada,1997-08-17,Active
100653,David,Lewis,1956-12-30,Female,Halifax,Nova Scotia,Canada,1977-09-25,Active
100654,Emma,Martin,1962-02-15,Male,Victoria,British Columbia,Canada,1999-11-03,Active
100655,Emily,Taylor,1948-06-02,Male,Laval,Quebec,Canada,2013-07-06,Active
100656,Sarah,Lewis,1971-01-17,Male,Montreal,Quebec,Canada,2001-06-10,Active
100657,Sophia,Garcia,1982-07-23,Female,Red Deer,Alberta,Canada,2020-11-19,Active
100658,Jessica,Jackson,1983-07-21,Female,Hamilton,Ontario,Canada,2014-08-17,Active
100659,John,Wilson,1957-03-25,Male,Ottawa,Ontario,Canada,2009-09-24,Active
100660,Robert,Thomas,1995-03-01,Male,Victoria,British Columbia,Canada,2017-02-02,Active
100661,Michael,Harris,1970-03-15,Male,Ottawa,Ontario,Canada,2004-05-17,Active
100662,Sophia,Garcia,1994-07-19,Female,Mississauga,Ontario,Canada,2017-03-28,Active
100663,James,Taylor,1995-09-04,Female,Quebec City,Quebec,Canada,2019-02-22,Active
100664,David,Garcia,1944-09-19,Female,Mississauga,Ontario,Canada,2023-12-29,Active
100665,Emily,Anderson,1946-12-16,Male,Regina,Saskatchewan,Canada,1971-12-16,Active
100666,Olivia,Taylor,1977-09-12,Female,Edmonton,Alberta,Canada,2022-10-16,Active
100667,Sarah,Jackson,1996-10-24,Male,Charlottetown,Prince Edward Island,Canada,2025-09-27,Active
100668,Emma,Wilson,1967-07-09,Male,Saint John,New Brunswick,Canada,1986-01-26,Active
100669,Mia,Jackson,1982-06-17,Male,Toronto,Ontario,Canada,2011-01-31,Active
100670,John,Thomas,1982-03-30,Male,Mississauga,Ontario,Canada,2016-02-27,Active
100671,Ava,Anderson,1992-01-12,Male,Victoria,British Columbia,Canada,2015-01-08,Active
100672,Jessica,Garcia,1999-07-19,Female,Brampton,Ontario,Canada,2018-11-04,Active
100673,Jessica,Anderson,1979-11-06,Male,Charlottetown,Prince Edward Island,Canada,2009-02-07,Active
100674,John,Thompson,1992-10-29,Female,Ottawa,Ontario,Canada,2023-05-01,Active
100675,Jessica,Thompson,1981-12-08,Female,Quebec City,Quebec,Canada,2012-10-03,Active
100676,Olivia,Martin,1964-11-01,Female,Vancouver,British Columbia,Canada,2019-06-23,Active
100677,Emily,Anderson,1979-12-14,Male,Saskatoon,Saskatchewan,Canada,2008-07-27,Active
100678,John,Clark,1990-07-26,Female,Vancouver,British Columbia,Canada,2020-07-08,Active
100679,Sarah,Taylor,2000-05-20,Male,Quebec City,Quebec,Canada,2024-10-22,Active
100680,Ava,Anderson,1950-05-21,Male,Brampton,Ontario,Canada,2007-08-14,Active
100681,Olivia,Lewis,1965-02-13,Male,Laval,Quebec,Canada,2002-07-18,Active
100682,Michael,Thomas,1952-01-28,Female,Victoria,British Columbia,Canada,2018-04-05,Active
100683,Ava,Thompson,1954-10-15,Female,Montreal,Quebec,Canada,1981-10-27,Active
100684,Ava,Smith,1958-03-18,Female,Edmonton,Alberta,Canada,1981-05-07,Inactive
100685,Michael,Martin,2000-11-02,Female,Ottawa,Ontario,Canada,2019-02-12,Active
100686,Emma,Lewis,1969-03-08,Female,Ottawa,Ontario,Canada,2015-02-14,Active
100687,Daniel,Thompson,2001-11-29,Female,Halifax,Nova Scotia,Canada,2022-04-17,Active
100688,Emily,Harris,1976-03-04,Female,Toronto,Ontario,Canada,1998-01-25,Active
100689,Daniel,Clark,1945-03-15,Male,Vancouver,British Columbia,Canada,1975-05-20,Inactive
100690,Sophia,Anderson,1969-01-23,Female,Quebec City,Quebec,Canada,1988-09-26,Active
100691,Ava,Thomas,1989-10-11,Female,Regina,Saskatchewan,Canada,2015-07-20,Closed
100692,Sophia,Brown,1983-07-21,Female,Toronto,Ontario,Canada,2017-08-03,Active
100693,Mia,Thompson,1967-03-15,Male,Toronto,Ontario,Canada,1995-10-30,Active
100694,Ava,Thompson,1951-10-28,Male,Calgary,Alberta,Canada,1985-04-16,Active
100695,John,Garcia,1991-09-25,Female,Vancouver,British Columbia,Canada,2026-03-07,Inactive
100696,David,Garcia,1976-11-07,Male,Laval,Quebec,Canada,1996-04-23,Active
100697,Olivia,Brown,1993-10-30,Male,Hamilton,Ontario,Canada,2024-04-19,Active
100698,Emily,Martin,1961-02-28,Female,Montreal,Quebec,Canada,1982-02-27,Active
100699,James,Garcia,1953-11-18,Female,Regina,Saskatchewan,Canada,2015-01-08,Active
100700,John,Taylor,1966-12-21,Female,Vancouver,British Columbia,Canada,2025-10-26,Active
100701,Sarah,White,1959-01-28,Female,Regina,Saskatchewan,Canada,1992-02-29,Active
100702,Jessica,Lewis,1976-01-22,Male,Saint John,New Brunswick,Canada,2001-05-02,Active
100703,Michael,Jackson,1975-07-31,Male,Laval,Quebec,Canada,2001-05-29,Active
100704,Michael,Garcia,1952-05-10,Female,Victoria,British Columbia,Canada,1993-04-27,Active
100705,John,White,1973-06-19,Male,Vancouver,British Columbia,Canada,2000-11-17,Active
100706,Emily,Martin,1968-06-16,Female,Edmonton,Alberta,Canada,1997-03-04,Active
100707,James,Martin,1976-09-22,Female,Vancouver,British Columbia,Canada,2000-01-30,Active
100708,Emily,Martin,1991-12-05,Female,Toronto,Ontario,Canada,2025-08-01,Active
100709,Sarah,Garcia,1972-09-14,Female,Halifax,Nova Scotia,Canada,2001-04-23,Active
100710,Daniel,Lewis,1961-06-27,Female,Vancouver,British Columbia,Canada,1982-12-20,Active
100711,Olivia,Anderson,2000-12-02,Female,Red Deer,Alberta,Canada,2021-05-09,Active
100712,Sarah,Lewis,1992-03-02,Male,Montreal,Quebec,Canada,2019-02-16,Active
100713,Olivia,Martin,2004-07-17,Male,Laval,Quebec,Canada,2023-01-06,Active
100714,Sophia,Harris,1958-07-19,Male,Victoria,British Columbia,Canada,2000-06-29,Active
100715,Mia,Anderson,1982-09-27,Female,Red Deer,Alberta,Canada,2026-05-12,Closed
100716,Sophia,Jackson,1991-07-07,Male,Mississauga,Ontario,Canada,2021-05-21,Active
100717,Sarah,Martin,2000-04-06,Female,Laval,Quebec,Canada,2021-02-27,Active
100718,Sarah,Thomas,1956-03-31,Female,Edmonton,Alberta,Canada,2021-05-03,Inactive
100719,David,Anderson,1959-11-25,Male,Charlottetown,Prince Edward Island,Canada,1994-01-05,Active
100720,Emily,Clark,2003-12-05,Female,Ottawa,Ontario,Canada,2021-12-05,Active
100721,Michael,Jackson,1979-09-06,Male,Ottawa,Ontario,Canada,2004-08-05,Active
100722,Mia,Martin,1953-09-08,Male,Quebec City,Quebec,Canada,1972-08-05,Active
100723,Emma,Smith,1956-03-02,Male,Brampton,Ontario,Canada,2000-02-15,Active
100724,John,Brown,2006-12-28,Male,Toronto,Ontario,Canada,2025-08-15,Active
100725,Sophia,Clark,2000-08-18,Female,Montreal,Quebec,Canada,2019-03-06,Active
100726,John,Wilson,1958-06-05,Female,Surrey,British Columbia,Canada,1996-08-08,Active
100727,Olivia,Garcia,1978-10-22,Female,Quebec City,Quebec,Canada,2002-07-11,Active
100728,John,Lewis,1988-09-28,Female,Brampton,Ontario,Canada,2024-06-25,Active
100729,Sarah,White,1972-02-11,Female,St. John's,Newfoundland and Labrador,Canada,2012-02-22,Active
100730,Jessica,Lewis,1963-03-22,Female,Laval,Quebec,Canada,1993-11-22,Closed
100731,Olivia,Jackson,1988-02-19,Female,Calgary,Alberta,Canada,2021-08-02,Active
100732,Daniel,Lee,1949-03-06,Male,Mississauga,Ontario,Canada,2017-08-23,Closed
100733,Mia,Taylor,1957-01-29,Female,Edmonton,Alberta,Canada,2014-10-19,Active
100734,Sophia,Jackson,1945-07-26,Female,Red Deer,Alberta,Canada,1969-03-13,Active
100735,David,Thomas,2000-02-13,Male,Toronto,Ontario,Canada,2022-05-29,Active
100736,Olivia,Garcia,1953-04-12,Male,Victoria,British Columbia,Canada,1975-07-25,Active
100737,Olivia,Smith,1998-10-06,Male,Victoria,British Columbia,Canada,2022-12-15,Active
100738,William,Clark,1969-09-16,Male,Laval,Quebec,Canada,2016-09-26,Active
100739,Sophia,Smith,1950-08-09,Female,Red Deer,Alberta,Canada,1970-02-07,Active
100740,Mia,Anderson,1980-07-21,Male,Ottawa,Ontario,Canada,2019-12-29,Active
100741,Emma,Harris,1964-01-11,Female,Quebec City,Quebec,Canada,1992-11-26,Active
100742,Sophia,Wilson,1974-02-23,Female,Charlottetown,Prince Edward Island,Canada,1995-05-29,Active
100743,Jessica,White,2005-08-20,Male,Mississauga,Ontario,Canada,2024-06-26,Active
100744,Robert,Lee,1983-09-20,Female,Brampton,Ontario,Canada,2026-06-29,Active
100745,Sophia,Clark,1945-02-11,Female,Hamilton,Ontario,Canada,1981-07-12,Active
100746,William,Smith,1950-01-14,Female,Charlottetown,Prince Edward Island,Canada,1972-10-02,Active
100747,Sarah,Harris,1992-07-29,Male,Brampton,Ontario,Canada,2011-10-20,Active
100748,Robert,Harris,1986-08-13,Female,Mississauga,Ontario,Canada,2024-02-11,Active
100749,Robert,Brown,1974-10-14,Male,Vancouver,British Columbia,Canada,2014-12-10,Active
100750,Michael,Martin,1993-06-19,Male,Edmonton,Alberta,Canada,2014-05-30,Inactive
100751,Ava,White,1958-02-15,Male,Laval,Quebec,Canada,2007-12-18,Active
100752,Michael,Thompson,1958-07-13,Male,St. John's,Newfoundland and Labrador,Canada,1977-08-19,Active
100753,John,Anderson,1969-08-20,Female,Toronto,Ontario,Canada,2014-04-09,Active
100754,Ava,Taylor,1993-11-21,Male,Victoria,British Columbia,Canada,2024-07-09,Inactive
100755,Emily,Garcia,2005-11-24,Female,Victoria,British Columbia,Canada,2026-01-22,Active
100756,Daniel,Thompson,1959-10-01,Male,Brampton,Ontario,Canada,1986-10-07,Active
100757,Sophia,Wilson,1982-12-10,Female,Winnipeg,Manitoba,Canada,2010-01-03,Active
100758,William,Taylor,1971-12-23,Male,Quebec City,Quebec,Canada,2009-05-26,Active
100759,John,Harris,1999-06-30,Female,Toronto,Ontario,Canada,2018-03-13,Active
100760,Olivia,Clark,1994-10-07,Female,Ottawa,Ontario,Canada,2024-04-04,Active
100761,Michael,Taylor,1954-11-17,Male,Ottawa,Ontario,Canada,2005-07-18,Active
100762,Emily,Taylor,1987-04-18,Female,Winnipeg,Manitoba,Canada,2008-08-07,Active
100763,Ava,Clark,1945-01-30,Male,Hamilton,Ontario,Canada,2010-10-22,Active
100764,Ava,Thompson,1975-09-26,Female,Winnipeg,Manitoba,Canada,2018-02-20,Active
100765,William,Lewis,1960-10-27,Female,Brampton,Ontario,Canada,1986-07-04,Active
100766,Sophia,Garcia,1967-04-16,Male,St. John's,Newfoundland and Labrador,Canada,2007-04-14,Closed
100767,Jessica,Lee,1964-10-18,Male,Edmonton,Alberta,Canada,1996-08-09,Active
100768,Sarah,Wilson,1979-07-06,Male,Ottawa,Ontario,Canada,2004-12-20,Active
100769,Michael,Anderson,1997-06-20,Female,Brampton,Ontario,Canada,2024-06-28,Active
100770,William,Taylor,1976-09-29,Female,Calgary,Alberta,Canada,1996-01-26,Active
100771,Jessica,Smith,1998-07-22,Male,Toronto,Ontario,Canada,2020-11-11,Active
100772,Ava,Garcia,2005-03-14,Male,Hamilton,Ontario,Canada,2024-02-10,Active
100773,James,Martin,1958-01-16,Male,Edmonton,Alberta,Canada,1992-09-29,Inactive
100774,Olivia,Brown,1996-01-18,Female,Winnipeg,Manitoba,Canada,2019-05-29,Active
100775,Emma,Wilson,1957-09-05,Male,Red Deer,Alberta,Canada,2005-03-25,Active
100776,Ava,Wilson,1951-05-03,Male,Winnipeg,Manitoba,Canada,1990-06-06,Active
100777,Daniel,Jackson,1957-02-24,Female,Quebec City,Quebec,Canada,2003-03-23,Active
100778,John,Jackson,1969-12-24,Male,Edmonton,Alberta,Canada,2015-09-18,Active
100779,Robert,Anderson,1954-09-21,Female,Brampton,Ontario,Canada,1982-04-30,Active
100780,Emma,Lewis,1980-12-31,Male,Calgary,Alberta,Canada,2010-05-03,Inactive
100781,Mia,Taylor,1981-08-05,Male,Surrey,British Columbia,Canada,2014-02-13,Inactive
100782,Jessica,Harris,1988-06-09,Female,Montreal,Quebec,Canada,2014-02-17,Active
100783,John,Jackson,2001-06-08,Male,Charlottetown,Prince Edward Island,Canada,2023-06-13,Active
100784,John,Thomas,1955-03-05,Male,Quebec City,Quebec,Canada,2016-08-15,Active
100785,Sarah,Clark,2005-10-02,Female,Vancouver,British Columbia,Canada,2025-07-14,Active
100786,Emily,Lee,1996-05-03,Female,Montreal,Quebec,Canada,2020-01-21,Active
100787,James,Smith,1947-05-21,Female,Ottawa,Ontario,Canada,2006-01-09,Active
100788,Olivia,Jackson,1983-09-09,Male,Toronto,Ontario,Canada,2026-04-21,Active
100789,Emily,Brown,1960-04-04,Male,Moncton,New Brunswick,Canada,1979-02-06,Active
100790,James,Jackson,1948-03-31,Male,Brampton,Ontario,Canada,2000-12-14,Active
100791,John,Martin,1986-12-08,Female,Victoria,British Columbia,Canada,2005-01-18,Inactive
100792,Daniel,Jackson,1947-09-21,Female,Laval,Quebec,Canada,2022-11-03,Active
100793,Olivia,Anderson,1955-03-15,Female,Winnipeg,Manitoba,Canada,2012-07-06,Active
100794,Emma,Anderson,1987-03-25,Female,Calgary,Alberta,Canada,2024-02-21,Active
100795,Daniel,Anderson,1949-04-08,Male,Brampton,Ontario,Canada,2001-03-25,Active
100796,Robert,Anderson,1991-08-07,Female,Toronto,Ontario,Canada,2016-08-31,Active
100797,Ava,Thomas,1945-09-04,Male,Vancouver,British Columbia,Canada,1963-12-19,Active
100798,Daniel,Thompson,1963-07-22,Male,Hamilton,Ontario,Canada,2009-03-11,Active
100799,Robert,Brown,1960-02-26,Female,Quebec City,Quebec,Canada,2022-03-17,Active
100800,Daniel,Smith,1954-03-15,Female,Ottawa,Ontario,Canada,1979-11-14,Active
100801,James,White,1977-07-17,Male,Ottawa,Ontario,Canada,2003-02-22,Inactive
100802,Robert,Thompson,1957-11-06,Male,Charlottetown,Prince Edward Island,Canada,2002-08-18,Active
100803,Sarah,Taylor,1953-06-26,Female,Saskatoon,Saskatchewan,Canada,2000-12-03,Active
100804,Mia,Taylor,1968-09-16,Male,Victoria,British Columbia,Canada,2003-08-25,Inactive
100805,Sophia,Martin,1975-04-08,Female,Brampton,Ontario,Canada,1998-03-13,Active
100806,Sophia,Thomas,1983-10-23,Female,St. John's,Newfoundland and Labrador,Canada,2013-10-31,Active
100807,Emily,Garcia,1949-05-18,Male,Surrey,British Columbia,Canada,1997-04-01,Active
100808,John,Wilson,1955-10-29,Male,Moncton,New Brunswick,Canada,1983-07-25,Active
100809,William,Brown,1947-03-01,Male,Mississauga,Ontario,Canada,2002-07-24,Active
100810,Ava,Harris,1993-11-08,Female,Brampton,Ontario,Canada,2024-09-07,Active
100811,James,Thomas,1979-03-26,Male,Victoria,British Columbia,Canada,1999-10-17,Active
100812,Mia,Thompson,1959-09-05,Female,Winnipeg,Manitoba,Canada,1981-08-05,Active
100813,Olivia,White,1977-07-11,Male,Hamilton,Ontario,Canada,2013-03-09,Active
100814,Robert,Thomas,1995-01-01,Female,Hamilton,Ontario,Canada,2023-09-04,Active
100815,Sophia,Wilson,1991-12-16,Male,Laval,Quebec,Canada,2011-08-31,Closed
100816,Emma,Wilson,2002-03-19,Male,Charlottetown,Prince Edward Island,Canada,2026-04-22,Inactive
100817,James,Garcia,1958-07-06,Female,Edmonton,Alberta,Canada,2000-06-05,Active
100818,John,Taylor,1954-05-05,Female,Regina,Saskatchewan,Canada,1978-02-12,Active
100819,Jessica,White,1992-02-17,Male,Victoria,British Columbia,Canada,2017-07-11,Active
100820,Ava,Clark,2001-10-25,Male,Winnipeg,Manitoba,Canada,2022-10-14,Active
100821,James,Lewis,1955-01-15,Female,Laval,Quebec,Canada,1993-12-21,Active
100822,Jessica,Anderson,1988-06-09,Male,Toronto,Ontario,Canada,2018-04-09,Active
100823,Michael,Brown,1980-03-15,Male,Vancouver,British Columbia,Canada,2005-03-22,Active
100824,Jessica,Garcia,1999-11-23,Male,Surrey,British Columbia,Canada,2026-08-04,Active
100825,Jessica,Thompson,1956-02-22,Male,Quebec City,Quebec,Canada,1989-02-25,Active
100826,John,Anderson,1965-11-06,Female,Hamilton,Ontario,Canada,2020-11-25,Inactive
100827,Olivia,Harris,1983-02-16,Female,Calgary,Alberta,Canada,2022-01-13,Active
100828,Mia,Wilson,1998-05-30,Female,Calgary,Alberta,Canada,2020-08-28,Active
100829,Emma,Thompson,1995-12-29,Female,Hamilton,Ontario,Canada,2016-06-08,Active
100830,James,Thompson,1974-01-14,Male,Saskatoon,Saskatchewan,Canada,2025-07-22,Active
100831,David,Anderson,1967-04-28,Female,Toronto,Ontario,Canada,2009-01-03,Active
100832,David,White,1955-12-13,Male,Ottawa,Ontario,Canada,1991-05-31,Active
100833,Daniel,Thomas,1969-04-21,Male,Hamilton,Ontario,Canada,1993-03-30,Active
100834,Michael,Smith,2006-10-14,Female,Laval,Quebec,Canada,2025-06-04,Active
100835,Emma,Brown,1958-05-03,Male,Hamilton,Ontario,Canada,2009-03-01,Inactive
100836,Sophia,Lee,2003-09-24,Male,Vancouver,British Columbia,Canada,2024-03-24,Active
100837,Emma,Jackson,1961-08-10,Male,Calgary,Alberta,Canada,1982-09-28,Active
100838,Michael,Wilson,1951-11-12,Female,Laval,Quebec,Canada,2014-02-22,Active
100839,James,Smith,1989-03-11,Male,Winnipeg,Manitoba,Canada,2013-06-12,Inactive
100840,Mia,Thomas,1972-09-27,Female,Halifax,Nova Scotia,Canada,1997-08-22,Active
100841,Robert,Lee,1990-02-03,Female,Laval,Quebec,Canada,2021-02-01,Active
100842,Jessica,Thomas,2006-02-17,Female,Brampton,Ontario,Canada,2026-01-05,Active
100843,Mia,Lee,1953-04-29,Male,Brampton,Ontario,Canada,2016-10-22,Active
100844,James,White,1978-07-21,Female,Victoria,British Columbia,Canada,1996-08-19,Active
100845,James,Garcia,1960-10-08,Male,Laval,Quebec,Canada,1997-04-27,Active
100846,James,Garcia,1975-04-26,Female,Victoria,British Columbia,Canada,2002-01-26,Active
100847,Michael,Smith,1960-02-26,Female,Surrey,British Columbia,Canada,2006-04-28,Active
100848,James,Smith,1956-04-22,Male,Victoria,British Columbia,Canada,2025-04-30,Active
100849,Emma,Lewis,1976-09-13,Female,Toronto,Ontario,Canada,1998-07-12,Active
100850,Jessica,Lewis,1970-06-06,Female,Hamilton,Ontario,Canada,2013-07-13,Inactive
100851,Ava,Brown,1992-04-22,Male,Brampton,Ontario,Canada,2017-07-29,Active
100852,Emma,Martin,1975-05-21,Male,Red Deer,Alberta,Canada,2008-10-11,Active
100853,Ava,Lewis,1982-01-07,Female,Vancouver,British Columbia,Canada,2025-02-11,Active
100854,David,Lee,1988-12-26,Female,Victoria,British Columbia,Canada,2021-05-21,Active
100855,Robert,Anderson,1947-06-12,Female,Surrey,British Columbia,Canada,1971-03-29,Active
100856,Emma,Clark,1972-05-08,Male,Quebec City,Quebec,Canada,2006-02-26,Active
100857,David,Martin,1977-01-18,Female,Ottawa,Ontario,Canada,2018-07-11,Active
100858,James,Lewis,1984-01-02,Female,Mississauga,Ontario,Canada,2004-08-20,Active
100859,Olivia,Wilson,1946-07-08,Female,Hamilton,Ontario,Canada,1995-12-16,Active
100860,Emma,Martin,1950-05-24,Male,Toronto,Ontario,Canada,1997-05-22,Active
100861,Ava,Smith,1997-06-27,Male,Ottawa,Ontario,Canada,2016-04-21,Active
100862,Mia,Thomas,1992-02-13,Female,Calgary,Alberta,Canada,2025-12-05,Active
100863,John,Smith,1970-07-03,Male,Toronto,Ontario,Canada,2002-08-16,Active
100864,Sophia,Jackson,1944-03-16,Male,Ottawa,Ontario,Canada,1979-10-11,Active
100865,Emma,Clark,1960-04-25,Female,Ottawa,Ontario,Canada,1982-08-14,Active
100866,Olivia,Martin,1984-06-15,Male,Toronto,Ontario,Canada,2003-09-25,Active
100867,Emma,Anderson,1986-11-13,Male,Ottawa,Ontario,Canada,2009-02-22,Active
100868,Emma,Jackson,1996-01-22,Male,Hamilton,Ontario,Canada,2023-05-28,Active
100869,Daniel,Thomas,1978-10-17,Female,Ottawa,Ontario,Canada,2004-10-18,Active
100870,James,Thompson,1992-04-22,Female,Charlottetown,Prince Edward Island,Canada,2017-09-27,Active
100871,Daniel,Taylor,1958-11-13,Male,Brampton,Ontario,Canada,2009-10-24,Active
100872,David,Brown,1953-04-12,Male,Toronto,Ontario,Canada,1989-10-25,Active
100873,John,White,1965-02-18,Female,Montreal,Quebec,Canada,2000-11-10,Active
100874,John,Clark,1997-03-09,Male,Ottawa,Ontario,Canada,2020-10-12,Active
100875,Olivia,White,1999-11-08,Female,Montreal,Quebec,Canada,2025-10-27,Active
100876,Sarah,Taylor,1948-12-27,Female,Quebec City,Quebec,Canada,2022-06-28,Active
100877,Emily,Smith,1956-05-04,Male,Winnipeg,Manitoba,Canada,1989-06-30,Inactive
100878,Sophia,Lee,1948-03-06,Male,Saskatoon,Saskatchewan,Canada,1981-04-25,Closed
100879,Emily,Garcia,1992-02-13,Male,Surrey,British Columbia,Canada,2016-10-21,Active
100880,Jessica,Wilson,1995-10-29,Female,Toronto,Ontario,Canada,2016-05-26,Active
100881,John,Brown,2002-06-01,Male,Quebec City,Quebec,Canada,2023-12-20,Active
100882,Emma,Brown,1955-07-01,Female,Mississauga,Ontario,Canada,2001-11-19,Active
100883,Daniel,Thomas,1976-09-09,Female,Red Deer,Alberta,Canada,2009-07-30,Active
100884,Michael,Clark,1972-03-01,Female,Brampton,Ontario,Canada,2007-01-28,Closed
100885,Emma,Wilson,2005-07-13,Female,Vancouver,British Columbia,Canada,2026-03-23,Active
100886,Sophia,Clark,2003-01-03,Male,Hamilton,Ontario,Canada,2021-11-08,Active
100887,James,Smith,1996-09-23,Female,Laval,Quebec,Canada,2023-11-17,Active
100888,Michael,Garcia,1957-03-01,Female,Mississauga,Ontario,Canada,2005-01-25,Active
100889,James,Anderson,1965-01-13,Male,Brampton,Ontario,Canada,2017-08-19,Active
100890,Robert,Lee,1993-03-06,Male,Victoria,British Columbia,Canada,2020-01-28,Inactive
100891,John,White,1982-05-08,Male,Laval,Quebec,Canada,2020-08-22,Active
100892,Olivia,Anderson,1980-10-26,Male,Ottawa,Ontario,Canada,2015-09-05,Active
100893,Sarah,Taylor,1948-09-30,Female,Ottawa,Ontario,Canada,2009-05-29,Active
100894,Ava,Clark,1969-07-23,Male,Calgary,Alberta,Canada,2003-09-24,Active
100895,Sophia,Jackson,2005-06-11,Female,Montreal,Quebec,Canada,2026-04-29,Active
100896,Jessica,Thomas,1972-12-06,Female,Vancouver,British Columbia,Canada,2001-04-18,Active
100897,Sarah,Garcia,1999-08-27,Male,Quebec City,Quebec,Canada,2024-02-13,Active
100898,James,Harris,1969-11-06,Female,Victoria,British Columbia,Canada,2000-08-04,Closed
100899,John,Martin,1997-05-25,Male,Vancouver,British Columbia,Canada,2024-04-24,Active
100900,Jessica,Jackson,1996-02-14,Male,Ottawa,Ontario,Canada,2024-08-03,Active
100901,James,Smith,1983-03-10,Male,Quebec City,Quebec,Canada,2005-11-23,Active
100902,James,Smith,1995-04-13,Male,Montreal,Quebec,Canada,2021-08-25,Active
100903,David,Smith,1947-01-08,Male,Brampton,Ontario,Canada,1997-07-28,Active
100904,Mia,Harris,1967-07-11,Male,Victoria,British Columbia,Canada,2001-11-25,Active
100905,Daniel,White,1949-08-10,Male,Ottawa,Ontario,Canada,1984-02-01,Active
100906,Olivia,Garcia,1987-12-05,Male,Brampton,Ontario,Canada,2018-08-24,Active
100907,Daniel,Lewis,1962-06-01,Female,Red Deer,Alberta,Canada,2018-07-04,Active
100908,Michael,Wilson,1977-07-04,Male,Calgary,Alberta,Canada,2006-05-26,Active
100909,William,Lee,1997-01-30,Female,Mississauga,Ontario,Canada,2018-12-14,Active
100910,John,Lewis,1991-02-20,Female,Vancouver,British Columbia,Canada,2024-04-04,Inactive
100911,Sophia,Martin,1985-12-28,Female,Hamilton,Ontario,Canada,2021-02-13,Active
100912,Michael,White,1947-02-25,Female,Victoria,British Columbia,Canada,2009-11-29,Active
100913,William,Wilson,1982-10-27,Female,Montreal,Quebec,Canada,2016-02-16,Active
100914,Ava,Wilson,1965-03-03,Female,Edmonton,Alberta,Canada,1987-07-23,Active
100915,Emily,Smith,2006-05-09,Female,Ottawa,Ontario,Canada,2024-09-13,Closed
100916,Daniel,Martin,1965-02-26,Female,Mississauga,Ontario,Canada,1985-08-06,Active
100917,Emily,Jackson,1991-03-19,Male,Edmonton,Alberta,Canada,2014-09-12,Active
100918,Sophia,Wilson,1981-08-07,Female,Toronto,Ontario,Canada,2000-07-02,Active
100919,David,Wilson,1965-02-20,Female,Mississauga,Ontario,Canada,2003-08-25,Inactive
100920,Jessica,Smith,1957-01-29,Male,Montreal,Quebec,Canada,1976-06-30,Active
100921,Mia,Martin,1960-05-14,Female,Montreal,Quebec,Canada,2026-06-13,Active
100922,Emily,Thompson,1977-06-30,Female,Brampton,Ontario,Canada,2010-12-25,Active
100923,Daniel,Martin,1999-10-25,Female,Quebec City,Quebec,Canada,2017-12-05,Active
100924,Michael,Brown,2005-09-24,Male,Mississauga,Ontario,Canada,2024-04-05,Active
100925,David,Smith,1963-10-26,Male,Surrey,British Columbia,Canada,1990-03-29,Active
100926,Ava,Brown,1946-09-28,Male,Winnipeg,Manitoba,Canada,2006-07-06,Active
100927,Emily,Garcia,1957-11-25,Female,Laval,Quebec,Canada,2014-12-26,Inactive
100928,Robert,Garcia,1975-09-19,Female,Quebec City,Quebec,Canada,2009-08-16,Active
100929,Daniel,Anderson,1969-04-20,Female,Laval,Quebec,Canada,2015-11-29,Active
100930,Emily,Smith,1952-09-17,Male,Hamilton,Ontario,Canada,1975-12-10,Active
100931,Emily,Anderson,1954-11-28,Male,Calgary,Alberta,Canada,1989-10-10,Active
100932,Olivia,Clark,1980-09-09,Female,Winnipeg,Manitoba,Canada,1998-11-07,Active
100933,David,Wilson,1960-10-17,Female,Red Deer,Alberta,Canada,1998-04-18,Active
100934,Jessica,Garcia,1959-03-05,Female,Halifax,Nova Scotia,Canada,1978-12-28,Active
100935,Daniel,Jackson,1967-09-27,Male,Montreal,Quebec,Canada,2018-02-10,Active
100936,Ava,Wilson,2000-11-09,Male,Surrey,British Columbia,Canada,2023-01-08,Active
100937,Michael,Lee,1997-02-07,Female,Brampton,Ontario,Canada,2023-10-24,Active
100938,Michael,White,1964-01-13,Female,Moncton,New Brunswick,Canada,2008-03-19,Active
100939,Daniel,Thompson,1992-05-11,Male,Laval,Quebec,Canada,2010-12-19,Active
100940,Sarah,Brown,2004-05-16,Female,Toronto,Ontario,Canada,2023-11-20,Active
100941,Olivia,Thomas,1961-09-01,Female,Edmonton,Alberta,Canada,1980-03-28,Active
100942,Daniel,Martin,1944-04-05,Female,Laval,Quebec,Canada,1967-05-05,Active
100943,Mia,Martin,1958-07-30,Male,Halifax,Nova Scotia,Canada,2023-09-02,Active
100944,Sarah,Smith,1996-06-03,Male,Red Deer,Alberta,Canada,2025-11-12,Active
100945,John,Martin,1950-09-09,Female,Winnipeg,Manitoba,Canada,1975-08-18,Active
100946,John,Lee,1960-06-26,Female,Montreal,Quebec,Canada,1998-01-12,Active
100947,Ava,Garcia,2004-02-04,Female,Quebec City,Quebec,Canada,2023-06-01,Active
100948,Michael,Taylor,1956-09-13,Female,Edmonton,Alberta,Canada,1997-01-03,Active
100949,Ava,Lewis,1974-03-10,Male,Mississauga,Ontario,Canada,2013-03-20,Inactive
100950,Robert,Thompson,1999-09-14,Male,Toronto,Ontario,Canada,2021-02-13,Active
100951,John,Smith,1997-05-11,Male,St. John's,Newfoundland and Labrador,Canada,2024-07-17,Inactive
100952,Robert,Brown,1963-03-05,Female,Regina,Saskatchewan,Canada,1983-11-18,Active
100953,Jessica,Lewis,1959-09-30,Male,Halifax,Nova Scotia,Canada,2006-04-17,Inactive
100954,Daniel,Taylor,1980-10-13,Female,Toronto,Ontario,Canada,2018-08-04,Inactive
100955,Sophia,Brown,1964-05-01,Female,Ottawa,Ontario,Canada,2006-12-16,Active
100956,Jessica,Jackson,1990-06-02,Female,Winnipeg,Manitoba,Canada,2020-07-19,Inactive
100957,Daniel,White,1986-08-17,Female,Ottawa,Ontario,Canada,2018-04-09,Active
100958,Jessica,Harris,1970-05-30,Female,Quebec City,Quebec,Canada,1994-09-14,Active
100959,Ava,Martin,1969-10-24,Male,Brampton,Ontario,Canada,2018-06-25,Active
100960,Daniel,Lee,1950-05-20,Female,Winnipeg,Manitoba,Canada,1984-01-14,Active
100961,Michael,Garcia,1987-09-17,Male,Montreal,Quebec,Canada,2009-06-10,Active
100962,Daniel,Smith,2002-02-08,Male,Ottawa,Ontario,Canada,2023-09-10,Active
100963,Emma,Brown,1999-03-12,Female,Quebec City,Quebec,Canada,2023-03-18,Active
100964,David,Smith,1984-10-16,Female,Hamilton,Ontario,Canada,2011-10-14,Active
100965,Ava,Thomas,1989-11-09,Female,Victoria,British Columbia,Canada,2008-12-28,Active
100966,Emily,Thomas,2000-03-21,Male,Surrey,British Columbia,Canada,2026-08-25,Active
100967,Jessica,Lee,1957-10-18,Female,Vancouver,British Columbia,Canada,2017-02-25,Active
100968,Robert,Thomas,1992-05-14,Female,Laval,Quebec,Canada,2018-06-17,Active
100969,Mia,Smith,1950-07-12,Female,Ottawa,Ontario,Canada,1988-11-03,Inactive
100970,James,Lewis,1992-10-05,Male,Toronto,Ontario,Canada,2024-10-16,Active
100971,Robert,Taylor,1957-10-17,Female,Halifax,Nova Scotia,Canada,1993-11-03,Active
100972,Daniel,Lewis,1981-02-28,Female,Laval,Quebec,Canada,2004-10-14,Active
100973,Sarah,Garcia,1944-02-19,Female,Montreal,Quebec,Canada,1978-05-28,Active
100974,Sarah,Lewis,1944-05-22,Male,Mississauga,Ontario,Canada,1998-02-20,Active
100975,Michael,Clark,1984-11-22,Female,St. John's,Newfoundland and Labrador,Canada,2020-08-25,Active
100976,David,Wilson,1999-08-10,Male,Calgary,Alberta,Canada,2020-07-09,Inactive
100977,John,Martin,1950-12-12,Male,Mississauga,Ontario,Canada,1980-02-02,Active
100978,Emily,Jackson,1996-05-07,Male,Surrey,British Columbia,Canada,2025-11-10,Inactive
100979,William,Martin,1991-07-28,Female,Montreal,Quebec,Canada,2011-03-24,Active
100980,Emily,Garcia,1989-10-20,Female,Calgary,Alberta,Canada,2018-03-14,Active
100981,Emily,White,1961-03-06,Male,Charlottetown,Prince Edward Island,Canada,1987-08-12,Active
100982,Olivia,Anderson,1999-04-29,Male,Victoria,British Columbia,Canada,2023-06-08,Inactive
100983,Emily,Lewis,1982-05-22,Male,Red Deer,Alberta,Canada,2010-03-31,Active
100984,Jessica,Martin,1955-08-09,Male,Laval,Quebec,Canada,1977-08-21,Active
100985,Emily,Lewis,1999-08-06,Female,Ottawa,Ontario,Canada,2019-02-11,Inactive
100986,Jessica,Taylor,1961-10-03,Male,Victoria,British Columbia,Canada,2002-08-19,Active
100987,Jessica,Clark,1975-05-14,Male,Vancouver,British Columbia,Canada,1998-03-08,Active
100988,Robert,Anderson,1953-11-24,Female,Brampton,Ontario,Canada,2003-08-20,Active
100989,David,Jackson,1968-07-24,Male,Quebec City,Quebec,Canada,2018-09-03,Active
100990,Sophia,Clark,1984-09-26,Female,Hamilton,Ontario,Canada,2009-09-07,Active
100991,William,Thomas,2000-08-10,Female,Ottawa,Ontario,Canada,2026-02-27,Active
100992,Emily,Taylor,1971-08-14,Female,Winnipeg,Manitoba,Canada,2016-11-16,Active
100993,Michael,Lewis,1982-12-05,Female,Brampton,Ontario,Canada,2003-02-15,Active
100994,Daniel,Lee,1950-06-19,Male,Calgary,Alberta,Canada,1995-08-15,Inactive
100995,Sarah,Anderson,1959-01-16,Female,Ottawa,Ontario,Canada,2004-07-12,Active
100996,Jessica,Anderson,1980-04-06,Female,Vancouver,British Columbia,Canada,2014-03-16,Active
100997,Sarah,Taylor,1946-08-14,Male,Saskatoon,Saskatchewan,Canada,1993-03-11,Active
100998,William,Smith,1965-05-10,Female,Calgary,Alberta,Canada,1998-12-26,Active
100999,Ava,Harris,1947-10-09,Female,Calgary,Alberta,Canada,2000-06-01,Active
101000,Sarah,Taylor,1974-11-26,Female,Brampton,Ontario,Canada,2015-09-29,Active
101001,Emma,Clark,1960-07-22,Female,Ottawa,Ontario,Canada,2019-05-07,Active
101002,Sophia,Wilson,1960-06-19,Male,Vancouver,British Columbia,Canada,1983-06-09,Inactive
101003,Emily,Martin,1973-02-01,Female,Edmonton,Alberta,Canada,1996-01-07,Active
101004,Mia,White,1954-02-25,Female,Red Deer,Alberta,Canada,1999-10-01,Active
101005,John,Martin,1991-11-03,Female,Victoria,British Columbia,Canada,2016-12-22,Active
101006,Mia,Brown,1972-05-26,Male,Hamilton,Ontario,Canada,2022-11-18,Active
101007,Emma,Jackson,2000-11-16,Female,Brampton,Ontario,Canada,2023-05-06,Active
101008,Sarah,Martin,1958-03-31,Female,Halifax,Nova Scotia,Canada,1988-02-08,Active
101009,Sophia,Thomas,1947-12-03,Male,Montreal,Quebec,Canada,2017-07-29,Active
101010,Sarah,Lewis,1969-07-07,Female,Red Deer,Alberta,Canada,2021-07-07,Active
101011,Robert,White,1950-08-15,Female,Quebec City,Quebec,Canada,1970-12-29,Active
101012,Sophia,Thomas,1968-01-31,Female,Saskatoon,Saskatchewan,Canada,2022-01-01,Active
101013,David,Smith,1992-08-08,Female,Edmonton,Alberta,Canada,2016-06-11,Active
101014,Robert,Wilson,2003-04-01,Male,Toronto,Ontario,Canada,2022-07-01,Active
101015,Sarah,White,1972-11-05,Female,Winnipeg,Manitoba,Canada,1994-12-22,Active
101016,Emma,Jackson,1955-10-09,Female,Ottawa,Ontario,Canada,1978-01-15,Active
101017,William,Lewis,1968-05-31,Female,Montreal,Quebec,Canada,1988-10-25,Active
101018,Sarah,Garcia,1962-01-17,Male,Calgary,Alberta,Canada,2015-09-07,Closed
101019,James,Wilson,1951-08-06,Male,Ottawa,Ontario,Canada,2021-03-17,Active
101020,John,Harris,1993-11-20,Female,Ottawa,Ontario,Canada,2026-01-20,Active
101021,James,Jackson,1990-01-24,Male,Victoria,British Columbia,Canada,2017-07-22,Active
101022,John,Brown,1962-08-22,Female,Charlottetown,Prince Edward Island,Canada,1992-05-29,Active
101023,Mia,Martin,1974-08-03,Female,Ottawa,Ontario,Canada,2022-11-16,Active
101024,Emma,Harris,1974-04-04,Female,Vancouver,British Columbia,Canada,2023-09-03,Active
101025,Emma,Brown,1971-02-19,Male,Quebec City,Quebec,Canada,2004-03-09,Active
101026,James,White,1992-01-02,Female,Quebec City,Quebec,Canada,2013-06-21,Active
101027,John,Thompson,1987-12-28,Male,Vancouver,British Columbia,Canada,2023-05-06,Inactive
101028,Robert,Anderson,1944-04-10,Female,Quebec City,Quebec,Canada,1985-05-29,Inactive
101029,Emily,Thomas,1958-02-13,Male,Edmonton,Alberta,Canada,2003-03-30,Active
101030,William,Brown,2004-04-06,Female,Surrey,British Columbia,Canada,2026-03-01,Active
101031,Sarah,Taylor,1970-01-23,Male,St. John's,Newfoundland and Labrador,Canada,1994-06-25,Inactive
101032,Michael,Lee,1973-02-27,Male,Red Deer,Alberta,Canada,2001-12-14,Active
101033,Olivia,Martin,1991-12-17,Female,Ottawa,Ontario,Canada,2013-06-30,Active
101034,Robert,Wilson,1991-11-05,Female,Red Deer,Alberta,Canada,2022-07-22,Active
101035,James,White,1979-08-19,Female,Victoria,British Columbia,Canada,2001-01-15,Active
101036,Sophia,Wilson,2002-01-04,Female,Ottawa,Ontario,Canada,2020-12-26,Active
101037,Mia,Jackson,1981-02-27,Female,Vancouver,British Columbia,Canada,2008-04-02,Inactive
101038,James,Wilson,1999-03-29,Male,Edmonton,Alberta,Canada,2020-10-23,Closed
101039,Daniel,Martin,1972-08-23,Female,Toronto,Ontario,Canada,2017-06-27,Inactive
101040,Emma,Harris,1957-11-19,Female,Laval,Quebec,Canada,2023-08-28,Active
101041,Olivia,Martin,1950-12-30,Female,Montreal,Quebec,Canada,2003-04-18,Active
101042,Emma,Jackson,1978-12-23,Male,Montreal,Quebec,Canada,2003-09-11,Active
101043,Daniel,Anderson,2000-02-28,Female,Winnipeg,Manitoba,Canada,2023-10-13,Active
101044,William,Taylor,1969-11-14,Male,Hamilton,Ontario,Canada,2015-02-03,Active
101045,Olivia,Taylor,1989-10-10,Female,Calgary,Alberta,Canada,2009-05-14,Inactive
101046,Michael,Jackson,1977-07-16,Female,Edmonton,Alberta,Canada,2024-02-29,Active
101047,David,Jackson,1994-10-17,Female,Quebec City,Quebec,Canada,2019-11-20,Active
101048,Jessica,Thompson,1993-02-12,Male,Montreal,Quebec,Canada,2023-04-28,Active
101049,Olivia,Smith,1987-12-10,Male,Brampton,Ontario,Canada,2007-01-02,Active
101050,John,Anderson,1966-05-01,Male,Ottawa,Ontario,Canada,2024-06-18,Active
101051,Sarah,Clark,1969-12-12,Male,Laval,Quebec,Canada,2025-08-05,Active
101052,William,Lewis,1974-01-24,Male,Mississauga,Ontario,Canada,2024-09-20,Active
101053,Sarah,Lewis,1995-10-17,Female,Edmonton,Alberta,Canada,2020-08-08,Active
101054,Ava,Anderson,1982-04-21,Male,Surrey,British Columbia,Canada,2003-04-20,Active
101055,John,Wilson,1954-10-20,Male,Ottawa,Ontario,Canada,1997-02-13,Active
101056,Ava,Wilson,1961-01-16,Female,Toronto,Ontario,Canada,2007-09-11,Active
101057,Daniel,Brown,1963-08-18,Male,Calgary,Alberta,Canada,2001-10-29,Active
101058,Sophia,Lee,1982-03-20,Male,Ottawa,Ontario,Canada,2011-07-05,Active
101059,Daniel,Lewis,1992-03-22,Female,Vancouver,British Columbia,Canada,2015-12-23,Active
101060,Robert,Clark,1953-05-19,Male,Ottawa,Ontario,Canada,2009-02-15,Active
101061,Sophia,Thompson,1989-07-19,Male,Saskatoon,Saskatchewan,Canada,2018-07-01,Active
101062,Olivia,Thomas,1983-03-01,Female,Montreal,Quebec,Canada,2020-02-06,Active
101063,Michael,White,1957-01-10,Male,Laval,Quebec,Canada,1979-02-28,Active
101064,Olivia,Clark,1953-01-08,Male,Montreal,Quebec,Canada,1984-08-31,Active
101065,Sophia,Clark,1953-04-04,Male,Hamilton,Ontario,Canada,2019-12-15,Active
101066,William,White,1992-11-12,Male,Vancouver,British Columbia,Canada,2023-07-03,Active
101067,Mia,Clark,1958-11-01,Female,Ottawa,Ontario,Canada,2010-05-29,Active
101068,Jessica,Thomas,1956-03-22,Male,Ottawa,Ontario,Canada,1995-09-06,Active
101069,William,Jackson,1970-04-26,Male,Ottawa,Ontario,Canada,2004-09-22,Active
101070,James,Clark,1984-09-14,Male,Vancouver,British Columbia,Canada,2018-06-10,Active
101071,Olivia,Thomas,1971-11-17,Female,Winnipeg,Manitoba,Canada,2018-04-04,Active
101072,David,Garcia,1980-08-12,Male,Ottawa,Ontario,Canada,2010-08-11,Active
101073,Sophia,Jackson,1967-02-04,Female,Calgary,Alberta,Canada,2022-05-29,Active
101074,Sarah,Anderson,1970-10-18,Male,Red Deer,Alberta,Canada,2001-11-26,Active
101075,Sarah,Taylor,1980-11-06,Female,Brampton,Ontario,Canada,2007-10-05,Active
101076,Michael,Martin,1984-08-30,Male,Hamilton,Ontario,Canada,2019-04-27,Active
101077,Olivia,White,1990-06-18,Male,Hamilton,Ontario,Canada,2022-11-08,Active
101078,Michael,Thomas,1997-05-01,Female,Ottawa,Ontario,Canada,2021-06-22,Active
101079,Daniel,Garcia,1964-09-17,Male,Edmonton,Alberta,Canada,2024-07-17,Active
101080,Emma,Smith,1951-07-28,Female,Quebec City,Quebec,Canada,2018-04-08,Active
101081,Mia,Brown,1949-11-06,Female,Quebec City,Quebec,Canada,1980-01-12,Active
101082,Ava,Lee,1986-08-13,Female,Surrey,British Columbia,Canada,2021-12-12,Active
101083,Ava,Martin,1971-02-22,Male,Mississauga,Ontario,Canada,2019-07-24,Active
101084,Emily,Harris,1969-11-02,Female,Winnipeg,Manitoba,Canada,2021-07-21,Active
101085,David,Smith,1990-03-21,Male,Surrey,British Columbia,Canada,2017-11-29,Active
101086,Emma,Harris,1986-06-16,Female,Ottawa,Ontario,Canada,2021-06-18,Inactive
101087,Emma,Jackson,2001-08-07,Female,Laval,Quebec,Canada,2024-09-18,Active
101088,Ava,Harris,1999-02-16,Female,Hamilton,Ontario,Canada,2025-11-15,Active
101089,Jessica,Smith,1991-03-26,Female,St. John's,Newfoundland and Labrador,Canada,2014-05-29,Active
101090,Michael,Harris,1985-02-16,Female,Quebec City,Quebec,Canada,2006-10-25,Active
101091,Sarah,Harris,2000-07-05,Female,Winnipeg,Manitoba,Canada,2024-10-05,Active
101092,Daniel,Anderson,1954-01-25,Male,Saint John,New Brunswick,Canada,2007-01-14,Inactive
101093,Emma,Smith,2004-03-08,Female,Laval,Quebec,Canada,2026-07-24,Active
101094,William,Lee,1970-03-20,Male,Surrey,British Columbia,Canada,1991-05-21,Active
101095,Robert,Thompson,1959-08-23,Male,Quebec City,Quebec,Canada,1979-05-07,Active
101096,John,Martin,1978-08-13,Female,Mississauga,Ontario,Canada,2011-08-19,Active
101097,Emma,Garcia,2000-04-27,Male,Halifax,Nova Scotia,Canada,2023-05-22,Active
101098,Sophia,Thompson,1951-12-29,Female,Montreal,Quebec,Canada,2018-10-22,Inactive
101099,James,Wilson,1954-12-07,Male,Winnipeg,Manitoba,Canada,2008-11-04,Active
101100,Daniel,Jackson,1984-07-19,Male,Vancouver,British Columbia,Canada,2020-01-18,Active
101101,Sarah,Lewis,1986-02-19,Female,Brampton,Ontario,Canada,2012-11-15,Inactive
101102,Sarah,Anderson,1988-12-07,Male,Laval,Quebec,Canada,2018-06-08,Active
101103,Mia,Lee,2000-07-31,Female,Brampton,Ontario,Canada,2019-09-18,Active
101104,Michael,Smith,1992-01-15,Female,Ottawa,Ontario,Canada,2021-07-30,Active
101105,Robert,Anderson,1995-02-23,Female,Vancouver,British Columbia,Canada,2015-01-17,Active
101106,Michael,Thomas,1951-07-22,Male,Brampton,Ontario,Canada,1979-06-14,Active
101107,David,Martin,1966-06-24,Female,Moncton,New Brunswick,Canada,1991-06-23,Active
101108,Mia,Wilson,1988-06-04,Male,Quebec City,Quebec,Canada,2025-04-07,Active
101109,Ava,Taylor,1995-08-27,Male,Montreal,Quebec,Canada,2015-12-01,Active
101110,James,Martin,1967-01-26,Male,Brampton,Ontario,Canada,1993-11-28,Active
101111,Jessica,Anderson,1980-08-18,Male,Mississauga,Ontario,Canada,2026-07-16,Active
101112,David,Lewis,1957-04-22,Female,Laval,Quebec,Canada,1983-11-18,Active
101113,Michael,Lewis,1998-07-15,Male,Mississauga,Ontario,Canada,2022-01-17,Inactive
101114,Robert,Anderson,1977-01-12,Male,Vancouver,British Columbia,Canada,1999-06-17,Active
101115,Michael,Harris,1950-01-03,Female,Laval,Quebec,Canada,1994-04-08,Active
101116,Sarah,Anderson,1980-01-30,Male,Brampton,Ontario,Canada,2024-11-04,Active
101117,Ava,Thomas,1960-09-06,Male,Montreal,Quebec,Canada,1994-06-15,Active
101118,Emily,Thompson,1972-10-10,Male,Toronto,Ontario,Canada,2007-04-25,Active
101119,Olivia,Anderson,1965-11-11,Male,Brampton,Ontario,Canada,2021-05-13,Active
101120,Sarah,Wilson,1996-12-21,Female,Calgary,Alberta,Canada,2021-03-16,Inactive
101121,James,Taylor,1997-05-05,Female,Brampton,Ontario,Canada,2026-01-31,Active
101122,John,Lewis,1953-10-25,Female,Toronto,Ontario,Canada,1992-08-08,Active
101123,Robert,Taylor,1964-05-29,Female,Montreal,Quebec,Canada,1992-08-28,Active
101124,David,Thomas,1969-08-26,Male,Laval,Quebec,Canada,1988-09-17,Active
101125,Emma,Martin,1997-11-05,Female,Halifax,Nova Scotia,Canada,2020-02-15,Active
101126,Emma,Brown,1960-10-27,Male,Edmonton,Alberta,Canada,1982-01-03,Active
101127,Emma,Anderson,1988-03-02,Male,Red Deer,Alberta,Canada,2017-12-21,Active
101128,Jessica,Wilson,1947-01-27,Male,Quebec City,Quebec,Canada,1966-01-16,Active
101129,Emily,Lewis,2004-06-06,Male,Quebec City,Quebec,Canada,2022-11-12,Active
101130,Jessica,Lewis,1965-05-12,Female,Mississauga,Ontario,Canada,2006-09-13,Active
101131,Daniel,Garcia,1960-12-05,Male,Edmonton,Alberta,Canada,2007-12-08,Active
101132,Olivia,Taylor,1989-03-28,Male,Montreal,Quebec,Canada,2010-12-30,Active
101133,Sophia,Martin,1982-07-10,Male,Hamilton,Ontario,Canada,2019-12-08,Active
101134,Sophia,Martin,1976-12-18,Female,Surrey,British Columbia,Canada,2007-09-17,Active
101135,Jessica,Lewis,2002-08-18,Female,Red Deer,Alberta,Canada,2021-10-04,Active
101136,James,Wilson,1970-05-19,Female,Laval,Quebec,Canada,2006-01-02,Active
101137,Olivia,Garcia,1977-12-31,Female,Ottawa,Ontario,Canada,2024-04-20,Active
101138,William,Wilson,1973-11-27,Female,Regina,Saskatchewan,Canada,2010-06-02,Active
101139,Sophia,Harris,1954-11-28,Male,Ottawa,Ontario,Canada,2018-11-08,Active
101140,Emily,Lewis,1963-09-08,Male,Saint John,New Brunswick,Canada,2021-11-04,Active
101141,Mia,Smith,1981-12-30,Male,Laval,Quebec,Canada,2006-01-11,Active
101142,William,Wilson,1951-09-12,Male,Halifax,Nova Scotia,Canada,1972-02-28,Active
101143,Mia,Clark,1990-01-13,Female,Regina,Saskatchewan,Canada,2020-07-14,Active
101144,Emma,Smith,1981-03-13,Male,Laval,Quebec,Canada,2012-10-09,Active
101145,Robert,Thompson,1984-12-04,Male,Red Deer,Alberta,Canada,2011-06-20,Active
101146,Sarah,White,1995-05-15,Female,Brampton,Ontario,Canada,2015-02-14,Active
101147,Sarah,Thomas,1974-06-21,Male,Hamilton,Ontario,Canada,1997-07-07,Active
101148,Sophia,Clark,1993-09-16,Male,Mississauga,Ontario,Canada,2025-07-26,Active
101149,Olivia,Clark,1991-03-06,Male,Vancouver,British Columbia,Canada,2011-09-07,Active
101150,Emma,Anderson,1958-09-13,Female,Toronto,Ontario,Canada,2022-07-17,Inactive
101151,William,Smith,1961-01-28,Male,Laval,Quebec,Canada,1991-09-14,Active
101152,Sarah,Brown,1971-05-12,Male,Saint John,New Brunswick,Canada,1994-07-31,Active
101153,Daniel,Brown,1950-01-02,Male,Edmonton,Alberta,Canada,1998-07-04,Inactive
101154,Mia,Lee,1978-10-13,Female,Ottawa,Ontario,Canada,2000-04-15,Active
101155,Robert,Harris,2001-06-26,Male,Laval,Quebec,Canada,2021-06-10,Active
101156,Emily,Thompson,1994-07-22,Male,Hamilton,Ontario,Canada,2014-02-08,Active
101157,John,Taylor,1989-11-29,Female,Hamilton,Ontario,Canada,2008-04-12,Active
101158,Emma,Clark,1956-05-18,Female,Saskatoon,Saskatchewan,Canada,1979-07-04,Active
101159,William,Thompson,1994-06-19,Male,Charlottetown,Prince Edward Island,Canada,2026-03-20,Active
101160,William,Garcia,1952-04-30,Male,Hamilton,Ontario,Canada,1979-03-27,Active
101161,Emily,White,1969-12-05,Male,Mississauga,Ontario,Canada,1996-06-30,Active
101162,Sarah,Thompson,2002-09-10,Female,Ottawa,Ontario,Canada,2021-08-15,Active
101163,Emma,Harris,1991-12-04,Male,Laval,Quebec,Canada,2011-03-08,Active
101164,Sarah,Thomas,1953-03-07,Female,Ottawa,Ontario,Canada,1980-04-01,Active
101165,Sarah,Harris,1976-11-22,Female,Hamilton,Ontario,Canada,1998-02-27,Active
101166,John,Anderson,2006-04-25,Female,Montreal,Quebec,Canada,2024-08-30,Active
101167,James,Lee,1972-02-20,Male,Hamilton,Ontario,Canada,2006-10-30,Active
101168,William,Thompson,1981-09-25,Female,Edmonton,Alberta,Canada,2009-11-28,Active
101169,Ava,Garcia,1968-02-09,Female,Calgary,Alberta,Canada,1993-05-29,Active
101170,Mia,Thompson,1975-06-09,Female,Laval,Quebec,Canada,2001-11-15,Closed
101171,Jessica,Jackson,1976-09-02,Male,Laval,Quebec,Canada,2009-07-30,Active
101172,Jessica,Lee,1955-11-26,Female,Calgary,Alberta,Canada,1995-11-28,Active
101173,William,Taylor,2003-05-21,Female,Hamilton,Ontario,Canada,2022-01-08,Active
101174,Michael,Harris,1998-03-19,Female,Winnipeg,Manitoba,Canada,2025-07-22,Active
101175,James,Brown,1950-04-23,Female,Brampton,Ontario,Canada,1991-01-14,Active
101176,William,Anderson,1954-11-05,Female,Regina,Saskatchewan,Canada,1991-10-15,Active
101177,Robert,Harris,1984-08-18,Male,Toronto,Ontario,Canada,2016-06-04,Active
101178,Michael,White,1969-04-12,Female,Edmonton,Alberta,Canada,1998-07-24,Active
101179,David,Lee,1986-10-19,Female,Mississauga,Ontario,Canada,2018-05-29,Active
101180,James,Martin,1947-01-10,Female,Red Deer,Alberta,Canada,2021-05-21,Active
101181,Jessica,Jackson,1991-05-06,Male,Quebec City,Quebec,Canada,2023-12-22,Inactive
101182,Mia,Jackson,1945-06-02,Male,Toronto,Ontario,Canada,1983-10-04,Inactive
101183,Olivia,Martin,1956-05-29,Female,Calgary,Alberta,Canada,1979-05-08,Active
101184,Daniel,Garcia,1989-12-18,Female,Brampton,Ontario,Canada,2010-03-30,Inactive
101185,Daniel,Anderson,1965-11-25,Male,Laval,Quebec,Canada,1992-11-28,Active
101186,Robert,Harris,1957-02-01,Male,Toronto,Ontario,Canada,2007-01-05,Active
101187,Michael,Harris,1999-08-16,Female,Red Deer,Alberta,Canada,2022-01-31,Active
101188,Emily,Smith,1981-11-06,Female,Edmonton,Alberta,Canada,2007-05-28,Active
101189,Emily,Lewis,1962-02-22,Male,Quebec City,Quebec,Canada,1989-03-30,Active
101190,James,Harris,1989-07-29,Male,Red Deer,Alberta,Canada,2017-07-02,Active
101191,Daniel,Taylor,1952-05-29,Male,Regina,Saskatchewan,Canada,2024-06-30,Active
101192,Robert,Martin,1974-12-25,Male,Surrey,British Columbia,Canada,2018-11-07,Active
101193,Michael,Thompson,1955-11-29,Female,Hamilton,Ontario,Canada,1987-06-08,Active
101194,Olivia,Lewis,1985-05-10,Female,Quebec City,Quebec,Canada,2016-07-15,Inactive
101195,Sarah,Smith,1961-02-24,Female,Hamilton,Ontario,Canada,2003-04-21,Active
101196,Jessica,Jackson,1959-03-12,Female,Laval,Quebec,Canada,2017-03-16,Active
101197,Olivia,Wilson,1960-02-16,Male,Hamilton,Ontario,Canada,1994-11-06,Active
101198,Ava,Harris,1995-07-11,Male,Edmonton,Alberta,Canada,2018-01-20,Active
101199,Emma,White,1998-07-30,Male,Surrey,British Columbia,Canada,2021-02-05,Inactive
101200,Jessica,White,1956-12-28,Male,Surrey,British Columbia,Canada,1983-09-15,Active
101201,Mia,Lee,1953-11-22,Female,Hamilton,Ontario,Canada,2019-07-17,Active
101202,Sarah,White,1981-03-17,Male,Ottawa,Ontario,Canada,2010-01-16,Inactive
101203,Ava,Jackson,1984-06-15,Female,Calgary,Alberta,Canada,2023-04-20,Active
101204,Sophia,Brown,1996-08-29,Male,Quebec City,Quebec,Canada,2019-08-09,Active
101205,Jessica,Anderson,1995-10-11,Male,Saskatoon,Saskatchewan,Canada,2022-06-27,Active
101206,Mia,Lewis,1993-12-21,Male,Quebec City,Quebec,Canada,2022-06-29,Active
101207,Sarah,Jackson,1946-09-18,Female,Ottawa,Ontario,Canada,2013-09-27,Active
101208,Olivia,Lewis,1947-03-25,Female,Victoria,British Columbia,Canada,2007-06-05,Active
101209,Robert,White,1955-10-03,Female,Vancouver,British Columbia,Canada,2010-03-31,Active
101210,Ava,Harris,1967-02-18,Male,Mississauga,Ontario,Canada,1997-12-25,Active
101211,Jessica,Jackson,1990-07-14,Female,Surrey,British Columbia,Canada,2009-09-01,Active
101212,Sophia,Harris,1997-09-17,Female,Mississauga,Ontario,Canada,2025-11-22,Active
101213,Daniel,Brown,1989-04-20,Male,Hamilton,Ontario,Canada,2023-08-29,Active
101214,Mia,Smith,1997-08-10,Male,Mississauga,Ontario,Canada,2018-08-27,Closed
101215,John,White,1967-06-19,Male,Surrey,British Columbia,Canada,1986-04-30,Active
101216,John,Harris,1984-02-04,Male,Victoria,British Columbia,Canada,2026-07-31,Active
101217,Sarah,Harris,1952-07-24,Female,Mississauga,Ontario,Canada,1975-03-07,Active
101218,Olivia,Jackson,1950-11-02,Male,Edmonton,Alberta,Canada,1970-09-23,Active
101219,Emma,Anderson,1996-01-12,Female,Edmonton,Alberta,Canada,2026-07-09,Active
101220,Daniel,Thompson,1969-06-20,Female,Laval,Quebec,Canada,2013-11-16,Active
101221,Jessica,Martin,1989-10-21,Male,Mississauga,Ontario,Canada,2019-03-01,Active
101222,Emily,Smith,2004-07-21,Female,Ottawa,Ontario,Canada,2025-02-07,Active
101223,Ava,Jackson,1980-03-13,Male,Toronto,Ontario,Canada,2019-04-22,Inactive
101224,Jessica,Thompson,1950-09-17,Male,Halifax,Nova Scotia,Canada,2002-08-11,Active
101225,Daniel,Garcia,1985-05-26,Male,Calgary,Alberta,Canada,2020-10-11,Active
101226,Ava,Anderson,1994-06-28,Male,Toronto,Ontario,Canada,2023-07-15,Active
101227,John,Lewis,1961-04-29,Male,Quebec City,Quebec,Canada,1989-04-30,Inactive
101228,Ava,Martin,1970-04-28,Female,Ottawa,Ontario,Canada,2010-12-24,Active
101229,Michael,Jackson,1983-07-24,Female,Brampton,Ontario,Canada,2009-11-23,Active
101230,Robert,Martin,1990-12-02,Female,Hamilton,Ontario,Canada,2019-09-29,Active
101231,Emma,Lewis,1955-05-30,Male,Toronto,Ontario,Canada,1982-06-24,Inactive
101232,Sophia,Taylor,1947-06-03,Female,Ottawa,Ontario,Canada,2019-02-26,Active
101233,Ava,Wilson,1984-03-02,Male,Brampton,Ontario,Canada,2008-09-02,Active
101234,Sophia,Jackson,1944-08-25,Female,Montreal,Quebec,Canada,1974-08-08,Active
101235,Jessica,Brown,1972-06-25,Female,Laval,Quebec,Canada,1994-11-20,Inactive
101236,William,Clark,1962-12-09,Female,Quebec City,Quebec,Canada,2005-03-24,Active
101237,James,Lee,1971-08-19,Male,Ottawa,Ontario,Canada,2002-10-26,Active
101238,John,Martin,1998-10-27,Female,Laval,Quebec,Canada,2023-10-31,Active
101239,Robert,Lee,2002-12-19,Female,Quebec City,Quebec,Canada,2023-05-07,Active
101240,James,Brown,1986-10-29,Male,Saint John,New Brunswick,Canada,2011-07-20,Active
101241,Sarah,Martin,1967-06-03,Female,Mississauga,Ontario,Canada,1998-05-17,Active
101242,Sophia,Jackson,1982-07-18,Male,Quebec City,Quebec,Canada,2006-04-12,Active
101243,Ava,Anderson,1952-10-05,Female,Brampton,Ontario,Canada,2009-10-06,Active
101244,Sarah,Anderson,2006-11-08,Female,Brampton,Ontario,Canada,2025-02-01,Active
101245,Mia,Harris,1999-01-21,Female,Laval,Quebec,Canada,2025-10-24,Active
101246,Ava,Martin,1965-11-17,Male,Edmonton,Alberta,Canada,1995-02-12,Inactive
101247,Emma,Wilson,1945-07-15,Male,Saint John,New Brunswick,Canada,1964-02-27,Active
101248,Daniel,Martin,1997-07-26,Male,Montreal,Quebec,Canada,2022-12-16,Active
101249,Robert,Lewis,1945-11-28,Male,Ottawa,Ontario,Canada,2008-07-16,Active
101250,Ava,Smith,1950-11-28,Female,Calgary,Alberta,Canada,2004-06-05,Active
101251,David,Lewis,1944-05-15,Male,Brampton,Ontario,Canada,1985-08-05,Active
101252,Daniel,Martin,1954-10-03,Female,Montreal,Quebec,Canada,1982-01-05,Active
101253,John,Thomas,2001-11-02,Male,Red Deer,Alberta,Canada,2025-10-19,Active
101254,Sophia,Garcia,1974-02-13,Male,Montreal,Quebec,Canada,2009-01-31,Active
101255,Jessica,Martin,1954-07-13,Male,Laval,Quebec,Canada,1998-04-10,Active
101256,John,Garcia,2004-06-12,Male,Mississauga,Ontario,Canada,2023-05-07,Active
101257,David,Brown,1970-03-19,Male,Toronto,Ontario,Canada,2018-04-12,Active
101258,Emily,Smith,1988-04-25,Male,St. John's,Newfoundland and Labrador,Canada,2025-05-13,Active
101259,Emily,Martin,1978-04-25,Male,Brampton,Ontario,Canada,2015-11-23,Active
101260,Emma,Anderson,1951-02-02,Male,Brampton,Ontario,Canada,2010-10-13,Inactive
101261,David,Taylor,1988-09-29,Female,Quebec City,Quebec,Canada,2020-11-14,Active
101262,Mia,Jackson,2004-02-28,Female,Brampton,Ontario,Canada,2022-12-10,Active
101263,Daniel,Thompson,2005-07-14,Female,Ottawa,Ontario,Canada,2024-12-25,Active
101264,Emma,Wilson,1992-03-28,Male,Ottawa,Ontario,Canada,2014-12-30,Closed
101265,David,Lee,1986-04-10,Male,Montreal,Quebec,Canada,2013-04-16,Active
101266,James,Jackson,1990-05-29,Male,Quebec City,Quebec,Canada,2023-12-26,Active
101267,James,Wilson,2005-01-22,Female,Edmonton,Alberta,Canada,2026-01-21,Inactive
101268,William,Brown,1978-09-29,Female,Brampton,Ontario,Canada,2013-05-31,Active
101269,Ava,Clark,2001-02-12,Male,Halifax,Nova Scotia,Canada,2019-12-31,Active
101270,James,Brown,1968-10-16,Male,Ottawa,Ontario,Canada,2000-12-25,Active
101271,William,Jackson,1963-12-19,Male,Brampton,Ontario,Canada,2014-04-19,Active
101272,John,Thompson,1950-12-03,Male,Halifax,Nova Scotia,Canada,2003-06-24,Active
101273,Mia,White,1973-02-18,Female,Red Deer,Alberta,Canada,2010-12-24,Active
101274,Olivia,Taylor,1983-01-18,Male,Mississauga,Ontario,Canada,2011-01-10,Active
101275,Sophia,Brown,1969-09-06,Male,Brampton,Ontario,Canada,2025-06-23,Inactive
101276,Olivia,Thompson,1952-01-17,Male,Edmonton,Alberta,Canada,2021-08-26,Active
101277,Jessica,White,1971-10-04,Male,Ottawa,Ontario,Canada,2013-07-15,Active
101278,Sophia,Smith,1981-03-02,Male,Mississauga,Ontario,Canada,2023-03-10,Active
101279,James,Wilson,1951-06-04,Male,Laval,Quebec,Canada,1979-09-01,Active
101280,Emma,Harris,1977-12-30,Male,Calgary,Alberta,Canada,2000-11-29,Closed
101281,Sophia,Wilson,1968-01-18,Male,Laval,Quebec,Canada,2015-01-13,Active
101282,Sophia,Thomas,1981-07-31,Female,Quebec City,Quebec,Canada,2017-12-05,Active
101283,William,Brown,1944-05-19,Female,Moncton,New Brunswick,Canada,1978-01-28,Active
101284,Emma,Garcia,1996-02-02,Male,Hamilton,Ontario,Canada,2024-08-15,Active
101285,William,Martin,1969-02-14,Female,Red Deer,Alberta,Canada,2016-09-04,Active
101286,James,Garcia,1969-11-26,Male,Toronto,Ontario,Canada,1996-02-03,Active
101287,Mia,Smith,1950-12-23,Female,Victoria,British Columbia,Canada,2004-03-03,Active
101288,David,Thomas,1971-07-04,Female,Quebec City,Quebec,Canada,2021-11-22,Active
101289,John,Anderson,1969-01-13,Male,Ottawa,Ontario,Canada,2017-07-07,Active
101290,Jessica,Martin,1947-10-12,Male,Quebec City,Quebec,Canada,1991-04-29,Active
101291,David,Clark,1980-06-12,Female,Winnipeg,Manitoba,Canada,2021-07-19,Active
101292,Emma,Taylor,1962-02-16,Male,Montreal,Quebec,Canada,1994-06-13,Active
101293,Daniel,Garcia,1966-06-12,Male,Brampton,Ontario,Canada,2025-08-09,Active
101294,James,Harris,1949-02-07,Female,Toronto,Ontario,Canada,2025-09-19,Active
101295,Ava,Clark,1984-05-03,Male,Victoria,British Columbia,Canada,2009-09-02,Active
101296,Sarah,Brown,1952-12-05,Female,Vancouver,British Columbia,Canada,2009-04-11,Active
101297,David,Lee,1981-06-15,Female,Laval,Quebec,Canada,2025-08-26,Active
101298,Olivia,Jackson,1970-11-21,Female,Brampton,Ontario,Canada,1999-11-12,Active
101299,Sarah,Anderson,1990-11-08,Female,Surrey,British Columbia,Canada,2021-08-07,Active
101300,James,Wilson,1969-08-26,Female,Hamilton,Ontario,Canada,2008-04-25,Active
101301,Sophia,Lee,1985-04-18,Female,Brampton,Ontario,Canada,2013-08-29,Active
101302,Daniel,Lewis,2002-12-17,Female,Laval,Quebec,Canada,2024-08-18,Active
101303,Olivia,Brown,1960-04-30,Female,Montreal,Quebec,Canada,2001-05-20,Active
101304,Mia,Jackson,1951-07-08,Female,Saint John,New Brunswick,Canada,2010-03-15,Active
101305,Jessica,Garcia,1982-04-06,Female,Quebec City,Quebec,Canada,2025-08-10,Inactive
101306,Olivia,Harris,1953-05-28,Female,Ottawa,Ontario,Canada,1982-12-22,Active
101307,David,Wilson,1957-10-25,Male,Calgary,Alberta,Canada,1984-10-09,Active
101308,David,Thomas,1991-04-22,Female,Hamilton,Ontario,Canada,2020-01-04,Closed
101309,Daniel,Thomas,1987-02-26,Male,Halifax,Nova Scotia,Canada,2025-11-01,Active
101310,Emma,Anderson,1945-05-30,Male,Mississauga,Ontario,Canada,2017-01-01,Active
101311,Sarah,Lee,1981-02-03,Male,Winnipeg,Manitoba,Canada,2010-04-03,Active
101312,William,Taylor,1985-01-03,Female,Winnipeg,Manitoba,Canada,2022-01-08,Active
101313,Sophia,Thompson,1964-04-22,Female,Calgary,Alberta,Canada,2022-10-03,Active
101314,Emma,Lewis,1991-02-05,Male,Toronto,Ontario,Canada,2014-04-08,Active
101315,Mia,Garcia,1989-06-04,Male,Calgary,Alberta,Canada,2009-06-09,Active
101316,Robert,Garcia,1983-08-17,Male,Victoria,British Columbia,Canada,2025-12-02,Active
101317,Olivia,Wilson,1959-10-08,Male,Brampton,Ontario,Canada,1985-07-15,Active
101318,Emily,Brown,1962-02-17,Male,Laval,Quebec,Canada,1980-09-17,Active
101319,Daniel,Garcia,1978-06-21,Female,Vancouver,British Columbia,Canada,2006-02-09,Active
101320,William,Garcia,1950-07-11,Male,Halifax,Nova Scotia,Canada,2013-10-26,Inactive
101321,John,Garcia,1969-11-21,Male,Calgary,Alberta,Canada,2016-11-01,Active
101322,Robert,Jackson,2006-08-19,Male,Laval,Quebec,Canada,2025-04-11,Active
101323,Emily,White,1984-06-14,Female,Victoria,British Columbia,Canada,2019-01-22,Active
101324,Mia,Smith,1998-02-20,Female,Mississauga,Ontario,Canada,2026-01-17,Active
101325,Emma,Anderson,1964-06-13,Male,Laval,Quebec,Canada,1982-10-03,Active
101326,Michael,White,1990-01-11,Male,Red Deer,Alberta,Canada,2024-01-29,Inactive
101327,Olivia,Brown,1990-04-25,Female,Vancouver,British Columbia,Canada,2019-05-03,Active
101328,John,Brown,1955-10-13,Male,Edmonton,Alberta,Canada,2020-05-19,Active
101329,Olivia,Smith,1957-11-28,Female,Laval,Quebec,Canada,1978-05-24,Inactive
101330,William,Taylor,1971-02-23,Female,Ottawa,Ontario,Canada,1998-08-06,Active
101331,Daniel,Lee,1984-02-19,Female,Surrey,British Columbia,Canada,2011-07-12,Active
101332,Olivia,Thompson,1988-09-19,Female,Toronto,Ontario,Canada,2022-08-09,Active
101333,Daniel,Lee,2005-07-06,Male,Saint John,New Brunswick,Canada,2025-08-24,Active
101334,Emma,Taylor,1950-05-23,Male,Halifax,Nova Scotia,Canada,1987-10-11,Active
101335,Emily,Harris,1984-05-12,Male,Winnipeg,Manitoba,Canada,2008-03-28,Active
101336,Ava,Lewis,2004-04-24,Male,Winnipeg,Manitoba,Canada,2024-04-04,Active
101337,Jessica,Thomas,1954-09-02,Male,Montreal,Quebec,Canada,1981-08-13,Active
101338,Robert,Martin,2004-03-06,Male,Laval,Quebec,Canada,2026-03-28,Active
101339,Sophia,Thompson,1997-01-18,Female,Calgary,Alberta,Canada,2024-09-13,Active
101340,Daniel,Clark,1953-06-25,Male,Brampton,Ontario,Canada,2011-03-29,Active
101341,Emily,Lee,1957-05-06,Female,Edmonton,Alberta,Canada,1999-12-06,Inactive
101342,Michael,Martin,1956-05-31,Male,Toronto,Ontario,Canada,2007-11-19,Active
101343,John,Harris,1949-10-19,Male,Winnipeg,Manitoba,Canada,1982-09-26,Active
101344,Emily,Lewis,1966-12-08,Male,Laval,Quebec,Canada,1990-04-26,Active
101345,Michael,Thompson,1971-10-24,Female,Edmonton,Alberta,Canada,1998-05-23,Active
101346,Ava,Thomas,1972-05-23,Female,Quebec City,Quebec,Canada,2009-12-01,Active
101347,Emma,Martin,1996-06-18,Female,Victoria,British Columbia,Canada,2026-03-02,Active
101348,Olivia,Harris,1971-10-07,Male,Regina,Saskatchewan,Canada,1994-04-28,Active
101349,Sophia,Taylor,1956-01-23,Male,Laval,Quebec,Canada,1990-02-06,Inactive
101350,Emily,White,1987-05-11,Female,Toronto,Ontario,Canada,2006-12-15,Active
101351,James,Martin,1984-05-17,Male,Mississauga,Ontario,Canada,2013-02-01,Active
101352,William,Lewis,1973-08-16,Male,Montreal,Quebec,Canada,2024-10-17,Closed
101353,Sarah,Harris,1984-07-14,Male,Vancouver,British Columbia,Canada,2003-10-07,Active
101354,Mia,Wilson,1955-08-10,Male,Surrey,British Columbia,Canada,2005-01-14,Active
101355,David,Lee,1993-02-01,Male,Toronto,Ontario,Canada,2013-06-30,Active
101356,Sarah,Harris,1960-06-11,Male,Mississauga,Ontario,Canada,1978-09-27,Active
101357,William,Anderson,1947-01-10,Female,Winnipeg,Manitoba,Canada,1998-03-10,Active
101358,Michael,Garcia,1969-11-27,Female,Victoria,British Columbia,Canada,2006-01-31,Active
101359,John,Thomas,1959-02-19,Male,Toronto,Ontario,Canada,2021-09-23,Active
101360,William,Thomas,1976-09-18,Male,Brampton,Ontario,Canada,2003-11-16,Active
101361,John,Clark,1973-03-22,Female,Brampton,Ontario,Canada,2013-09-14,Active
101362,John,Lewis,2002-02-24,Male,Red Deer,Alberta,Canada,2021-02-24,Active
101363,William,White,1970-03-24,Female,Victoria,British Columbia,Canada,2010-06-21,Active
101364,David,Thomas,1950-01-22,Male,Vancouver,British Columbia,Canada,2016-01-24,Active
101365,Emily,Clark,1976-05-01,Female,Victoria,British Columbia,Canada,2006-10-18,Active
101366,James,Wilson,1994-09-03,Female,Calgary,Alberta,Canada,2014-10-28,Active
101367,Robert,Garcia,1960-09-18,Male,Ottawa,Ontario,Canada,2002-12-14,Inactive
101368,Daniel,Harris,1963-08-02,Female,Brampton,Ontario,Canada,1989-01-31,Active
101369,Ava,Clark,1955-05-19,Female,Laval,Quebec,Canada,2007-10-27,Active
101370,Jessica,Jackson,1989-10-20,Female,St. John's,Newfoundland and Labrador,Canada,2012-03-09,Active
101371,Mia,Clark,1954-07-09,Male,Quebec City,Quebec,Canada,2008-04-14,Active
101372,William,Smith,1960-04-08,Male,Laval,Quebec,Canada,2012-09-30,Active
101373,Daniel,Garcia,1949-06-25,Male,Edmonton,Alberta,Canada,2026-08-12,Inactive
101374,Daniel,Brown,1968-04-06,Female,Mississauga,Ontario,Canada,1993-12-19,Active
101375,Mia,Martin,1998-08-27,Male,Laval,Quebec,Canada,2025-12-24,Active
101376,Ava,Wilson,1971-12-04,Male,Victoria,British Columbia,Canada,2001-09-24,Active
101377,Ava,Lee,1951-06-13,Female,St. John's,Newfoundland and Labrador,Canada,1978-04-17,Active
101378,Sophia,Garcia,1991-04-20,Male,Mississauga,Ontario,Canada,2024-12-20,Active
101379,Sarah,Brown,1966-05-14,Female,Laval,Quebec,Canada,2008-07-02,Active
101380,Emily,Lewis,1954-06-22,Male,Winnipeg,Manitoba,Canada,2003-02-06,Active
101381,Ava,Taylor,1945-03-30,Female,Vancouver,British Columbia,Canada,1982-05-20,Inactive
101382,Robert,Harris,1965-10-31,Male,Victoria,British Columbia,Canada,1991-03-29,Active
101383,William,Brown,1953-11-14,Male,Ottawa,Ontario,Canada,1975-03-27,Active
101384,Mia,Brown,1977-04-19,Female,Brampton,Ontario,Canada,2022-04-09,Active
101385,William,Taylor,1971-03-28,Male,Brampton,Ontario,Canada,1990-01-03,Active
101386,David,Harris,1985-06-05,Male,Mississauga,Ontario,Canada,2015-04-30,Active
101387,Emily,Harris,1961-04-28,Male,Red Deer,Alberta,Canada,1991-12-15,Active
101388,Robert,Clark,1948-10-16,Female,Surrey,British Columbia,Canada,2016-09-27,Active
101389,Mia,Wilson,1951-03-02,Male,Red Deer,Alberta,Canada,2009-07-26,Active
101390,Mia,Garcia,1949-12-19,Male,Ottawa,Ontario,Canada,1972-08-02,Active
101391,Robert,Smith,1960-11-10,Male,Hamilton,Ontario,Canada,1984-12-26,Active
101392,Sarah,Anderson,1989-04-06,Male,Red Deer,Alberta,Canada,2010-05-26,Active
101393,Ava,Wilson,1978-06-25,Female,Mississauga,Ontario,Canada,2018-01-04,Active
101394,Sophia,Brown,1967-01-25,Male,Toronto,Ontario,Canada,1988-11-20,Active
101395,David,Harris,1958-12-20,Female,Brampton,Ontario,Canada,1988-08-16,Inactive
101396,Emily,Lewis,1954-06-07,Female,Toronto,Ontario,Canada,1998-07-13,Active
101397,Jessica,Thompson,1953-03-11,Female,Mississauga,Ontario,Canada,1981-06-15,Active
101398,Jessica,Clark,1960-07-31,Female,Hamilton,Ontario,Canada,1997-03-16,Active
101399,James,Harris,1975-06-16,Male,Winnipeg,Manitoba,Canada,2003-07-21,Active
101400,Robert,Smith,1981-09-08,Female,Mississauga,Ontario,Canada,2010-11-28,Active
101401,Emma,Thomas,2003-07-24,Female,Laval,Quebec,Canada,2021-09-13,Active
101402,David,Clark,2004-01-22,Female,Quebec City,Quebec,Canada,2023-09-30,Active
101403,Robert,Smith,1960-07-11,Male,Quebec City,Quebec,Canada,2004-05-08,Active
101404,Robert,Brown,1990-02-10,Male,Montreal,Quebec,Canada,2015-12-24,Active
101405,Michael,Clark,1952-03-26,Female,Ottawa,Ontario,Canada,2023-05-12,Active
101406,Michael,Smith,1994-03-20,Male,Brampton,Ontario,Canada,2017-09-22,Active
101407,William,Lee,2002-07-16,Female,Quebec City,Quebec,Canada,2022-05-28,Active
101408,Mia,Garcia,1982-05-02,Male,Saint John,New Brunswick,Canada,2004-07-15,Active
101409,James,Martin,1977-12-03,Female,Montreal,Quebec,Canada,2014-10-20,Active
101410,Robert,Harris,1967-05-21,Male,Laval,Quebec,Canada,2008-11-16,Active
101411,James,Brown,1999-09-20,Male,St. John's,Newfoundland and Labrador,Canada,2018-03-09,Active
101412,Emily,Jackson,2004-08-14,Male,Red Deer,Alberta,Canada,2026-02-19,Active
101413,David,Clark,1988-07-11,Female,Calgary,Alberta,Canada,2026-03-26,Active
101414,Sophia,Lewis,1949-02-13,Female,Quebec City,Quebec,Canada,2026-04-25,Active
101415,Emily,Jackson,1999-05-22,Female,Winnipeg,Manitoba,Canada,2024-08-10,Active
101416,Sophia,Clark,1994-12-11,Female,Laval,Quebec,Canada,2014-07-21,Active
101417,Jessica,Garcia,1966-08-15,Female,Surrey,British Columbia,Canada,2022-04-22,Active
101418,Daniel,Smith,1960-04-09,Female,Red Deer,Alberta,Canada,1998-03-04,Active
101419,Emma,Martin,1992-05-23,Female,Laval,Quebec,Canada,2024-06-13,Active
101420,Sarah,Martin,1982-04-18,Female,Halifax,Nova Scotia,Canada,2006-08-27,Active
101421,Ava,Harris,1991-05-19,Female,St. John's,Newfoundland and Labrador,Canada,2021-04-01,Active
101422,Ava,Garcia,2005-11-21,Male,Montreal,Quebec,Canada,2025-06-18,Active
101423,Emily,Lewis,1967-04-01,Female,Ottawa,Ontario,Canada,2004-04-02,Active
101424,Olivia,Harris,1997-01-23,Male,Red Deer,Alberta,Canada,2019-03-30,Active
101425,David,Anderson,1973-07-23,Male,Mississauga,Ontario,Canada,1993-06-07,Active
101426,Emma,Lee,1997-07-23,Female,Laval,Quebec,Canada,2025-04-22,Active
101427,Olivia,Lee,1959-04-26,Female,Ottawa,Ontario,Canada,2012-12-30,Active
101428,Mia,Thompson,1995-11-08,Male,Edmonton,Alberta,Canada,2025-11-01,Active
101429,Robert,Martin,1988-06-21,Male,Halifax,Nova Scotia,Canada,2016-11-28,Active
101430,Sophia,Brown,1972-08-03,Female,Toronto,Ontario,Canada,2002-04-25,Closed
101431,Sarah,Jackson,2001-11-24,Male,Victoria,British Columbia,Canada,2024-01-24,Active
101432,Michael,Wilson,1968-10-05,Male,Red Deer,Alberta,Canada,2000-12-25,Active
101433,Michael,White,1990-10-14,Female,Brampton,Ontario,Canada,2025-07-30,Active
101434,Emily,Clark,1976-09-01,Female,Toronto,Ontario,Canada,2011-10-14,Inactive
101435,Robert,Taylor,1952-12-03,Female,Mississauga,Ontario,Canada,2008-09-09,Active
101436,John,Lee,1961-12-17,Female,Red Deer,Alberta,Canada,2009-08-23,Active
101437,Daniel,Brown,1994-06-05,Male,Laval,Quebec,Canada,2017-12-16,Active
101438,Jessica,Brown,1974-02-14,Male,Hamilton,Ontario,Canada,2018-02-11,Active
101439,Robert,Lee,1997-08-05,Female,Mississauga,Ontario,Canada,2021-01-12,Inactive
101440,Ava,Brown,1951-12-27,Female,Quebec City,Quebec,Canada,1975-08-29,Active
101441,Sophia,Garcia,1992-06-09,Male,Brampton,Ontario,Canada,2017-01-26,Active
101442,Sarah,Garcia,2000-03-25,Male,Victoria,British Columbia,Canada,2018-08-29,Inactive
101443,Ava,Anderson,2006-07-05,Male,Ottawa,Ontario,Canada,2026-02-04,Active
101444,Daniel,Smith,1990-05-07,Male,Red Deer,Alberta,Canada,2020-10-09,Active
101445,Michael,Anderson,1973-09-22,Male,Victoria,British Columbia,Canada,2023-01-15,Active
101446,James,Brown,1947-11-28,Male,Red Deer,Alberta,Canada,1994-12-29,Active
101447,Ava,Thompson,1956-12-06,Female,Hamilton,Ontario,Canada,2026-03-25,Active
101448,Ava,Lewis,1985-07-30,Male,Surrey,British Columbia,Canada,2019-02-09,Active
101449,Sophia,Lee,1999-08-12,Female,Calgary,Alberta,Canada,2021-02-08,Active
101450,John,Clark,1991-10-19,Female,Quebec City,Quebec,Canada,2014-11-20,Active
101451,Robert,Garcia,1982-04-03,Female,Mississauga,Ontario,Canada,2025-04-14,Active
101452,James,Lewis,1998-04-13,Female,Hamilton,Ontario,Canada,2018-01-26,Active
101453,James,Garcia,1963-05-24,Male,Vancouver,British Columbia,Canada,1982-02-21,Active
101454,David,Martin,1964-09-25,Male,Laval,Quebec,Canada,1987-08-15,Active
101455,Emily,Lee,1949-07-18,Female,Regina,Saskatchewan,Canada,2008-04-21,Active
101456,James,Anderson,1983-09-26,Male,Calgary,Alberta,Canada,2021-05-04,Active
101457,Ava,Jackson,1955-07-13,Male,Vancouver,British Columbia,Canada,2000-08-01,Active
101458,Daniel,Lewis,1961-05-24,Male,St. John's,Newfoundland and Labrador,Canada,1998-06-12,Closed
101459,David,Anderson,1949-12-01,Female,Vancouver,British Columbia,Canada,1978-09-06,Closed
101460,Sarah,Anderson,1997-06-24,Male,Hamilton,Ontario,Canada,2016-05-27,Active
101461,Sophia,Wilson,1956-12-27,Male,Ottawa,Ontario,Canada,2013-06-30,Active
101462,Robert,Anderson,1999-02-19,Male,Edmonton,Alberta,Canada,2019-06-27,Active
101463,James,Harris,1958-08-09,Female,Mississauga,Ontario,Canada,2025-11-24,Active
101464,James,Lewis,1948-10-27,Male,Saskatoon,Saskatchewan,Canada,2018-05-18,Active
101465,Emma,Wilson,2005-08-22,Female,Toronto,Ontario,Canada,2025-12-21,Closed
101466,John,Thompson,1961-12-16,Female,Ottawa,Ontario,Canada,2002-06-13,Active
101467,Jessica,Garcia,1989-06-23,Male,Calgary,Alberta,Canada,2014-05-08,Active
101468,William,Lewis,1950-06-23,Male,Calgary,Alberta,Canada,2018-02-17,Active
101469,Sophia,Garcia,1955-10-02,Female,Red Deer,Alberta,Canada,1976-04-13,Active
101470,James,Wilson,1969-02-13,Female,Toronto,Ontario,Canada,2024-07-03,Active
101471,Mia,White,1991-07-17,Male,Hamilton,Ontario,Canada,2023-08-22,Active
101472,Olivia,Lee,1944-04-28,Male,Vancouver,British Columbia,Canada,1966-08-18,Active
101473,Daniel,Lewis,1983-11-11,Male,Saskatoon,Saskatchewan,Canada,2007-04-22,Active
101474,David,Martin,1993-04-26,Male,Mississauga,Ontario,Canada,2025-10-17,Active
101475,Ava,Lee,1950-05-08,Male,Vancouver,British Columbia,Canada,2007-01-04,Active
101476,Robert,Thompson,1971-03-08,Male,Hamilton,Ontario,Canada,2003-02-03,Active
101477,Sarah,Smith,2003-08-27,Male,Victoria,British Columbia,Canada,2025-10-30,Active
101478,William,Lewis,1977-08-29,Female,Brampton,Ontario,Canada,2017-04-23,Active
101479,David,Wilson,1991-04-09,Female,Charlottetown,Prince Edward Island,Canada,2025-05-07,Active
101480,Daniel,Thomas,1990-10-14,Female,Brampton,Ontario,Canada,2015-12-29,Active
101481,Michael,Taylor,1970-01-12,Female,Victoria,British Columbia,Canada,2010-10-04,Active
101482,James,Thompson,1988-11-16,Female,Edmonton,Alberta,Canada,2019-01-15,Active
101483,Robert,Smith,2003-09-17,Male,Toronto,Ontario,Canada,2021-12-03,Active
101484,John,Martin,1963-10-28,Female,Ottawa,Ontario,Canada,2011-11-10,Active
101485,Daniel,Clark,1947-01-15,Male,Quebec City,Quebec,Canada,2009-04-01,Active
101486,Emma,Garcia,1993-04-25,Female,Surrey,British Columbia,Canada,2013-05-09,Active
101487,Michael,Anderson,1963-10-07,Female,Surrey,British Columbia,Canada,2018-03-15,Active
101488,James,Lewis,1984-05-14,Female,Quebec City,Quebec,Canada,2012-11-03,Active
101489,John,Thomas,1953-12-25,Male,Hamilton,Ontario,Canada,1995-04-27,Active
101490,Sarah,Thompson,1957-09-29,Female,Regina,Saskatchewan,Canada,1986-04-06,Closed
101491,Robert,White,1991-09-16,Male,Hamilton,Ontario,Canada,2024-02-27,Active
101492,Sarah,Brown,1945-11-04,Male,Laval,Quebec,Canada,1971-05-03,Active
101493,James,Smith,1975-05-04,Male,Regina,Saskatchewan,Canada,2025-12-15,Active
101494,Robert,Wilson,1991-08-22,Male,Regina,Saskatchewan,Canada,2019-09-20,Active
101495,Daniel,Lee,1973-08-08,Female,Mississauga,Ontario,Canada,1999-11-19,Active
101496,Daniel,Lee,1954-06-08,Male,Ottawa,Ontario,Canada,2009-04-29,Active
101497,Emily,Jackson,1983-12-25,Male,Vancouver,British Columbia,Canada,2019-08-30,Active
101498,Sophia,Lee,1951-02-04,Female,Mississauga,Ontario,Canada,1983-12-04,Active
101499,Sarah,Smith,1980-07-25,Female,Vancouver,British Columbia,Canada,2023-03-15,Active
101500,Emma,Lee,1970-06-27,Male,Quebec City,Quebec,Canada,1988-10-07,Active
101501,Sarah,Taylor,1978-03-06,Female,Hamilton,Ontario,Canada,2000-01-21,Active
101502,David,Smith,2002-01-25,Female,Quebec City,Quebec,Canada,2026-06-22,Active
101503,David,Garcia,1999-10-04,Male,Surrey,British Columbia,Canada,2024-07-13,Active
101504,Robert,Thomas,1989-03-30,Female,Edmonton,Alberta,Canada,2016-06-19,Active
101505,Emily,Anderson,1975-02-21,Female,Brampton,Ontario,Canada,2003-09-26,Active
101506,David,Garcia,1994-04-12,Male,Ottawa,Ontario,Canada,2021-08-28,Active
101507,Mia,Anderson,1950-04-29,Male,Brampton,Ontario,Canada,2008-08-06,Active
101508,Sarah,Garcia,1961-01-01,Male,Victoria,British Columbia,Canada,1982-08-02,Inactive
101509,Emma,Wilson,1973-04-02,Female,Calgary,Alberta,Canada,2006-08-04,Active
101510,Olivia,Brown,1996-08-10,Male,Winnipeg,Manitoba,Canada,2022-02-01,Active
101511,William,Anderson,1968-05-15,Male,Moncton,New Brunswick,Canada,2010-01-27,Active
101512,David,Martin,1970-03-03,Female,Laval,Quebec,Canada,2017-07-11,Active
101513,Sophia,Taylor,2003-12-05,Female,Winnipeg,Manitoba,Canada,2026-04-01,Active
101514,Robert,Wilson,2005-09-13,Male,Toronto,Ontario,Canada,2023-11-03,Active
101515,David,Garcia,1946-05-14,Male,Quebec City,Quebec,Canada,1997-07-15,Active
101516,Mia,White,1979-11-23,Male,Quebec City,Quebec,Canada,2012-12-16,Inactive
101517,Sarah,Jackson,1987-08-17,Female,Red Deer,Alberta,Canada,2009-12-31,Active
101518,James,Taylor,1982-03-12,Male,Calgary,Alberta,Canada,2003-12-15,Active
101519,Sarah,Smith,2004-12-28,Male,Mississauga,Ontario,Canada,2026-04-24,Active
101520,Daniel,Smith,2001-08-27,Female,Winnipeg,Manitoba,Canada,2020-09-06,Active
101521,Emma,Thompson,1959-10-27,Male,Winnipeg,Manitoba,Canada,1999-06-03,Active
101522,Olivia,Brown,2003-10-01,Male,Halifax,Nova Scotia,Canada,2024-10-09,Active
101523,Michael,Taylor,1970-07-01,Female,Quebec City,Quebec,Canada,2006-09-20,Active
101524,Michael,Lewis,1945-02-10,Male,St. John's,Newfoundland and Labrador,Canada,2002-06-20,Active
101525,Jessica,Thomas,1966-09-11,Female,Red Deer,Alberta,Canada,1985-11-22,Active
101526,James,Garcia,1958-08-24,Female,Surrey,British Columbia,Canada,2004-05-06,Active
101527,Robert,Thomas,2002-04-22,Male,Montreal,Quebec,Canada,2025-06-13,Active
101528,Michael,Lewis,1982-09-12,Female,Red Deer,Alberta,Canada,2013-12-11,Active
101529,James,Clark,1963-06-20,Female,Calgary,Alberta,Canada,2026-04-22,Active
101530,Mia,White,1944-03-24,Female,Laval,Quebec,Canada,1992-07-06,Active
101531,John,Thompson,1967-03-19,Female,Charlottetown,Prince Edward Island,Canada,1997-12-20,Active
101532,James,Jackson,1964-01-02,Male,Brampton,Ontario,Canada,2003-07-01,Active
101533,Mia,Lee,1972-04-01,Male,Vancouver,British Columbia,Canada,2001-03-09,Active
101534,Michael,Thomas,1956-05-14,Female,Toronto,Ontario,Canada,1991-11-10,Active
101535,Emma,Clark,1977-10-02,Male,Laval,Quebec,Canada,2009-09-29,Active
101536,James,Martin,1976-12-23,Male,Hamilton,Ontario,Canada,2003-02-17,Active
101537,Michael,Martin,1989-06-27,Male,Ottawa,Ontario,Canada,2008-02-25,Active
101538,John,Thomas,1981-08-18,Male,Hamilton,Ontario,Canada,2006-10-23,Active
101539,Olivia,Clark,1989-09-05,Female,Hamilton,Ontario,Canada,2008-04-05,Active
101540,Jessica,Garcia,1955-11-28,Female,Brampton,Ontario,Canada,2021-10-26,Active
101541,Sarah,Clark,1952-08-16,Female,Victoria,British Columbia,Canada,2019-04-09,Active
101542,David,Clark,1977-10-16,Male,Mississauga,Ontario,Canada,2004-01-09,Active
101543,John,Wilson,2006-05-29,Male,Toronto,Ontario,Canada,2026-06-07,Active
101544,Emily,Lewis,1968-12-29,Female,Mississauga,Ontario,Canada,2001-11-07,Active
101545,David,Clark,1989-12-21,Male,Toronto,Ontario,Canada,2014-12-08,Active
101546,Emily,Taylor,2006-06-07,Female,Ottawa,Ontario,Canada,2025-07-23,Active
101547,Olivia,Lee,1949-12-22,Female,Halifax,Nova Scotia,Canada,2021-07-12,Active
101548,Emma,White,1948-02-07,Male,Montreal,Quebec,Canada,2011-01-31,Active
101549,Sarah,Anderson,1985-08-15,Male,Toronto,Ontario,Canada,2018-04-03,Active
101550,James,Taylor,1996-12-18,Female,Laval,Quebec,Canada,2024-01-22,Active
101551,Robert,Thomas,1986-03-07,Male,Brampton,Ontario,Canada,2023-11-14,Active
101552,Emma,Smith,2006-12-20,Female,Surrey,British Columbia,Canada,2026-03-12,Active
101553,Sarah,Thompson,1946-05-15,Female,Moncton,New Brunswick,Canada,1993-07-18,Active
101554,Jessica,Thompson,1978-02-13,Male,Toronto,Ontario,Canada,2005-05-17,Inactive
101555,Daniel,Thompson,1988-08-04,Female,Hamilton,Ontario,Canada,2015-12-13,Active
101556,Michael,Harris,1986-11-16,Male,Surrey,British Columbia,Canada,2008-06-06,Active
101557,Mia,Thomas,1946-02-28,Male,Mississauga,Ontario,Canada,2002-01-23,Active
101558,Sophia,Thompson,1952-01-23,Female,Ottawa,Ontario,Canada,2016-04-23,Closed
101559,Ava,Lewis,2006-10-14,Female,Victoria,British Columbia,Canada,2024-11-02,Active
101560,Emma,Brown,1966-02-06,Female,Vancouver,British Columbia,Canada,2021-04-28,Active
101561,Robert,Thomas,1955-07-25,Female,Hamilton,Ontario,Canada,2007-06-21,Inactive
101562,David,Lee,1955-06-08,Female,Edmonton,Alberta,Canada,2022-01-12,Active
101563,David,Clark,1954-10-30,Male,Brampton,Ontario,Canada,2010-12-17,Active
101564,Mia,Lee,1980-09-30,Male,Brampton,Ontario,Canada,2022-09-17,Active
101565,Emily,Wilson,1975-09-21,Male,Vancouver,British Columbia,Canada,2018-06-22,Active
101566,Daniel,Jackson,2003-05-09,Male,Vancouver,British Columbia,Canada,2023-04-10,Active
101567,Ava,Brown,1974-01-24,Male,Surrey,British Columbia,Canada,2010-09-26,Active
101568,Jessica,Clark,1945-11-11,Female,Vancouver,British Columbia,Canada,1973-07-02,Active
101569,Mia,White,1977-05-14,Male,Victoria,British Columbia,Canada,2021-08-04,Active
101570,Ava,Taylor,1975-02-24,Female,Winnipeg,Manitoba,Canada,2015-08-15,Active
101571,John,Brown,1964-08-22,Female,Montreal,Quebec,Canada,2008-05-14,Active
101572,William,Garcia,1989-08-01,Female,Quebec City,Quebec,Canada,2019-12-23,Active
101573,Sophia,Clark,2003-04-15,Male,Edmonton,Alberta,Canada,2025-01-19,Active
101574,Emma,Lewis,1971-02-17,Female,Toronto,Ontario,Canada,1998-06-08,Active
101575,Michael,Lee,1989-09-13,Female,Calgary,Alberta,Canada,2019-04-29,Active
101576,Robert,Clark,1977-12-12,Male,Toronto,Ontario,Canada,2014-12-31,Active
101577,Emily,Garcia,1989-10-01,Male,Laval,Quebec,Canada,2020-10-16,Active
101578,Sophia,Clark,1972-07-15,Male,Victoria,British Columbia,Canada,2026-08-08,Inactive
101579,John,Lee,1960-05-07,Female,Vancouver,British Columbia,Canada,1994-08-16,Active
101580,Jessica,Jackson,1981-08-22,Female,Ottawa,Ontario,Canada,2004-03-11,Active
101581,Robert,Garcia,1968-09-14,Male,Laval,Quebec,Canada,2026-05-08,Active
101582,David,Clark,1948-04-27,Female,Calgary,Alberta,Canada,1989-03-01,Active
101583,Sarah,Brown,1990-09-09,Male,Charlottetown,Prince Edward Island,Canada,2013-10-23,Inactive
101584,Daniel,Thompson,1978-06-13,Male,Montreal,Quebec,Canada,2008-04-07,Active
101585,Jessica,Thomas,1982-05-19,Female,Ottawa,Ontario,Canada,2021-02-17,Active
101586,Robert,Brown,1976-03-29,Female,Brampton,Ontario,Canada,2001-03-01,Active
101587,Emma,Wilson,1999-11-02,Female,Quebec City,Quebec,Canada,2018-01-05,Active
101588,John,Brown,1955-06-16,Male,Mississauga,Ontario,Canada,2015-05-23,Active
101589,Emma,Lewis,1949-01-19,Male,Calgary,Alberta,Canada,1997-09-05,Active
101590,James,Garcia,1977-09-09,Male,Quebec City,Quebec,Canada,2017-08-07,Active
101591,Sophia,Brown,1998-10-23,Male,Quebec City,Quebec,Canada,2019-06-05,Active
101592,William,Martin,1973-03-06,Male,Hamilton,Ontario,Canada,1998-11-16,Active
101593,William,Martin,1970-06-01,Female,Ottawa,Ontario,Canada,2006-02-02,Inactive
101594,James,White,1981-05-15,Female,Montreal,Quebec,Canada,2022-10-14,Inactive
101595,Olivia,Martin,1965-07-25,Male,Quebec City,Quebec,Canada,2015-04-19,Active
101596,Michael,Lewis,1979-07-10,Male,Mississauga,Ontario,Canada,2009-12-06,Active
101597,Jessica,White,2004-10-18,Male,Surrey,British Columbia,Canada,2023-06-07,Closed
101598,Olivia,Martin,1969-06-27,Male,Laval,Quebec,Canada,2009-01-26,Active
101599,Emma,Harris,1974-06-21,Female,Montreal,Quebec,Canada,1994-05-11,Active
101600,Olivia,Thomas,1993-03-18,Male,Winnipeg,Manitoba,Canada,2021-10-17,Active
101601,Robert,Lewis,1986-05-19,Female,Mississauga,Ontario,Canada,2014-01-09,Active
101602,Sophia,Jackson,1966-07-09,Male,Mississauga,Ontario,Canada,2021-05-12,Active
101603,Emma,Garcia,1977-01-15,Male,Edmonton,Alberta,Canada,2025-08-25,Active
101604,Robert,Martin,1973-11-23,Female,Brampton,Ontario,Canada,1999-10-13,Active
101605,John,Thompson,1969-01-27,Male,Laval,Quebec,Canada,1991-09-08,Active
101606,Mia,Garcia,1970-11-12,Male,Edmonton,Alberta,Canada,2011-04-04,Active
101607,Michael,Garcia,1945-01-06,Female,Montreal,Quebec,Canada,1966-02-15,Active
101608,Emily,Harris,1974-08-11,Male,Saskatoon,Saskatchewan,Canada,2015-06-25,Inactive
101609,David,Martin,1963-10-14,Male,Montreal,Quebec,Canada,2021-03-22,Active
101610,John,White,1994-05-31,Male,Quebec City,Quebec,Canada,2025-01-17,Active
101611,Sophia,Thomas,1983-09-15,Male,Hamilton,Ontario,Canada,2020-11-07,Active
101612,Michael,Thompson,1988-09-16,Female,Toronto,Ontario,Canada,2022-02-14,Active
101613,Olivia,Lewis,1960-10-04,Male,Montreal,Quebec,Canada,1990-10-14,Active
101614,Olivia,Thompson,1946-08-29,Female,Brampton,Ontario,Canada,2021-05-12,Active
101615,James,Garcia,1968-03-23,Female,Quebec City,Quebec,Canada,2016-10-01,Active
101616,Michael,Clark,1975-02-27,Male,Toronto,Ontario,Canada,1995-09-05,Active
101617,Sophia,Thomas,1971-03-22,Male,Ottawa,Ontario,Canada,2011-05-25,Active
101618,Sarah,Smith,1951-11-10,Male,Quebec City,Quebec,Canada,1994-01-10,Active
101619,John,Thomas,1956-09-28,Male,Victoria,British Columbia,Canada,1982-10-28,Active
101620,Ava,Garcia,1989-12-12,Male,Mississauga,Ontario,Canada,2013-09-05,Inactive
101621,David,Clark,2000-11-24,Female,Red Deer,Alberta,Canada,2026-03-01,Active
101622,James,White,2006-02-28,Male,Ottawa,Ontario,Canada,2025-05-28,Active
101623,Mia,Garcia,1975-12-17,Male,Hamilton,Ontario,Canada,1998-12-29,Active
101624,James,Brown,1982-12-26,Female,Saskatoon,Saskatchewan,Canada,2021-10-22,Active
101625,Emily,Martin,1982-03-16,Female,Regina,Saskatchewan,Canada,2006-08-01,Active
101626,Ava,Thompson,1967-12-06,Male,Quebec City,Quebec,Canada,2005-12-29,Active
101627,Emily,White,1964-09-20,Male,Montreal,Quebec,Canada,1988-06-01,Active
101628,Emily,Thompson,1948-07-22,Female,Calgary,Alberta,Canada,1968-08-31,Inactive
101629,William,White,1946-04-19,Male,Montreal,Quebec,Canada,2025-06-03,Active
101630,John,White,1964-12-13,Female,Toronto,Ontario,Canada,2012-04-10,Active
101631,Emily,Martin,1967-03-12,Female,Mississauga,Ontario,Canada,2010-02-24,Active
101632,Mia,Garcia,1977-02-03,Female,Ottawa,Ontario,Canada,1995-06-01,Active
101633,John,Taylor,2005-02-28,Male,Edmonton,Alberta,Canada,2025-04-19,Active
101634,Mia,Anderson,1999-06-30,Male,Vancouver,British Columbia,Canada,2018-05-23,Active
101635,Daniel,Jackson,1956-04-04,Male,Ottawa,Ontario,Canada,1982-04-07,Active
101636,Emily,Taylor,1976-04-26,Female,Toronto,Ontario,Canada,2017-11-09,Active
101637,Michael,Thomas,1979-01-29,Female,Hamilton,Ontario,Canada,2012-04-05,Active
101638,Jessica,Thomas,2006-01-07,Female,Surrey,British Columbia,Canada,2026-03-21,Active
101639,Michael,Anderson,1969-07-06,Female,Winnipeg,Manitoba,Canada,2001-06-29,Active
101640,Robert,Jackson,1967-04-04,Female,Montreal,Quebec,Canada,1998-06-06,Active
101641,Olivia,White,1991-12-11,Female,Calgary,Alberta,Canada,2023-10-01,Active
101642,James,Thompson,1944-01-12,Male,Hamilton,Ontario,Canada,1998-10-23,Active
101643,Daniel,Anderson,1950-01-21,Male,Laval,Quebec,Canada,2021-08-23,Inactive
101644,Emily,Clark,1983-08-09,Female,Quebec City,Quebec,Canada,2015-04-26,Active
101645,John,White,1964-12-15,Female,Hamilton,Ontario,Canada,1991-01-29,Active
101646,Robert,Thompson,1957-10-21,Male,Montreal,Quebec,Canada,1978-08-18,Active
101647,William,Brown,1996-02-01,Female,Edmonton,Alberta,Canada,2016-10-29,Closed
101648,Jessica,Wilson,1959-05-11,Male,Mississauga,Ontario,Canada,2004-03-22,Active
101649,Ava,Jackson,1945-08-29,Male,Montreal,Quebec,Canada,2004-12-13,Active
101650,Emma,Thomas,1945-02-04,Female,Winnipeg,Manitoba,Canada,1963-10-16,Active
101651,Michael,White,2001-03-29,Male,Edmonton,Alberta,Canada,2021-03-26,Active
101652,James,Wilson,1977-06-25,Female,Quebec City,Quebec,Canada,2021-01-19,Active
101653,James,White,1944-11-09,Female,Ottawa,Ontario,Canada,1988-02-07,Active
101654,Emily,Thompson,1959-08-05,Female,Edmonton,Alberta,Canada,2014-04-22,Closed
101655,Michael,Thompson,1964-09-10,Male,Toronto,Ontario,Canada,1999-02-08,Active
101656,David,Taylor,2006-08-22,Female,Mississauga,Ontario,Canada,2025-03-19,Active
101657,Emma,Thomas,1977-12-15,Male,Hamilton,Ontario,Canada,2017-03-12,Active
101658,Mia,White,1996-08-24,Female,Montreal,Quebec,Canada,2017-10-18,Active
101659,Emma,White,1972-04-14,Male,Victoria,British Columbia,Canada,2014-04-19,Active
101660,David,Garcia,1989-06-08,Female,Calgary,Alberta,Canada,2011-02-02,Active
101661,Jessica,Thomas,1946-04-28,Female,Montreal,Quebec,Canada,2011-03-21,Active
101662,Jessica,Thompson,1966-04-18,Male,Moncton,New Brunswick,Canada,2024-08-30,Active
101663,Michael,Lewis,1972-12-26,Male,Montreal,Quebec,Canada,2023-05-06,Active
101664,Emily,Anderson,1948-07-05,Male,Surrey,British Columbia,Canada,2017-05-22,Active
101665,Sarah,Clark,1960-09-29,Female,Hamilton,Ontario,Canada,1979-03-19,Active
101666,William,Anderson,1986-02-22,Female,Mississauga,Ontario,Canada,2023-01-05,Closed
101667,Sophia,Thomas,1987-02-18,Female,Quebec City,Quebec,Canada,2018-07-19,Active
101668,Olivia,Martin,1945-05-28,Female,Victoria,British Columbia,Canada,1992-11-23,Active
101669,Sarah,Martin,1960-08-21,Male,Toronto,Ontario,Canada,2017-05-01,Inactive
101670,Olivia,Harris,1971-10-27,Female,Montreal,Quebec,Canada,2019-09-21,Active
101671,Sophia,Taylor,1961-03-01,Male,Hamilton,Ontario,Canada,2023-07-15,Active
101672,Emily,Brown,1947-04-29,Female,Laval,Quebec,Canada,2001-08-11,Inactive
101673,Robert,Lewis,1946-05-26,Male,Toronto,Ontario,Canada,2008-01-30,Active
101674,Sophia,Lewis,1979-04-06,Female,Brampton,Ontario,Canada,2006-01-25,Active
101675,Olivia,Lewis,1967-02-11,Male,Brampton,Ontario,Canada,2013-01-30,Active
101676,Ava,White,1979-04-02,Male,Calgary,Alberta,Canada,2009-11-29,Active
101677,Michael,Lewis,1988-07-08,Male,Edmonton,Alberta,Canada,2019-07-01,Active
101678,Daniel,White,1977-06-05,Female,Ottawa,Ontario,Canada,2008-03-16,Active
101679,Mia,Brown,1979-01-26,Female,Brampton,Ontario,Canada,2002-04-22,Active
101680,Sarah,Wilson,1989-01-07,Male,Montreal,Quebec,Canada,2013-12-06,Active
101681,Ava,Anderson,1955-07-06,Male,Mississauga,Ontario,Canada,1991-05-03,Active
101682,James,Thomas,1958-05-17,Male,Red Deer,Alberta,Canada,1988-07-23,Active
101683,James,Lee,1989-10-06,Female,Laval,Quebec,Canada,2009-09-28,Active
101684,Sophia,Anderson,1959-04-04,Female,Red Deer,Alberta,Canada,1996-12-07,Active
101685,William,Martin,1999-01-22,Female,Mississauga,Ontario,Canada,2021-11-26,Active
101686,Sarah,Anderson,1970-03-21,Female,Moncton,New Brunswick,Canada,2011-04-05,Active
101687,Daniel,Martin,1949-01-27,Male,Calgary,Alberta,Canada,2003-09-23,Active
101688,Daniel,Harris,1988-04-10,Male,Vancouver,British Columbia,Canada,2010-04-10,Active
101689,Ava,Wilson,1970-10-30,Female,Halifax,Nova Scotia,Canada,1994-05-01,Inactive
101690,John,Jackson,1951-05-10,Female,Quebec City,Quebec,Canada,1977-06-26,Active
101691,Sophia,Brown,1957-05-29,Male,Brampton,Ontario,Canada,2010-05-17,Active
101692,Mia,Lewis,1999-10-24,Female,Montreal,Quebec,Canada,2023-12-04,Closed
101693,Jessica,Thompson,1972-12-20,Male,Red Deer,Alberta,Canada,2009-04-28,Active
101694,William,Lee,1959-11-21,Male,Calgary,Alberta,Canada,2003-07-25,Active
101695,Michael,Lewis,1978-03-05,Male,Montreal,Quebec,Canada,2015-08-25,Active
101696,Olivia,Taylor,1952-01-21,Female,Surrey,British Columbia,Canada,1989-12-28,Active
101697,Sarah,Thompson,1968-08-28,Female,Ottawa,Ontario,Canada,2016-07-01,Active
101698,Michael,Brown,1981-09-25,Female,Hamilton,Ontario,Canada,2024-03-08,Active
101699,William,Lee,2004-04-14,Female,Montreal,Quebec,Canada,2023-04-29,Active
101700,Ava,Garcia,1961-05-12,Female,Montreal,Quebec,Canada,2001-03-08,Active
101701,David,Thompson,1996-02-04,Male,Mississauga,Ontario,Canada,2018-01-26,Active
101702,Michael,Lee,1969-10-02,Female,Red Deer,Alberta,Canada,2000-08-29,Active
101703,Olivia,Clark,2000-03-04,Male,Montreal,Quebec,Canada,2021-06-24,Active
101704,Michael,Clark,1947-11-07,Female,Laval,Quebec,Canada,1979-01-01,Inactive
101705,Mia,Brown,1952-07-29,Male,Hamilton,Ontario,Canada,1990-02-21,Active
101706,Emma,Smith,1973-04-17,Male,Brampton,Ontario,Canada,2002-09-21,Active
101707,Ava,Lee,1993-08-28,Female,Victoria,British Columbia,Canada,2023-11-14,Active
101708,Mia,Taylor,1963-02-18,Male,Edmonton,Alberta,Canada,1993-08-06,Active
101709,David,Jackson,1951-07-19,Male,Toronto,Ontario,Canada,1975-01-30,Inactive
101710,David,Smith,1954-09-12,Female,Edmonton,Alberta,Canada,2019-06-24,Active
101711,William,Martin,1962-04-02,Female,Calgary,Alberta,Canada,2022-02-24,Active
101712,Sarah,Clark,1968-05-03,Male,Calgary,Alberta,Canada,2022-04-23,Active
101713,Mia,Clark,1980-03-13,Male,Quebec City,Quebec,Canada,2003-06-01,Active
101714,Sophia,Harris,1992-07-07,Male,Ottawa,Ontario,Canada,2017-03-06,Active
101715,Jessica,Martin,1952-02-03,Female,Edmonton,Alberta,Canada,1986-07-15,Active
101716,Mia,White,1992-02-10,Female,Montreal,Quebec,Canada,2014-06-06,Active
101717,Jessica,Jackson,2006-03-06,Male,Hamilton,Ontario,Canada,2026-06-17,Active
101718,William,Harris,1966-09-17,Female,Montreal,Quebec,Canada,1990-03-07,Active
101719,Daniel,Lee,1956-12-15,Female,Quebec City,Quebec,Canada,2006-03-20,Active
101720,Sarah,Taylor,2005-05-18,Female,Quebec City,Quebec,Canada,2025-09-24,Active
101721,John,White,2001-05-25,Male,Winnipeg,Manitoba,Canada,2019-11-22,Active
101722,Sophia,Martin,1951-12-06,Female,Laval,Quebec,Canada,2019-10-22,Active
101723,Jessica,Harris,1997-03-24,Female,Ottawa,Ontario,Canada,2017-10-22,Active
101724,Olivia,Smith,1997-11-06,Male,Moncton,New Brunswick,Canada,2020-04-17,Active
101725,Emily,Anderson,1963-02-11,Male,Mississauga,Ontario,Canada,2005-10-11,Active
101726,Sophia,Martin,2005-09-03,Male,Hamilton,Ontario,Canada,2026-04-17,Active
101727,Ava,Thompson,1955-12-23,Male,Calgary,Alberta,Canada,2026-01-08,Active
101728,Emily,Garcia,1980-02-05,Female,Halifax,Nova Scotia,Canada,2005-03-02,Closed
101729,Daniel,Lee,1988-04-17,Female,Victoria,British Columbia,Canada,2014-08-12,Active
101730,John,Thompson,1947-10-15,Male,Quebec City,Quebec,Canada,2002-11-05,Active
101731,Sophia,Harris,2001-12-13,Female,Quebec City,Quebec,Canada,2022-09-17,Active
101732,Mia,Anderson,2002-01-10,Male,Edmonton,Alberta,Canada,2020-07-24,Active
101733,Olivia,Thomas,1967-09-30,Female,Winnipeg,Manitoba,Canada,2017-09-01,Active
101734,Emma,Clark,1971-07-12,Male,Hamilton,Ontario,Canada,2010-06-10,Active
101735,Emma,White,1967-04-14,Female,Red Deer,Alberta,Canada,1990-08-14,Active
101736,Sophia,Thompson,1954-10-30,Female,Surrey,British Columbia,Canada,2007-03-20,Active
101737,Sarah,Brown,1999-09-18,Female,Mississauga,Ontario,Canada,2025-10-29,Active
101738,John,Brown,2000-02-28,Female,Ottawa,Ontario,Canada,2023-08-23,Active
101739,James,Taylor,1980-02-15,Male,Mississauga,Ontario,Canada,2011-09-27,Active
101740,David,Wilson,1970-11-22,Female,Halifax,Nova Scotia,Canada,2018-04-23,Active
101741,Daniel,Martin,1986-09-10,Female,Montreal,Quebec,Canada,2010-08-30,Active
101742,Sophia,Martin,1975-06-18,Male,Victoria,British Columbia,Canada,1996-08-10,Active
101743,Daniel,Harris,1991-06-17,Female,Brampton,Ontario,Canada,2017-11-23,Active
101744,James,Anderson,1979-12-22,Male,Edmonton,Alberta,Canada,2005-12-19,Active
101745,David,Harris,1954-12-24,Male,Quebec City,Quebec,Canada,1999-04-22,Active
101746,Ava,Brown,2001-02-11,Female,Saskatoon,Saskatchewan,Canada,2024-05-07,Active
101747,Ava,White,1970-11-29,Male,Laval,Quebec,Canada,2020-11-15,Active
101748,William,Wilson,1975-09-26,Male,Calgary,Alberta,Canada,2013-03-26,Active
101749,Emma,Brown,1985-09-28,Male,Victoria,British Columbia,Canada,2017-09-12,Active
101750,Olivia,Wilson,1999-12-16,Female,Laval,Quebec,Canada,2026-03-24,Active
101751,Mia,Brown,1970-05-28,Female,Halifax,Nova Scotia,Canada,2023-02-28,Active
101752,Mia,White,1954-09-22,Male,Quebec City,Quebec,Canada,2015-01-09,Active
101753,Jessica,Harris,1950-08-28,Female,Winnipeg,Manitoba,Canada,2021-05-26,Active
101754,William,Martin,1982-11-07,Female,Hamilton,Ontario,Canada,2013-01-03,Active
101755,Jessica,Jackson,1970-05-31,Female,Victoria,British Columbia,Canada,2017-10-05,Active
101756,Robert,Wilson,1977-02-08,Female,Regina,Saskatchewan,Canada,2011-12-14,Active
101757,William,Smith,1997-06-03,Female,Winnipeg,Manitoba,Canada,2022-05-03,Active
101758,Jessica,Thompson,1964-06-23,Male,Laval,Quebec,Canada,2011-08-18,Closed
101759,Emily,Lee,1984-10-09,Male,Laval,Quebec,Canada,2004-08-23,Inactive
101760,Emily,Anderson,1957-05-22,Female,Red Deer,Alberta,Canada,1975-11-29,Active
101761,William,Taylor,1987-10-25,Male,Hamilton,Ontario,Canada,2025-09-07,Active
101762,Daniel,Anderson,1948-05-28,Male,Saskatoon,Saskatchewan,Canada,1988-05-08,Active
101763,James,Taylor,1956-12-24,Male,Mississauga,Ontario,Canada,1977-08-11,Active
101764,Jessica,Taylor,1960-06-27,Male,Mississauga,Ontario,Canada,1984-05-11,Active
101765,Emily,White,1955-11-09,Female,Red Deer,Alberta,Canada,1975-12-01,Closed
101766,Ava,Garcia,1986-11-17,Male,Quebec City,Quebec,Canada,2010-02-04,Active
101767,Sarah,Thompson,1968-12-19,Female,Mississauga,Ontario,Canada,2015-12-01,Active
101768,Sarah,Lee,1961-07-11,Female,Ottawa,Ontario,Canada,2018-08-18,Active
101769,John,Thomas,1960-11-17,Male,St. John's,Newfoundland and Labrador,Canada,1981-11-14,Active
101770,Michael,White,1989-11-14,Male,Quebec City,Quebec,Canada,2018-03-06,Active
101771,William,Thomas,1978-07-09,Male,Charlottetown,Prince Edward Island,Canada,2016-06-13,Active
101772,William,Smith,1999-02-19,Female,Mississauga,Ontario,Canada,2025-05-03,Active
101773,William,Thomas,1975-10-22,Male,Laval,Quebec,Canada,2023-07-20,Active
101774,William,Taylor,1987-09-28,Female,Hamilton,Ontario,Canada,2024-05-04,Inactive
101775,Sophia,White,2001-11-28,Male,Laval,Quebec,Canada,2024-10-02,Active
101776,John,Wilson,1994-09-20,Male,Hamilton,Ontario,Canada,2023-12-17,Active
101777,Robert,Garcia,1991-09-03,Male,Toronto,Ontario,Canada,2022-04-30,Active
101778,Michael,Clark,1980-02-11,Male,Quebec City,Quebec,Canada,2019-11-15,Active
101779,Robert,Lee,1998-11-12,Male,Vancouver,British Columbia,Canada,2025-09-15,Active
101780,Olivia,Brown,2003-08-21,Female,Laval,Quebec,Canada,2022-06-22,Active
101781,James,Brown,1951-07-07,Male,Montreal,Quebec,Canada,1974-06-10,Active
101782,William,Lee,1992-01-25,Female,Quebec City,Quebec,Canada,2014-07-15,Active
101783,James,Clark,1944-11-10,Female,Laval,Quebec,Canada,2023-07-28,Active
101784,Ava,Harris,1964-04-30,Female,Edmonton,Alberta,Canada,2013-07-18,Active
101785,Olivia,Anderson,1995-01-18,Female,Calgary,Alberta,Canada,2019-06-15,Closed
101786,David,White,1989-07-27,Male,Edmonton,Alberta,Canada,2013-04-26,Active
101787,Michael,Harris,1982-09-25,Female,Ottawa,Ontario,Canada,2005-11-27,Active
101788,John,Clark,1986-04-30,Male,Laval,Quebec,Canada,2012-09-15,Active
101789,Sarah,White,1953-11-17,Female,Red Deer,Alberta,Canada,2023-12-30,Active
101790,Sophia,Smith,1991-05-04,Male,Halifax,Nova Scotia,Canada,2025-07-25,Active
101791,Emily,Thompson,1950-04-28,Female,Laval,Quebec,Canada,2025-01-28,Active
101792,Mia,Garcia,1964-02-13,Female,Montreal,Quebec,Canada,2013-07-25,Active
101793,William,Anderson,1949-05-06,Female,Red Deer,Alberta,Canada,2002-02-10,Active
101794,Robert,Brown,1976-02-07,Male,Charlottetown,Prince Edward Island,Canada,1997-07-29,Active
101795,Sarah,Wilson,1998-03-20,Female,Montreal,Quebec,Canada,2022-05-30,Active
101796,David,Clark,1999-06-19,Female,Brampton,Ontario,Canada,2024-02-06,Active
101797,Ava,Jackson,1944-08-20,Male,Calgary,Alberta,Canada,1989-07-17,Active
101798,Michael,White,2005-06-21,Male,Surrey,British Columbia,Canada,2026-01-03,Active
101799,Sarah,Lee,1956-12-30,Male,Hamilton,Ontario,Canada,2005-06-22,Active
101800,Sarah,Smith,1966-09-04,Male,Hamilton,Ontario,Canada,2023-01-10,Active
101801,James,Taylor,1961-09-25,Female,Laval,Quebec,Canada,1984-10-04,Active
101802,Sarah,Clark,1974-08-30,Male,Victoria,British Columbia,Canada,2015-12-17,Active
101803,Daniel,Harris,1944-06-28,Female,Calgary,Alberta,Canada,1984-08-02,Active
101804,David,Smith,1964-11-03,Female,Hamilton,Ontario,Canada,1987-01-13,Active
101805,John,Thompson,1963-03-04,Female,Hamilton,Ontario,Canada,1995-01-12,Inactive
101806,James,Wilson,1989-03-25,Female,Victoria,British Columbia,Canada,2022-02-07,Active
101807,James,Garcia,1998-02-08,Female,Toronto,Ontario,Canada,2018-01-23,Active
101808,Sarah,Garcia,1946-06-11,Female,Laval,Quebec,Canada,2005-04-12,Inactive
101809,John,Clark,1969-11-02,Male,Laval,Quebec,Canada,1995-08-30,Active
101810,Ava,Jackson,2004-02-03,Female,Toronto,Ontario,Canada,2024-03-06,Active
101811,David,Anderson,2002-05-18,Female,Calgary,Alberta,Canada,2021-04-17,Active
101812,Jessica,Lewis,1978-08-11,Male,Ottawa,Ontario,Canada,2019-06-21,Active
101813,Olivia,Harris,1991-04-26,Female,Calgary,Alberta,Canada,2024-06-12,Active
101814,Sarah,Martin,1961-01-25,Female,Surrey,British Columbia,Canada,2004-01-23,Active
101815,Mia,Wilson,1994-08-21,Male,Quebec City,Quebec,Canada,2018-02-19,Inactive
101816,John,Martin,1946-05-08,Female,Winnipeg,Manitoba,Canada,2022-06-12,Inactive
101817,David,Harris,1976-05-09,Female,Hamilton,Ontario,Canada,2024-12-05,Active
101818,David,Anderson,1979-04-30,Male,Calgary,Alberta,Canada,2024-08-28,Inactive
101819,Michael,Garcia,1954-11-11,Male,Toronto,Ontario,Canada,2014-12-31,Active
101820,Robert,Wilson,1980-12-05,Male,Charlottetown,Prince Edward Island,Canada,2005-03-07,Inactive
101821,Robert,Thompson,2003-02-25,Female,Hamilton,Ontario,Canada,2022-01-14,Active
101822,Sophia,Lee,1987-10-20,Male,Laval,Quebec,Canada,2014-12-29,Active
101823,Robert,Harris,1953-01-21,Female,Hamilton,Ontario,Canada,2002-08-20,Active
101824,Mia,Brown,1977-02-05,Female,Quebec City,Quebec,Canada,2001-05-13,Active
101825,Sophia,Harris,1988-06-14,Female,Ottawa,Ontario,Canada,2009-05-23,Active
101826,Mia,White,1976-06-27,Male,Toronto,Ontario,Canada,2005-02-16,Active
101827,John,Harris,1953-09-10,Male,Ottawa,Ontario,Canada,1990-12-25,Active
101828,Ava,Anderson,1963-02-28,Male,Ottawa,Ontario,Canada,1991-04-25,Inactive
101829,Jessica,Martin,1972-11-13,Male,Surrey,British Columbia,Canada,2007-05-24,Active
101830,Ava,Taylor,1956-03-22,Male,Laval,Quebec,Canada,2001-01-25,Active
101831,William,Harris,1970-09-18,Male,Hamilton,Ontario,Canada,1992-05-22,Closed
101832,Ava,Harris,1959-10-24,Male,Regina,Saskatchewan,Canada,1977-11-04,Active
101833,Emily,Martin,1952-10-25,Female,Vancouver,British Columbia,Canada,1972-10-30,Active
101834,John,Garcia,1967-08-11,Male,Ottawa,Ontario,Canada,2018-02-06,Active
101835,Daniel,Lewis,1945-02-03,Male,Laval,Quebec,Canada,2014-05-11,Active
101836,Michael,Garcia,1992-09-20,Female,Quebec City,Quebec,Canada,2013-04-02,Active
101837,Ava,Garcia,1946-07-13,Female,Quebec City,Quebec,Canada,2023-01-24,Active
101838,Robert,Lewis,1951-06-14,Female,Calgary,Alberta,Canada,1985-02-18,Active
101839,David,Taylor,1963-01-14,Female,Montreal,Quebec,Canada,2021-11-23,Active
101840,Emily,Anderson,1984-07-20,Male,Saint John,New Brunswick,Canada,2006-10-07,Active
101841,Daniel,White,1972-01-02,Female,Vancouver,British Columbia,Canada,2019-12-21,Active
101842,John,Jackson,1946-05-23,Female,St. John's,Newfoundland and Labrador,Canada,1986-06-08,Active
101843,Emma,Thompson,1965-02-15,Female,Laval,Quebec,Canada,2017-03-04,Active
101844,Emma,Smith,1946-09-18,Female,Vancouver,British Columbia,Canada,1969-06-27,Active
101845,Sophia,Wilson,1970-11-10,Male,Victoria,British Columbia,Canada,2010-07-03,Active
101846,Jessica,Garcia,1961-03-28,Male,Calgary,Alberta,Canada,2019-12-22,Active
101847,Daniel,Clark,2000-07-06,Female,Toronto,Ontario,Canada,2019-07-19,Active
101848,Emily,Anderson,1966-07-03,Female,Ottawa,Ontario,Canada,2001-12-31,Active
101849,Sarah,Anderson,1981-02-21,Male,Ottawa,Ontario,Canada,2023-09-11,Active
101850,Michael,Harris,1955-12-18,Male,Toronto,Ontario,Canada,2022-09-03,Active
101851,John,White,1974-04-15,Male,Winnipeg,Manitoba,Canada,2009-06-24,Active
101852,David,Wilson,1999-11-01,Male,Vancouver,British Columbia,Canada,2018-04-01,Active
101853,Daniel,White,1945-07-31,Male,Brampton,Ontario,Canada,2023-02-04,Active
101854,Michael,Clark,1963-03-13,Female,Laval,Quebec,Canada,1989-01-16,Active
101855,John,Thompson,1966-07-02,Male,Brampton,Ontario,Canada,2001-10-20,Active
101856,Emma,Clark,1973-07-04,Male,Calgary,Alberta,Canada,2020-11-22,Inactive
101857,William,Martin,1970-01-08,Male,Regina,Saskatchewan,Canada,1992-04-09,Inactive
101858,Emily,Lewis,2006-08-18,Female,Toronto,Ontario,Canada,2025-07-29,Active
101859,Sarah,Taylor,1952-12-18,Female,Quebec City,Quebec,Canada,2005-08-25,Active
101860,Sophia,Smith,1959-12-30,Female,Halifax,Nova Scotia,Canada,1980-11-20,Active
101861,Sophia,Brown,1973-09-04,Female,Vancouver,British Columbia,Canada,2008-08-13,Active
101862,Robert,Lee,1982-12-26,Female,Calgary,Alberta,Canada,2002-03-08,Active
101863,Emma,Martin,1949-02-19,Female,Ottawa,Ontario,Canada,2005-08-11,Active
101864,William,Taylor,1991-01-12,Female,Toronto,Ontario,Canada,2024-10-23,Active
101865,Emma,Clark,1977-03-21,Male,Surrey,British Columbia,Canada,2001-08-13,Active
101866,Daniel,Anderson,1961-01-27,Female,Mississauga,Ontario,Canada,1991-07-12,Inactive
101867,John,Harris,1967-12-18,Male,Red Deer,Alberta,Canada,1991-03-26,Active
101868,Sophia,Taylor,1947-08-15,Female,Calgary,Alberta,Canada,1990-09-14,Active
101869,James,Brown,1985-11-13,Male,Brampton,Ontario,Canada,2003-12-15,Active
101870,Sophia,Anderson,1993-11-09,Male,Montreal,Quebec,Canada,2025-02-20,Inactive
101871,James,Taylor,2006-11-24,Male,Red Deer,Alberta,Canada,2025-01-24,Active
101872,David,Harris,1962-03-17,Female,Regina,Saskatchewan,Canada,2011-03-24,Active
101873,Jessica,Smith,1961-02-20,Female,Mississauga,Ontario,Canada,1994-05-16,Active
101874,Ava,Taylor,1964-03-28,Male,Edmonton,Alberta,Canada,2016-06-19,Active
101875,Daniel,Harris,1952-04-16,Female,Toronto,Ontario,Canada,1973-03-05,Active
101876,John,Thomas,1970-02-16,Male,Winnipeg,Manitoba,Canada,2006-04-19,Active
101877,David,Martin,1951-11-13,Female,Victoria,British Columbia,Canada,1975-02-20,Active
101878,Mia,Martin,1946-06-17,Male,Ottawa,Ontario,Canada,2007-09-16,Active
101879,Olivia,Lee,1965-05-27,Male,Vancouver,British Columbia,Canada,1991-09-21,Active
101880,John,Clark,1997-08-21,Female,Surrey,British Columbia,Canada,2022-01-30,Active
101881,William,Taylor,2005-03-04,Female,Vancouver,British Columbia,Canada,2024-08-04,Inactive
101882,David,Thompson,1998-05-23,Female,Mississauga,Ontario,Canada,2018-02-21,Closed
101883,Michael,Martin,2004-05-08,Female,Surrey,British Columbia,Canada,2023-03-07,Active
101884,Emma,Harris,1998-11-23,Female,Edmonton,Alberta,Canada,2022-06-28,Active
101885,Jessica,Garcia,1985-03-13,Male,Mississauga,Ontario,Canada,2008-04-01,Active
101886,Michael,Wilson,1955-07-04,Male,Ottawa,Ontario,Canada,2022-09-17,Inactive
101887,Jessica,Thomas,1995-02-10,Female,Winnipeg,Manitoba,Canada,2023-06-17,Active
101888,Daniel,Clark,2005-07-02,Male,Vancouver,British Columbia,Canada,2024-08-04,Active
101889,James,Lewis,1975-04-15,Female,Montreal,Quebec,Canada,2006-05-14,Active
101890,Daniel,Smith,1985-09-03,Male,Winnipeg,Manitoba,Canada,2015-01-11,Active
101891,Michael,White,1968-03-08,Male,Mississauga,Ontario,Canada,2018-09-02,Active
101892,David,Taylor,1981-05-10,Male,Edmonton,Alberta,Canada,2010-09-19,Active
101893,Mia,Wilson,1945-04-27,Female,Montreal,Quebec,Canada,1989-04-30,Active
101894,Olivia,Smith,1989-07-03,Female,Mississauga,Ontario,Canada,2020-09-12,Active
101895,Michael,Harris,1976-10-18,Male,Moncton,New Brunswick,Canada,2002-12-23,Active
101896,Emma,Thompson,1991-08-17,Male,Red Deer,Alberta,Canada,2020-04-23,Active
101897,Emily,White,1967-08-07,Male,Ottawa,Ontario,Canada,2001-05-24,Active
101898,Mia,Thomas,1970-03-20,Male,Saskatoon,Saskatchewan,Canada,2006-07-23,Active
101899,Sophia,Garcia,1953-03-14,Male,Regina,Saskatchewan,Canada,2014-02-23,Active
101900,William,Martin,1980-10-14,Female,Calgary,Alberta,Canada,2000-02-07,Active
101901,Emily,Lewis,2001-12-29,Male,Brampton,Ontario,Canada,2024-05-04,Active
101902,Sarah,Thomas,1980-11-11,Male,Brampton,Ontario,Canada,2006-03-20,Closed
101903,Olivia,Taylor,2000-06-17,Male,Red Deer,Alberta,Canada,2018-07-14,Active
101904,David,Jackson,1944-06-28,Male,Saskatoon,Saskatchewan,Canada,1982-09-03,Active
101905,Robert,White,1990-06-22,Male,Ottawa,Ontario,Canada,2022-08-23,Active
101906,David,Jackson,1944-08-12,Female,Montreal,Quebec,Canada,2009-07-13,Active
101907,Robert,Clark,1971-02-04,Female,Hamilton,Ontario,Canada,1998-09-30,Active
101908,Michael,Smith,1973-08-27,Female,Laval,Quebec,Canada,2005-07-12,Active
101909,James,White,1973-07-03,Male,Vancouver,British Columbia,Canada,2022-02-03,Active
101910,Ava,Jackson,1979-03-08,Female,Brampton,Ontario,Canada,2008-05-02,Active
101911,John,Taylor,1992-05-09,Female,Surrey,British Columbia,Canada,2014-07-03,Active
101912,Mia,Martin,1988-07-21,Female,Surrey,British Columbia,Canada,2015-07-09,Active
101913,James,Clark,1947-04-11,Female,Laval,Quebec,Canada,2013-05-17,Active
101914,Sophia,Harris,1991-06-03,Male,Winnipeg,Manitoba,Canada,2016-11-14,Active
101915,Robert,Brown,1969-01-23,Female,Mississauga,Ontario,Canada,2007-06-16,Active
101916,Sarah,Brown,1980-11-26,Female,Mississauga,Ontario,Canada,2018-10-29,Active
101917,Robert,Jackson,2001-11-20,Female,Quebec City,Quebec,Canada,2025-09-21,Inactive
101918,Sarah,Thompson,1961-12-01,Female,Laval,Quebec,Canada,2011-04-03,Active
101919,Daniel,Anderson,1982-04-28,Female,Ottawa,Ontario,Canada,2011-01-08,Active
101920,Sarah,Anderson,1983-01-06,Male,Saint John,New Brunswick,Canada,2020-08-01,Active
101921,William,Clark,1975-09-17,Female,Ottawa,Ontario,Canada,2019-05-30,Active
101922,Emily,Smith,1960-05-14,Female,Ottawa,Ontario,Canada,1988-05-20,Active
101923,Emma,Brown,1991-02-12,Female,Red Deer,Alberta,Canada,2021-04-29,Inactive
101924,Daniel,Wilson,1995-07-05,Female,Saskatoon,Saskatchewan,Canada,2023-04-07,Active
101925,William,Lee,2003-07-15,Male,Quebec City,Quebec,Canada,2023-01-31,Active
101926,John,White,1970-09-01,Male,Toronto,Ontario,Canada,1999-12-03,Active
101927,William,Wilson,1952-04-22,Male,Brampton,Ontario,Canada,2008-04-18,Active
101928,John,Anderson,2000-05-19,Female,Brampton,Ontario,Canada,2018-05-19,Active
101929,Michael,Lee,1982-06-06,Female,Montreal,Quebec,Canada,2008-01-19,Active
101930,Ava,Thompson,1952-01-22,Female,Surrey,British Columbia,Canada,2006-04-07,Active
101931,John,Taylor,1992-12-22,Female,Mississauga,Ontario,Canada,2018-02-07,Active
101932,Sarah,Taylor,1988-06-11,Female,Quebec City,Quebec,Canada,2006-09-06,Active
101933,Emma,Brown,1996-06-11,Male,Red Deer,Alberta,Canada,2015-12-30,Active
101934,Ava,Garcia,1971-01-18,Female,Brampton,Ontario,Canada,1992-09-25,Active
101935,Michael,Wilson,1973-10-27,Female,Toronto,Ontario,Canada,2010-04-25,Active
101936,Michael,Anderson,1952-01-10,Female,Red Deer,Alberta,Canada,1972-05-09,Active
101937,William,Thomas,1971-01-18,Female,Brampton,Ontario,Canada,2017-09-26,Active
101938,Emily,Martin,1979-03-21,Female,Hamilton,Ontario,Canada,2015-01-28,Active
101939,Ava,Martin,1998-08-18,Male,Ottawa,Ontario,Canada,2021-09-09,Closed
101940,David,Garcia,1957-05-06,Female,Montreal,Quebec,Canada,1986-01-05,Active
101941,Michael,Anderson,1946-10-17,Female,Surrey,British Columbia,Canada,1976-04-19,Active
101942,David,Thomas,1962-06-02,Male,Laval,Quebec,Canada,2017-11-03,Active
101943,Mia,Thomas,1956-09-04,Male,Laval,Quebec,Canada,2006-09-09,Active
101944,James,Smith,1972-09-28,Male,Quebec City,Quebec,Canada,2003-07-17,Active
101945,William,Garcia,1988-07-04,Male,Toronto,Ontario,Canada,2010-09-21,Active
101946,John,Harris,1966-12-15,Female,Calgary,Alberta,Canada,1998-12-08,Active
101947,Michael,White,1965-07-24,Male,St. John's,Newfoundland and Labrador,Canada,1996-07-19,Active
101948,Mia,Lee,1968-06-27,Male,Laval,Quebec,Canada,2007-03-04,Inactive
101949,James,Wilson,2005-08-02,Female,Ottawa,Ontario,Canada,2024-05-25,Active
101950,Robert,Lee,1969-01-05,Male,Red Deer,Alberta,Canada,2017-09-29,Active
101951,Mia,Thompson,1989-02-22,Female,Ottawa,Ontario,Canada,2008-04-09,Active
101952,Jessica,Taylor,1945-01-25,Male,Ottawa,Ontario,Canada,2007-05-11,Active
101953,John,Thompson,1951-01-01,Male,Regina,Saskatchewan,Canada,1969-05-13,Active
101954,Daniel,Garcia,1967-02-21,Female,Brampton,Ontario,Canada,1993-09-19,Active
101955,Ava,Thomas,1977-08-01,Female,Brampton,Ontario,Canada,2024-09-23,Active
101956,Daniel,Thomas,1968-10-15,Female,Montreal,Quebec,Canada,2017-03-27,Active
101957,Sarah,Clark,1960-11-12,Female,Laval,Quebec,Canada,2025-10-30,Active
101958,Sarah,Wilson,1981-05-05,Male,Montreal,Quebec,Canada,2013-03-10,Active
101959,Jessica,Smith,1960-05-19,Female,Toronto,Ontario,Canada,1985-01-11,Active
101960,Michael,Martin,1974-04-19,Male,Victoria,British Columbia,Canada,2026-03-26,Active
101961,Emma,Lewis,1950-12-22,Male,Ottawa,Ontario,Canada,2012-10-27,Active
101962,Ava,White,1954-11-14,Male,Halifax,Nova Scotia,Canada,2000-09-02,Active
101963,Michael,Wilson,2001-01-31,Female,Toronto,Ontario,Canada,2024-11-28,Active
101964,Emma,Harris,1981-01-14,Male,Toronto,Ontario,Canada,2006-12-11,Active
101965,Emma,Taylor,1963-04-12,Male,Montreal,Quebec,Canada,2017-02-04,Active
101966,Sophia,Clark,1946-03-18,Male,Toronto,Ontario,Canada,2011-10-01,Active
101967,William,Martin,1993-02-20,Female,Vancouver,British Columbia,Canada,2013-04-17,Active
101968,Sarah,Thomas,1964-12-29,Male,Hamilton,Ontario,Canada,1984-04-09,Active
101969,Emma,Martin,1972-09-16,Female,Laval,Quebec,Canada,2021-02-22,Active
101970,Michael,Thompson,1983-01-25,Male,Brampton,Ontario,Canada,2019-08-14,Active
101971,Emma,Thompson,1948-09-13,Female,Montreal,Quebec,Canada,1984-04-18,Active
101972,Mia,Thomas,1983-04-24,Male,Hamilton,Ontario,Canada,2015-01-31,Active
101973,Olivia,Harris,2006-11-07,Female,Mississauga,Ontario,Canada,2024-11-26,Active
101974,William,Smith,1955-05-14,Male,Brampton,Ontario,Canada,1982-09-23,Active
101975,Emily,Jackson,2002-12-27,Male,Red Deer,Alberta,Canada,2021-06-28,Active
101976,James,Thomas,1965-05-15,Male,Surrey,British Columbia,Canada,1984-05-30,Active
101977,Mia,Harris,1944-07-02,Male,Hamilton,Ontario,Canada,1971-05-02,Active
101978,William,Lee,1972-11-01,Male,Hamilton,Ontario,Canada,1992-07-02,Active
101979,James,Lee,1956-10-03,Male,Ottawa,Ontario,Canada,2023-09-29,Active
101980,Sophia,White,1969-12-02,Female,Hamilton,Ontario,Canada,1991-02-01,Active
101981,Jessica,Martin,1954-09-30,Female,Quebec City,Quebec,Canada,1979-11-01,Active
101982,Jessica,Brown,1987-03-08,Male,Mississauga,Ontario,Canada,2015-08-30,Active
101983,James,White,1966-12-25,Male,Moncton,New Brunswick,Canada,2010-01-24,Active
101984,Sophia,Thompson,1990-08-19,Male,Calgary,Alberta,Canada,2021-05-23,Active
101985,Jessica,Thompson,1957-04-01,Male,Toronto,Ontario,Canada,1980-04-03,Active
101986,Sophia,Lee,1946-07-29,Male,Hamilton,Ontario,Canada,1972-11-18,Active
101987,Emma,Jackson,1964-06-22,Male,Brampton,Ontario,Canada,1983-03-13,Active
101988,David,Lewis,1990-12-14,Male,Ottawa,Ontario,Canada,2011-10-08,Active
101989,David,Lee,2005-12-12,Female,Quebec City,Quebec,Canada,2024-06-18,Active
101990,Mia,Harris,1999-05-07,Female,Ottawa,Ontario,Canada,2024-12-06,Active
101991,Sarah,Brown,1944-07-10,Female,Brampton,Ontario,Canada,2000-06-03,Active
101992,Daniel,Thomas,2001-07-29,Male,Hamilton,Ontario,Canada,2021-03-10,Active
101993,Robert,Garcia,1969-02-17,Female,Surrey,British Columbia,Canada,1991-10-18,Active
101994,Jessica,Harris,1947-07-12,Male,Brampton,Ontario,Canada,2016-02-22,Inactive
101995,Sophia,Lee,1958-12-30,Male,Moncton,New Brunswick,Canada,2012-06-02,Active
101996,James,Clark,1999-09-04,Female,Brampton,Ontario,Canada,2018-07-13,Inactive
101997,Emily,Smith,1981-10-16,Male,Ottawa,Ontario,Canada,2014-10-27,Active
101998,Ava,Clark,1954-04-25,Male,Montreal,Quebec,Canada,2017-10-20,Active
101999,Robert,Thomas,1994-04-15,Female,Montreal,Quebec,Canada,2016-03-04,Active
102000,Robert,Clark,1965-04-25,Female,Laval,Quebec,Canada,2015-01-27,Active
102001,Mia,White,1951-07-12,Female,Laval,Quebec,Canada,1991-08-28,Active
102002,James,Jackson,1968-01-17,Male,Brampton,Ontario,Canada,1992-01-16,Active
102003,William,Brown,1992-05-01,Male,Hamilton,Ontario,Canada,2014-12-13,Active
102004,Daniel,Brown,1962-11-01,Female,Toronto,Ontario,Canada,1996-04-28,Active
102005,Sophia,Harris,1954-02-17,Male,Surrey,British Columbia,Canada,1974-04-14,Inactive
102006,John,Harris,1962-07-26,Male,Vancouver,British Columbia,Canada,1995-12-03,Closed
102007,Daniel,Harris,1994-02-04,Male,Surrey,British Columbia,Canada,2026-03-04,Active
102008,Michael,Wilson,1954-09-03,Female,Halifax,Nova Scotia,Canada,1979-11-25,Active
102009,Sophia,White,1973-01-25,Female,Quebec City,Quebec,Canada,1991-06-22,Active
102010,Jessica,Smith,1985-07-08,Male,Winnipeg,Manitoba,Canada,2012-03-30,Active
102011,Sarah,Wilson,1947-12-09,Female,Laval,Quebec,Canada,2024-05-09,Closed
102012,William,White,1980-07-26,Male,Laval,Quebec,Canada,2017-08-12,Active
102013,Michael,Martin,1993-03-28,Female,Victoria,British Columbia,Canada,2019-02-27,Active
102014,Mia,Martin,1982-08-26,Male,Ottawa,Ontario,Canada,2019-08-28,Active
102015,Jessica,Lee,1955-08-30,Male,Brampton,Ontario,Canada,1974-03-10,Active
102016,Robert,Clark,1976-11-04,Male,Laval,Quebec,Canada,2001-04-19,Inactive
102017,Daniel,Thomas,2000-11-08,Female,Toronto,Ontario,Canada,2025-06-08,Closed
102018,Olivia,Garcia,1957-11-29,Female,Hamilton,Ontario,Canada,2012-07-18,Active
102019,Olivia,Brown,1954-02-16,Female,Red Deer,Alberta,Canada,1997-04-11,Active
102020,Daniel,Clark,1980-12-08,Male,Montreal,Quebec,Canada,2006-05-01,Inactive
102021,Robert,Thomas,1970-04-29,Male,Ottawa,Ontario,Canada,1997-01-18,Active
102022,Jessica,Garcia,1985-03-08,Male,Hamilton,Ontario,Canada,2004-03-06,Active
102023,Jessica,Lee,1982-01-09,Male,Regina,Saskatchewan,Canada,2023-07-13,Active
102024,Emily,Thompson,1947-04-09,Male,Halifax,Nova Scotia,Canada,1977-03-21,Active
102025,John,Lewis,1989-09-06,Female,Victoria,British Columbia,Canada,2023-02-20,Active
102026,Sarah,Smith,2006-03-24,Female,Brampton,Ontario,Canada,2025-01-22,Inactive
102027,Jessica,Wilson,1952-09-15,Female,Ottawa,Ontario,Canada,2021-07-30,Inactive
102028,Ava,Martin,1980-07-11,Male,Hamilton,Ontario,Canada,1999-07-15,Active
102029,Sarah,Harris,1967-07-21,Male,Calgary,Alberta,Canada,2006-10-22,Closed
102030,William,Brown,1984-03-19,Female,Quebec City,Quebec,Canada,2004-07-17,Active
102031,Emily,Thompson,1981-02-28,Male,Red Deer,Alberta,Canada,1999-03-15,Active
102032,Michael,Smith,1979-11-21,Female,Mississauga,Ontario,Canada,2008-02-21,Active
102033,John,Lee,1952-10-13,Female,Red Deer,Alberta,Canada,2006-05-24,Active
102034,Olivia,Wilson,1987-07-08,Male,Laval,Quebec,Canada,2025-01-26,Inactive
102035,Ava,Jackson,1986-05-03,Male,Montreal,Quebec,Canada,2007-09-19,Active
102036,Emma,Clark,1985-05-19,Female,Quebec City,Quebec,Canada,2018-03-09,Inactive
102037,Emily,White,1956-02-09,Female,Quebec City,Quebec,Canada,2016-04-04,Active
102038,James,Garcia,1994-05-07,Female,Winnipeg,Manitoba,Canada,2025-09-22,Active
102039,Ava,Thompson,1957-07-17,Female,Quebec City,Quebec,Canada,1989-10-14,Active
102040,Daniel,Lee,1954-03-06,Female,Regina,Saskatchewan,Canada,1974-03-17,Active
102041,Robert,Jackson,1964-08-29,Male,Ottawa,Ontario,Canada,2024-10-03,Active
102042,Mia,Lee,1954-04-25,Female,Mississauga,Ontario,Canada,2019-07-01,Active
102043,Sophia,White,1965-01-12,Female,Ottawa,Ontario,Canada,1994-02-02,Active
102044,Sophia,Lewis,1957-10-31,Male,Ottawa,Ontario,Canada,1982-09-23,Active
102045,Robert,Thompson,1949-01-03,Male,Red Deer,Alberta,Canada,1998-11-08,Active
102046,Ava,Brown,2004-09-12,Female,Hamilton,Ontario,Canada,2023-08-21,Active
102047,Daniel,Martin,1986-09-17,Female,Mississauga,Ontario,Canada,2017-02-01,Active
102048,Sarah,Lewis,1966-06-29,Male,Toronto,Ontario,Canada,1988-09-21,Inactive
102049,Sophia,Brown,1968-01-17,Female,Vancouver,British Columbia,Canada,2023-09-18,Active
102050,Jessica,Clark,1963-12-02,Female,Saskatoon,Saskatchewan,Canada,2000-04-26,Active
102051,Michael,Brown,1991-03-08,Female,Calgary,Alberta,Canada,2011-08-23,Active
102052,Robert,Lewis,1958-06-12,Male,Hamilton,Ontario,Canada,1986-08-12,Active
102053,William,Garcia,1949-09-21,Male,Quebec City,Quebec,Canada,2006-11-26,Active
102054,Ava,Wilson,1974-04-30,Male,Hamilton,Ontario,Canada,2017-09-18,Active
102055,Olivia,Thompson,1957-12-29,Female,Saskatoon,Saskatchewan,Canada,1981-05-17,Active
102056,William,Brown,2001-01-13,Female,Ottawa,Ontario,Canada,2024-10-17,Active
102057,Sophia,Harris,1966-08-01,Male,Halifax,Nova Scotia,Canada,2023-12-12,Active
102058,Sophia,Lewis,1986-06-22,Female,Edmonton,Alberta,Canada,2010-12-02,Active
102059,William,Taylor,1968-11-28,Male,Victoria,British Columbia,Canada,2011-06-08,Active
102060,Daniel,Wilson,1955-10-30,Female,Edmonton,Alberta,Canada,2016-02-02,Active
102061,Mia,Jackson,1964-01-05,Male,Mississauga,Ontario,Canada,2024-01-27,Active
102062,Emily,Thomas,1996-10-02,Female,Brampton,Ontario,Canada,2016-09-13,Active
102063,Michael,Smith,1948-12-26,Female,Ottawa,Ontario,Canada,2020-01-05,Active
102064,Olivia,Jackson,2003-07-27,Female,Toronto,Ontario,Canada,2021-10-09,Active
102065,Emily,Taylor,1945-05-02,Male,Surrey,British Columbia,Canada,1998-06-04,Active
102066,Sarah,Brown,1988-12-03,Male,Quebec City,Quebec,Canada,2010-03-07,Active
102067,Olivia,Anderson,1987-07-11,Male,Winnipeg,Manitoba,Canada,2007-12-02,Active
102068,Mia,Smith,1981-05-25,Female,Winnipeg,Manitoba,Canada,2006-02-05,Active
102069,Robert,Lewis,1948-03-24,Male,Ottawa,Ontario,Canada,1975-09-13,Active
102070,Daniel,Lee,1986-04-28,Female,Toronto,Ontario,Canada,2005-06-12,Active
102071,Michael,Thomas,1948-05-13,Female,Montreal,Quebec,Canada,1984-06-23,Active
102072,Jessica,Lewis,1990-05-14,Male,Ottawa,Ontario,Canada,2010-05-17,Active
102073,Daniel,Jackson,1992-11-11,Male,Surrey,British Columbia,Canada,2016-12-01,Active
102074,William,Lewis,1998-02-21,Male,Vancouver,British Columbia,Canada,2019-04-29,Active
102075,Olivia,Wilson,1968-06-21,Female,Victoria,British Columbia,Canada,2007-05-23,Active
102076,Daniel,Anderson,1985-06-30,Female,Laval,Quebec,Canada,2023-04-01,Active
102077,Daniel,Garcia,1955-08-26,Male,Calgary,Alberta,Canada,1981-01-29,Active
102078,Daniel,Taylor,1977-06-25,Female,Surrey,British Columbia,Canada,2022-02-27,Active
102079,David,Clark,1989-05-23,Male,Charlottetown,Prince Edward Island,Canada,2017-10-12,Active
102080,John,Jackson,1955-06-30,Male,Red Deer,Alberta,Canada,2026-04-29,Active
102081,Emma,Jackson,1996-05-14,Female,Victoria,British Columbia,Canada,2019-05-19,Inactive
102082,John,Jackson,1967-07-30,Female,Brampton,Ontario,Canada,1989-08-08,Inactive
102083,Robert,Garcia,2002-04-19,Male,Red Deer,Alberta,Canada,2021-08-20,Active
102084,Olivia,Smith,1949-04-30,Female,Ottawa,Ontario,Canada,1967-06-08,Active
102085,John,Garcia,1958-02-09,Female,Laval,Quebec,Canada,2019-11-26,Inactive
102086,Jessica,Garcia,1989-11-24,Female,Laval,Quebec,Canada,2018-07-06,Active
102087,Olivia,Clark,1956-04-10,Female,Hamilton,Ontario,Canada,2020-06-26,Active
102088,Jessica,Lee,2006-07-07,Male,Toronto,Ontario,Canada,2025-10-24,Inactive
102089,Robert,Garcia,2003-04-08,Male,Brampton,Ontario,Canada,2026-04-23,Active
102090,James,White,1950-01-17,Female,Edmonton,Alberta,Canada,1981-11-20,Inactive
102091,Mia,Jackson,1997-04-10,Female,Vancouver,British Columbia,Canada,2019-01-20,Active
102092,Robert,Thomas,1971-09-25,Male,Halifax,Nova Scotia,Canada,2019-03-04,Active
102093,Emma,Clark,1997-01-12,Male,Calgary,Alberta,Canada,2024-08-05,Active
102094,Michael,Thomas,1988-02-08,Male,Laval,Quebec,Canada,2025-10-05,Active
102095,Michael,Harris,1963-09-22,Male,Red Deer,Alberta,Canada,2021-08-03,Inactive
102096,Sophia,Brown,1945-11-19,Male,Quebec City,Quebec,Canada,1984-09-15,Active
102097,Ava,Anderson,1963-12-21,Male,Ottawa,Ontario,Canada,2012-02-28,Inactive
102098,Emma,Taylor,1971-09-10,Male,Saint John,New Brunswick,Canada,2024-08-30,Active
102099,Sophia,Jackson,1977-09-11,Female,Saskatoon,Saskatchewan,Canada,2003-11-28,Closed
102100,David,White,1994-01-26,Female,Ottawa,Ontario,Canada,2013-08-03,Active
102101,Mia,Thompson,1995-06-17,Male,Red Deer,Alberta,Canada,2020-02-08,Active
102102,Olivia,Jackson,1962-06-22,Male,Toronto,Ontario,Canada,2002-06-12,Active
102103,Michael,Wilson,1956-03-30,Male,Saskatoon,Saskatchewan,Canada,2010-08-20,Active
102104,John,Harris,1985-07-24,Female,Vancouver,British Columbia,Canada,2008-02-12,Active
102105,Mia,Smith,1990-10-18,Female,Ottawa,Ontario,Canada,2016-10-23,Inactive
102106,Robert,Clark,1982-04-06,Female,Edmonton,Alberta,Canada,2015-09-11,Inactive
102107,Sophia,Garcia,1982-11-09,Female,Laval,Quebec,Canada,2015-11-24,Active
102108,Michael,Taylor,1988-02-07,Male,Ottawa,Ontario,Canada,2007-07-26,Active
102109,Robert,Taylor,1969-10-05,Male,Edmonton,Alberta,Canada,1991-09-23,Active
102110,Robert,Smith,1959-02-17,Male,Red Deer,Alberta,Canada,2002-02-11,Active
102111,Robert,Thomas,1993-09-26,Male,Montreal,Quebec,Canada,2017-04-08,Active
102112,Olivia,Smith,1954-08-09,Male,Victoria,British Columbia,Canada,1981-12-19,Active
102113,Mia,Lee,1947-08-08,Female,Hamilton,Ontario,Canada,2014-10-13,Active
102114,Mia,Wilson,1945-01-24,Male,Brampton,Ontario,Canada,1989-08-12,Inactive
102115,Sophia,Martin,1968-11-19,Female,Victoria,British Columbia,Canada,2009-12-03,Active
102116,David,Harris,1974-04-06,Male,Toronto,Ontario,Canada,2015-12-08,Active
102117,Ava,Taylor,1978-02-28,Male,Montreal,Quebec,Canada,2018-04-10,Active
102118,Emily,Clark,1955-10-09,Female,Saskatoon,Saskatchewan,Canada,1991-06-05,Inactive
102119,Emily,Brown,1970-11-29,Male,Red Deer,Alberta,Canada,1989-11-01,Active
102120,Olivia,Lewis,1985-01-09,Male,Quebec City,Quebec,Canada,2015-10-20,Active
102121,Sophia,Garcia,1962-04-12,Male,Quebec City,Quebec,Canada,1991-05-24,Active
102122,Ava,Martin,1978-08-07,Female,Winnipeg,Manitoba,Canada,2025-10-22,Active
102123,Emily,Lewis,1961-04-16,Male,Red Deer,Alberta,Canada,2021-09-07,Active
102124,Jessica,Jackson,1996-07-10,Female,Ottawa,Ontario,Canada,2025-02-24,Active
102125,Sophia,Anderson,1971-12-10,Female,Laval,Quebec,Canada,2018-09-06,Active
102126,David,Wilson,1994-07-10,Female,Toronto,Ontario,Canada,2026-08-16,Active
102127,Robert,Lewis,1965-04-19,Male,Hamilton,Ontario,Canada,2024-10-03,Active
102128,Jessica,Jackson,1966-10-03,Female,Brampton,Ontario,Canada,1992-03-05,Active
102129,James,Clark,1991-10-07,Male,Surrey,British Columbia,Canada,2020-02-25,Active
102130,Robert,Anderson,1962-08-31,Female,Red Deer,Alberta,Canada,2003-05-25,Active
102131,Olivia,Lee,1989-04-23,Female,Saskatoon,Saskatchewan,Canada,2007-12-03,Active
102132,Ava,Lewis,1949-03-05,Male,Laval,Quebec,Canada,2013-10-30,Active
102133,Sarah,Anderson,1997-01-06,Male,Quebec City,Quebec,Canada,2016-04-16,Active
102134,William,White,1991-08-26,Female,Toronto,Ontario,Canada,2025-06-16,Active
102135,Daniel,Garcia,1979-06-11,Female,Brampton,Ontario,Canada,2017-10-10,Active
102136,Olivia,Taylor,1975-04-06,Female,Ottawa,Ontario,Canada,2001-04-23,Closed
102137,Emily,Smith,1967-07-09,Male,Moncton,New Brunswick,Canada,1987-01-07,Active
102138,James,Anderson,1965-03-09,Female,Brampton,Ontario,Canada,2026-02-18,Active
102139,Emily,Harris,1963-07-21,Female,Edmonton,Alberta,Canada,2018-01-08,Active
102140,Daniel,Wilson,1988-04-28,Female,Brampton,Ontario,Canada,2015-04-20,Active
102141,Olivia,Thomas,1956-09-17,Male,Quebec City,Quebec,Canada,2016-07-03,Active
102142,Mia,Lewis,1961-04-08,Female,Winnipeg,Manitoba,Canada,2015-11-12,Active
102143,Ava,Brown,1968-07-28,Female,Regina,Saskatchewan,Canada,2011-02-04,Active
102144,Jessica,Smith,1974-02-12,Male,Toronto,Ontario,Canada,2010-01-10,Active
102145,William,Jackson,1960-11-19,Male,Regina,Saskatchewan,Canada,1980-12-19,Active
102146,Daniel,Smith,1971-06-19,Male,Ottawa,Ontario,Canada,2000-07-14,Active
102147,Michael,Smith,1994-10-30,Male,Red Deer,Alberta,Canada,2017-02-13,Active
102148,Ava,Wilson,1961-01-09,Female,Ottawa,Ontario,Canada,1984-03-18,Active
102149,Emma,Brown,1954-12-04,Male,Laval,Quebec,Canada,2011-01-15,Active
102150,Emma,Clark,1993-10-18,Female,Vancouver,British Columbia,Canada,2014-03-15,Active
102151,Robert,Brown,1961-01-04,Male,Red Deer,Alberta,Canada,1991-05-08,Active
102152,Robert,White,1988-07-24,Female,Red Deer,Alberta,Canada,2019-07-30,Active
102153,Emma,Thompson,2004-01-01,Female,Hamilton,Ontario,Canada,2024-06-04,Active
102154,Emily,Martin,1976-09-23,Female,Calgary,Alberta,Canada,2012-06-01,Active
102155,Olivia,Martin,1978-06-04,Female,Mississauga,Ontario,Canada,2022-04-02,Active
102156,Sarah,Thomas,1987-07-20,Male,Mississauga,Ontario,Canada,2014-09-08,Active
102157,Daniel,Lewis,1951-11-24,Female,Toronto,Ontario,Canada,2004-12-24,Active
102158,Jessica,Brown,1949-08-19,Female,Ottawa,Ontario,Canada,2004-08-04,Active
102159,Emma,Brown,1955-06-13,Male,Mississauga,Ontario,Canada,1980-02-14,Active
102160,William,Clark,1971-01-29,Female,Surrey,British Columbia,Canada,2008-02-24,Active
102161,Emma,Brown,1996-11-29,Male,Ottawa,Ontario,Canada,2021-05-11,Active
102162,David,Wilson,1981-10-23,Female,Laval,Quebec,Canada,2003-08-09,Active
102163,Daniel,Wilson,1998-02-19,Male,Ottawa,Ontario,Canada,2017-06-24,Active
102164,Mia,Smith,1968-10-23,Female,Surrey,British Columbia,Canada,1997-03-26,Active
102165,Ava,Brown,1994-10-15,Male,Hamilton,Ontario,Canada,2018-09-10,Active
102166,Mia,Harris,1988-12-27,Male,Brampton,Ontario,Canada,2015-06-26,Active
102167,Robert,Martin,1950-05-03,Male,Surrey,British Columbia,Canada,1981-08-27,Active
102168,Emma,Brown,1976-11-24,Female,Saskatoon,Saskatchewan,Canada,2007-07-15,Active
102169,Ava,Lee,1983-12-11,Male,Charlottetown,Prince Edward Island,Canada,2009-02-23,Active
102170,Ava,Brown,1968-02-14,Female,Brampton,Ontario,Canada,2022-09-18,Active
102171,James,Thompson,1992-07-28,Female,Halifax,Nova Scotia,Canada,2021-02-15,Active
102172,Sophia,Clark,1970-03-02,Female,Surrey,British Columbia,Canada,2024-06-06,Active
102173,Ava,White,1988-09-17,Male,Winnipeg,Manitoba,Canada,2019-08-31,Closed
102174,Sophia,White,1989-02-14,Female,Hamilton,Ontario,Canada,2017-07-23,Inactive
102175,David,Brown,1957-11-26,Female,Toronto,Ontario,Canada,2000-10-15,Active
102176,Sophia,Taylor,1948-02-23,Male,Mississauga,Ontario,Canada,1982-03-23,Active
102177,John,Clark,1999-04-18,Male,Edmonton,Alberta,Canada,2018-12-18,Active
102178,Sarah,Thomas,1996-10-20,Female,Toronto,Ontario,Canada,2024-04-12,Active
102179,Jessica,Smith,2004-01-23,Male,Brampton,Ontario,Canada,2023-11-09,Active
102180,Daniel,Thompson,1947-08-12,Male,Montreal,Quebec,Canada,1976-09-17,Active
102181,Olivia,Thompson,1988-01-12,Male,Halifax,Nova Scotia,Canada,2014-08-23,Active
102182,David,Smith,1952-05-10,Female,Quebec City,Quebec,Canada,1998-01-25,Active
102183,Jessica,Smith,1974-07-07,Female,Surrey,British Columbia,Canada,2015-06-05,Active
102184,Jessica,Brown,1995-01-16,Female,Mississauga,Ontario,Canada,2026-08-03,Active
102185,Jessica,Smith,1959-12-25,Female,Saskatoon,Saskatchewan,Canada,2025-06-05,Active
102186,Robert,Martin,1967-08-04,Male,Ottawa,Ontario,Canada,2021-07-10,Active
102187,Robert,Brown,1974-12-10,Male,Brampton,Ontario,Canada,2020-11-04,Active
102188,David,Martin,1972-12-10,Male,Laval,Quebec,Canada,2024-02-25,Active
102189,Daniel,Wilson,1945-04-09,Male,Hamilton,Ontario,Canada,2008-08-25,Active
102190,Emily,Lee,1967-06-26,Male,Victoria,British Columbia,Canada,1989-07-07,Active
102191,William,Thompson,1997-04-01,Female,Vancouver,British Columbia,Canada,2017-12-23,Active
102192,Daniel,Thomas,1949-11-11,Male,Hamilton,Ontario,Canada,1995-01-14,Closed
102193,Robert,Jackson,1965-12-06,Male,Hamilton,Ontario,Canada,2017-06-23,Active
102194,David,Smith,1982-05-04,Male,Mississauga,Ontario,Canada,2020-08-02,Inactive
102195,Jessica,Smith,1968-02-28,Male,Brampton,Ontario,Canada,2021-09-21,Active
102196,Emma,Harris,1987-05-31,Male,Winnipeg,Manitoba,Canada,2008-09-23,Closed
102197,Robert,Smith,1960-11-03,Male,Victoria,British Columbia,Canada,2007-05-28,Inactive
102198,Emma,Martin,1955-12-19,Male,Ottawa,Ontario,Canada,2014-06-28,Active
102199,Emily,Thomas,2002-03-02,Female,Ottawa,Ontario,Canada,2022-09-23,Active
102200,Michael,Wilson,1991-05-20,Female,Edmonton,Alberta,Canada,2015-04-16,Active
102201,William,Harris,1962-11-09,Female,Red Deer,Alberta,Canada,2011-02-19,Active
102202,James,Harris,1950-04-15,Female,Regina,Saskatchewan,Canada,2020-01-31,Active
102203,James,Garcia,1971-09-02,Female,Ottawa,Ontario,Canada,2006-07-01,Active
102204,William,Wilson,1992-10-24,Female,Montreal,Quebec,Canada,2017-06-07,Active
102205,Daniel,Harris,1982-08-12,Female,Hamilton,Ontario,Canada,2002-08-08,Active
102206,Sophia,Clark,1988-03-08,Female,Red Deer,Alberta,Canada,2011-04-23,Closed
102207,Michael,Anderson,1977-02-15,Male,Quebec City,Quebec,Canada,1997-08-21,Active
102208,Emma,Clark,2001-06-18,Male,Vancouver,British Columbia,Canada,2026-01-25,Active
102209,David,Thompson,1951-07-19,Male,Hamilton,Ontario,Canada,2017-09-26,Active
102210,Michael,Jackson,1995-04-02,Male,Edmonton,Alberta,Canada,2022-10-24,Active
102211,Olivia,Lewis,2004-11-26,Female,Mississauga,Ontario,Canada,2023-09-17,Active
102212,Sophia,Lee,1997-03-15,Male,Edmonton,Alberta,Canada,2020-07-04,Active
102213,Jessica,Taylor,1961-08-30,Female,Toronto,Ontario,Canada,1980-03-21,Inactive
102214,John,Lee,2004-05-02,Female,Red Deer,Alberta,Canada,2026-07-01,Active
102215,John,Smith,2004-10-02,Male,Toronto,Ontario,Canada,2022-12-16,Active
102216,William,Brown,1997-03-11,Male,Vancouver,British Columbia,Canada,2022-02-07,Active
102217,Daniel,Smith,1964-01-09,Male,Edmonton,Alberta,Canada,2004-03-03,Active
102218,Ava,Thomas,1994-03-05,Male,Ottawa,Ontario,Canada,2020-09-06,Active
102219,Robert,Lee,1997-12-31,Female,Toronto,Ontario,Canada,2016-11-17,Active
102220,Michael,Martin,1956-05-10,Female,Mississauga,Ontario,Canada,1993-04-01,Active
102221,Ava,Martin,1960-04-23,Female,Toronto,Ontario,Canada,2018-05-11,Active
102222,Michael,Brown,1991-07-28,Female,Victoria,British Columbia,Canada,2023-11-03,Inactive
102223,James,White,1995-01-02,Female,Brampton,Ontario,Canada,2018-07-08,Active
102224,Daniel,Thomas,1983-11-11,Female,Mississauga,Ontario,Canada,2016-05-18,Active
102225,Daniel,White,1978-02-05,Male,Ottawa,Ontario,Canada,2020-07-26,Closed
102226,Jessica,Taylor,2004-07-30,Male,Toronto,Ontario,Canada,2025-02-12,Active
102227,Mia,Taylor,1965-06-14,Male,Toronto,Ontario,Canada,2001-07-06,Active
102228,Mia,Lee,1989-05-12,Female,Victoria,British Columbia,Canada,2025-06-08,Active
102229,Robert,Harris,2004-02-17,Female,Mississauga,Ontario,Canada,2026-08-22,Inactive
102230,Ava,Jackson,1960-05-09,Female,Saskatoon,Saskatchewan,Canada,1991-05-24,Active
102231,Jessica,Brown,1948-07-05,Female,Edmonton,Alberta,Canada,1969-06-09,Inactive
102232,John,Garcia,1954-05-04,Female,Laval,Quebec,Canada,2015-04-23,Active
102233,Ava,White,1986-01-06,Male,Red Deer,Alberta,Canada,2006-06-11,Active
102234,Michael,Thomas,1961-09-22,Male,Surrey,British Columbia,Canada,2017-10-13,Active
102235,Emily,Thompson,1988-12-20,Female,Quebec City,Quebec,Canada,2022-04-29,Active
102236,Sophia,Brown,1974-04-01,Female,Hamilton,Ontario,Canada,1994-06-06,Active
102237,David,White,1998-03-21,Female,Vancouver,British Columbia,Canada,2021-12-11,Active
102238,Robert,Clark,1985-02-08,Male,Ottawa,Ontario,Canada,2020-02-15,Active
102239,Sarah,Jackson,1981-04-12,Female,Laval,Quebec,Canada,2001-06-28,Active
102240,Mia,Smith,1957-07-20,Female,Brampton,Ontario,Canada,2017-12-30,Active
102241,David,Taylor,1964-06-30,Female,Laval,Quebec,Canada,1987-04-21,Active
102242,Jessica,Smith,1958-09-01,Male,Vancouver,British Columbia,Canada,2003-06-27,Active
102243,Daniel,White,1947-11-20,Female,Brampton,Ontario,Canada,1967-02-11,Active
102244,John,Thomas,1963-01-07,Female,Brampton,Ontario,Canada,1986-02-03,Active
102245,Olivia,Brown,2003-10-29,Female,Calgary,Alberta,Canada,2025-05-18,Inactive
102246,Emma,Thompson,1994-11-10,Female,Ottawa,Ontario,Canada,2013-12-13,Active
102247,Emily,Wilson,1958-11-05,Female,Mississauga,Ontario,Canada,2021-08-13,Active
102248,Michael,Thomas,1967-01-08,Female,Brampton,Ontario,Canada,1986-01-01,Active
102249,Michael,Lee,1989-08-14,Female,Regina,Saskatchewan,Canada,2019-07-26,Active
102250,Daniel,Smith,1948-12-08,Male,Vancouver,British Columbia,Canada,1988-10-20,Active
102251,Sarah,Taylor,1989-06-01,Male,Laval,Quebec,Canada,2019-01-27,Active
102252,Emily,Anderson,1978-05-03,Male,Edmonton,Alberta,Canada,2015-03-06,Active
102253,David,White,1988-11-09,Female,Victoria,British Columbia,Canada,2019-08-11,Active
102254,Sarah,Taylor,1944-05-16,Male,Calgary,Alberta,Canada,1999-01-10,Active
102255,Robert,Lee,2002-11-17,Male,Victoria,British Columbia,Canada,2026-05-29,Active
102256,Olivia,Smith,1986-06-11,Female,Calgary,Alberta,Canada,2015-10-09,Active
102257,Sophia,Lee,1954-10-27,Female,Victoria,British Columbia,Canada,2018-09-18,Active
102258,Jessica,Harris,1997-01-18,Male,Ottawa,Ontario,Canada,2019-11-23,Active
102259,James,Smith,1945-11-06,Male,Toronto,Ontario,Canada,2002-03-20,Active
102260,Ava,Brown,1954-06-25,Female,Toronto,Ontario,Canada,2009-05-17,Active
102261,James,Brown,1993-10-19,Male,Montreal,Quebec,Canada,2017-07-21,Inactive
102262,Ava,Anderson,1997-03-18,Male,Moncton,New Brunswick,Canada,2025-04-30,Active
102263,James,Anderson,1950-02-27,Male,Calgary,Alberta,Canada,1984-01-03,Active
102264,Sarah,Martin,1986-10-12,Male,Red Deer,Alberta,Canada,2022-11-13,Active
102265,John,Anderson,1994-12-13,Female,Vancouver,British Columbia,Canada,2015-07-21,Active
102266,John,Thompson,1950-03-17,Male,Winnipeg,Manitoba,Canada,2010-01-03,Active
102267,Olivia,Anderson,1948-09-15,Female,Victoria,British Columbia,Canada,2016-08-07,Active
102268,Olivia,Taylor,1958-05-11,Male,Toronto,Ontario,Canada,1991-01-24,Active
102269,John,Anderson,1957-12-08,Male,Quebec City,Quebec,Canada,1988-11-30,Active
102270,Ava,Anderson,1958-04-28,Male,Quebec City,Quebec,Canada,2023-09-02,Active
102271,Robert,Clark,1993-12-18,Female,Mississauga,Ontario,Canada,2021-04-13,Active
102272,Robert,Taylor,1956-12-17,Male,Ottawa,Ontario,Canada,2019-06-29,Active
102273,Robert,Anderson,1977-06-17,Male,Brampton,Ontario,Canada,2025-01-19,Active
102274,Daniel,Lee,1965-01-28,Male,Toronto,Ontario,Canada,2024-05-22,Active
102275,Michael,Martin,1964-02-21,Female,Brampton,Ontario,Canada,2018-08-22,Active
102276,Daniel,Wilson,2001-03-08,Male,Regina,Saskatchewan,Canada,2023-10-25,Active
102277,David,Lewis,1964-02-05,Female,Mississauga,Ontario,Canada,2024-04-30,Active
102278,James,Wilson,1958-02-13,Female,Red Deer,Alberta,Canada,1992-12-12,Closed
102279,William,Wilson,1958-05-07,Female,Hamilton,Ontario,Canada,2003-10-12,Active
102280,Olivia,Jackson,2002-05-20,Female,St. John's,Newfoundland and Labrador,Canada,2023-03-23,Active
102281,Sophia,Thompson,1996-08-23,Male,Calgary,Alberta,Canada,2018-09-25,Active
102282,William,Wilson,1978-08-18,Female,Winnipeg,Manitoba,Canada,2006-06-18,Closed
102283,Robert,Garcia,1978-09-04,Female,Montreal,Quebec,Canada,2025-10-31,Active
102284,Sophia,Wilson,1976-07-28,Male,Vancouver,British Columbia,Canada,2005-10-31,Active
102285,Olivia,Garcia,1980-12-17,Female,Toronto,Ontario,Canada,2001-11-23,Active
102286,Emma,Brown,1986-06-13,Male,Quebec City,Quebec,Canada,2013-11-26,Active
102287,Mia,Jackson,1947-09-20,Female,Calgary,Alberta,Canada,1988-07-17,Active
102288,Emma,Martin,1994-10-04,Female,Hamilton,Ontario,Canada,2025-10-05,Active
102289,Ava,Taylor,1991-08-05,Female,Mississauga,Ontario,Canada,2022-11-28,Active
102290,Daniel,Martin,2004-05-01,Male,Winnipeg,Manitoba,Canada,2024-06-26,Active
102291,William,Thompson,1970-12-12,Female,Ottawa,Ontario,Canada,2020-03-14,Active
102292,Robert,Martin,1944-03-02,Female,Victoria,British Columbia,Canada,1988-03-31,Active
102293,David,Thomas,1967-06-26,Male,Toronto,Ontario,Canada,1994-09-03,Active
102294,Sophia,Garcia,1969-01-30,Female,Mississauga,Ontario,Canada,2012-05-22,Active
102295,Olivia,Thompson,1982-07-08,Female,Ottawa,Ontario,Canada,2016-10-09,Active
102296,Emma,Anderson,1955-04-12,Female,Laval,Quebec,Canada,1988-07-25,Inactive
102297,Michael,Garcia,1948-12-23,Female,Red Deer,Alberta,Canada,1977-03-12,Active
102298,Sarah,Lewis,1953-07-23,Male,Winnipeg,Manitoba,Canada,1972-01-16,Active
102299,David,Clark,1987-02-12,Male,Brampton,Ontario,Canada,2013-05-27,Active
102300,Mia,Thompson,1953-04-06,Male,Brampton,Ontario,Canada,2011-09-13,Active
102301,Robert,Garcia,1983-12-18,Male,Red Deer,Alberta,Canada,2021-11-01,Active
102302,Michael,Clark,1988-09-18,Male,Ottawa,Ontario,Canada,2013-05-06,Active
102303,Emily,Anderson,1979-10-29,Female,Brampton,Ontario,Canada,2016-12-10,Active
102304,Mia,Thompson,1947-03-22,Male,Quebec City,Quebec,Canada,1979-10-24,Active
102305,Mia,Wilson,1951-03-08,Female,Red Deer,Alberta,Canada,1979-12-17,Active
102306,John,Thomas,1996-09-17,Male,Brampton,Ontario,Canada,2021-02-08,Active
102307,Robert,Lee,1983-02-26,Male,Brampton,Ontario,Canada,2009-02-06,Active
102308,Michael,Anderson,1991-05-31,Female,Saint John,New Brunswick,Canada,2012-03-11,Active
102309,Robert,Clark,2003-04-04,Female,Regina,Saskatchewan,Canada,2022-07-22,Active
102310,Emily,Jackson,1969-10-13,Male,Vancouver,British Columbia,Canada,1998-08-04,Active
102311,Robert,Taylor,2000-07-12,Female,Vancouver,British Columbia,Canada,2021-01-31,Active
102312,John,Brown,1970-10-21,Male,Regina,Saskatchewan,Canada,2008-03-14,Active
102313,Sarah,Harris,2000-12-20,Male,Vancouver,British Columbia,Canada,2025-09-05,Active
102314,James,Jackson,1986-09-26,Male,Red Deer,Alberta,Canada,2026-02-07,Active
102315,David,White,1958-01-11,Female,Quebec City,Quebec,Canada,2005-02-19,Active
102316,James,Smith,1944-09-04,Male,Brampton,Ontario,Canada,1978-04-14,Active
102317,John,Anderson,2001-09-04,Female,Edmonton,Alberta,Canada,2021-01-12,Active
102318,Daniel,Smith,1968-05-22,Female,Victoria,British Columbia,Canada,2005-03-14,Active
102319,Emma,Anderson,1998-05-04,Male,Hamilton,Ontario,Canada,2023-04-22,Active
102320,Sophia,Lewis,1955-05-08,Female,Vancouver,British Columbia,Canada,2001-07-02,Inactive
102321,John,Wilson,1972-11-29,Male,Red Deer,Alberta,Canada,1995-08-19,Active
102322,James,Thompson,1955-05-22,Male,Brampton,Ontario,Canada,2011-05-16,Active
102323,William,Smith,1951-07-06,Male,Edmonton,Alberta,Canada,1987-04-16,Active
102324,Jessica,Harris,1978-09-08,Male,Brampton,Ontario,Canada,2012-05-02,Active
102325,Sophia,Lewis,1971-11-08,Male,Vancouver,British Columbia,Canada,2021-06-27,Active
102326,Emma,Thomas,1959-06-30,Male,Charlottetown,Prince Edward Island,Canada,2013-07-22,Active
102327,William,Wilson,1965-03-05,Female,Red Deer,Alberta,Canada,2006-01-27,Active
102328,Michael,Harris,1967-08-21,Male,Winnipeg,Manitoba,Canada,2021-02-04,Active
102329,James,Anderson,1957-12-12,Male,Victoria,British Columbia,Canada,1986-02-22,Active
102330,Michael,Lewis,1989-03-11,Female,Laval,Quebec,Canada,2012-09-11,Active
102331,James,Clark,1962-08-16,Male,Vancouver,British Columbia,Canada,1992-12-27,Inactive
102332,Emma,Martin,1983-02-07,Female,Brampton,Ontario,Canada,2022-06-19,Active
102333,Robert,Martin,1990-06-26,Female,Montreal,Quebec,Canada,2023-09-25,Active
102334,Emma,Martin,1964-10-16,Male,Quebec City,Quebec,Canada,1994-04-26,Inactive
102335,Emily,Garcia,1948-01-27,Male,Quebec City,Quebec,Canada,1977-09-09,Active
102336,Emily,Jackson,1947-02-15,Male,Laval,Quebec,Canada,2014-12-07,Active
102337,Daniel,Lee,1981-01-02,Male,Brampton,Ontario,Canada,2011-06-19,Active
102338,Emma,Thomas,1945-09-05,Female,Ottawa,Ontario,Canada,2003-10-12,Active
102339,James,Smith,1951-10-15,Female,Hamilton,Ontario,Canada,1981-01-09,Active
102340,John,Thompson,1974-09-18,Female,Montreal,Quebec,Canada,2012-01-07,Active
102341,Daniel,Martin,1961-12-28,Male,Mississauga,Ontario,Canada,2011-12-11,Active
102342,William,Lee,1970-07-22,Female,Winnipeg,Manitoba,Canada,2006-03-27,Active
102343,Emily,Thomas,1988-02-28,Male,Brampton,Ontario,Canada,2022-12-25,Active
102344,Sophia,Jackson,1994-03-06,Female,Calgary,Alberta,Canada,2020-01-30,Active
102345,Emily,Harris,1968-04-10,Female,Mississauga,Ontario,Canada,2008-01-07,Active
102346,David,Thomas,1949-03-02,Male,Calgary,Alberta,Canada,1981-02-14,Active
102347,Robert,Garcia,1956-06-12,Male,Vancouver,British Columbia,Canada,2009-04-28,Active
102348,Sophia,Jackson,1997-07-18,Male,Saskatoon,Saskatchewan,Canada,2021-01-30,Active
102349,David,Garcia,1944-11-05,Female,Winnipeg,Manitoba,Canada,2004-04-05,Active
102350,Sarah,Jackson,1957-05-22,Male,Surrey,British Columbia,Canada,2006-08-04,Active
102351,Emily,Taylor,2004-12-21,Female,Brampton,Ontario,Canada,2024-05-01,Active
102352,Sophia,Lee,1966-02-04,Female,Laval,Quebec,Canada,2000-05-03,Active
102353,Olivia,White,1946-02-09,Male,Brampton,Ontario,Canada,1983-08-16,Active
102354,Daniel,Thompson,1998-03-05,Female,Winnipeg,Manitoba,Canada,2020-03-07,Active
102355,Robert,Harris,1990-07-14,Male,Winnipeg,Manitoba,Canada,2023-11-11,Active
102356,William,Thomas,1996-10-09,Male,Ottawa,Ontario,Canada,2018-11-26,Active
102357,Daniel,Lee,1986-08-02,Female,Surrey,British Columbia,Canada,2007-04-12,Active
102358,David,Thomas,1976-06-09,Male,Brampton,Ontario,Canada,2020-10-18,Active
102359,Jessica,Lee,1988-08-23,Female,Victoria,British Columbia,Canada,2011-01-02,Active
102360,David,Jackson,1949-02-22,Female,Victoria,British Columbia,Canada,1990-01-10,Active
102361,Jessica,Smith,1950-06-23,Male,Quebec City,Quebec,Canada,1980-04-04,Active
102362,Sophia,Smith,1981-03-14,Female,Winnipeg,Manitoba,Canada,2015-02-20,Active
102363,Ava,Lee,1973-07-14,Male,Mississauga,Ontario,Canada,2000-11-20,Active
102364,John,White,1991-12-28,Female,Red Deer,Alberta,Canada,2026-03-15,Active
102365,Sophia,Thomas,2002-10-31,Female,Victoria,British Columbia,Canada,2023-04-29,Active
102366,John,Clark,1960-07-11,Female,Ottawa,Ontario,Canada,1979-12-22,Active
102367,William,Martin,1964-12-01,Female,Montreal,Quebec,Canada,2007-02-07,Active
102368,Michael,Martin,1955-07-14,Male,Brampton,Ontario,Canada,1985-03-20,Active
102369,Michael,Thompson,1994-09-08,Female,Quebec City,Quebec,Canada,2017-08-02,Active
102370,Michael,Wilson,1975-04-25,Male,Winnipeg,Manitoba,Canada,2024-03-04,Active
102371,James,Brown,1965-09-06,Female,Mississauga,Ontario,Canada,1991-05-28,Active
102372,Emma,Thompson,1991-03-17,Male,Brampton,Ontario,Canada,2021-09-20,Active
102373,James,Smith,1973-04-30,Male,Laval,Quebec,Canada,2015-09-10,Active
102374,William,Thompson,1975-10-23,Male,Brampton,Ontario,Canada,2006-03-06,Active
102375,Olivia,Brown,1996-06-24,Male,Mississauga,Ontario,Canada,2019-11-17,Active
102376,Ava,Taylor,1959-02-01,Male,Victoria,British Columbia,Canada,1981-07-15,Active
102377,Emma,Thompson,1985-04-29,Male,Quebec City,Quebec,Canada,2014-06-22,Active
102378,Michael,Martin,1998-09-28,Female,Edmonton,Alberta,Canada,2021-11-04,Active
102379,Ava,Garcia,1999-04-26,Female,Laval,Quebec,Canada,2022-11-29,Active
102380,Jessica,Martin,1998-12-08,Male,Surrey,British Columbia,Canada,2024-07-24,Active
102381,Michael,Smith,1957-05-06,Female,Hamilton,Ontario,Canada,2023-01-13,Active
102382,Daniel,Clark,1985-06-22,Male,Mississauga,Ontario,Canada,2013-04-12,Active
102383,Mia,Taylor,1980-02-28,Female,Laval,Quebec,Canada,2023-04-28,Active
102384,William,Wilson,1948-09-05,Male,Victoria,British Columbia,Canada,2017-04-22,Inactive
102385,Michael,Lewis,1977-11-11,Female,Halifax,Nova Scotia,Canada,2005-04-25,Active
102386,Mia,Wilson,1958-08-16,Male,Hamilton,Ontario,Canada,1991-02-28,Active
102387,Ava,Harris,1976-08-16,Male,Laval,Quebec,Canada,2011-10-24,Active
102388,Ava,White,1982-12-23,Female,Surrey,British Columbia,Canada,2013-09-12,Active
102389,Ava,Garcia,1987-12-10,Female,Ottawa,Ontario,Canada,2013-08-29,Active
102390,Mia,Smith,1993-03-22,Female,Edmonton,Alberta,Canada,2012-08-11,Active
102391,Daniel,Brown,1980-11-07,Male,Hamilton,Ontario,Canada,2020-12-10,Active
102392,Michael,Jackson,1973-11-17,Female,Winnipeg,Manitoba,Canada,2010-02-28,Active
102393,Jessica,White,2005-04-19,Female,Quebec City,Quebec,Canada,2023-11-21,Inactive
102394,David,Garcia,1963-02-26,Male,Ottawa,Ontario,Canada,2020-05-05,Active
102395,Sarah,Martin,1962-09-09,Male,Vancouver,British Columbia,Canada,2023-03-24,Active
102396,Jessica,Wilson,1999-09-22,Male,Toronto,Ontario,Canada,2019-02-01,Active
102397,Ava,Lee,2004-10-18,Male,Surrey,British Columbia,Canada,2024-10-30,Active
102398,Robert,Jackson,1968-01-09,Male,Red Deer,Alberta,Canada,2010-10-19,Active
102399,David,Lee,1998-04-10,Male,Laval,Quebec,Canada,2018-09-24,Active
102400,Sophia,Lee,2001-09-21,Female,Brampton,Ontario,Canada,2021-11-26,Active
102401,James,Smith,1997-08-25,Female,Laval,Quebec,Canada,2019-11-24,Active
102402,Emily,White,1977-07-15,Female,Quebec City,Quebec,Canada,2006-07-15,Active
102403,Sophia,Jackson,1991-11-05,Female,Surrey,British Columbia,Canada,2021-03-17,Active
102404,Emily,White,1982-09-13,Male,Victoria,British Columbia,Canada,2000-12-03,Active
102405,William,Anderson,1946-03-13,Female,Laval,Quebec,Canada,2004-10-30,Active
102406,Emma,Harris,1951-11-15,Female,Calgary,Alberta,Canada,2000-02-22,Active
102407,William,White,2003-03-23,Female,Calgary,Alberta,Canada,2025-05-09,Active
102408,Olivia,Wilson,1960-11-09,Male,Vancouver,British Columbia,Canada,2025-12-18,Active
102409,Daniel,Anderson,1955-01-06,Female,Toronto,Ontario,Canada,1996-03-07,Active
102410,James,Wilson,2005-05-28,Female,Montreal,Quebec,Canada,2023-11-19,Active
102411,Sarah,Clark,1965-05-15,Female,Quebec City,Quebec,Canada,2002-04-04,Active
102412,James,Thompson,1989-04-11,Female,Red Deer,Alberta,Canada,2011-10-26,Inactive
102413,Mia,Thomas,1993-08-27,Female,Edmonton,Alberta,Canada,2019-04-17,Active
102414,Jessica,Thomas,1974-01-20,Female,Edmonton,Alberta,Canada,1999-11-20,Inactive
102415,William,Brown,1983-12-02,Female,Brampton,Ontario,Canada,2002-03-07,Active
102416,Sarah,Anderson,1976-11-06,Female,Victoria,British Columbia,Canada,2012-09-25,Active
102417,Jessica,Lewis,1972-08-23,Female,Winnipeg,Manitoba,Canada,2002-03-26,Active
102418,David,Smith,1949-07-13,Male,Mississauga,Ontario,Canada,1978-10-05,Active
102419,Robert,Wilson,1950-08-03,Female,Toronto,Ontario,Canada,1968-09-24,Active
102420,Daniel,Clark,1993-05-08,Male,Mississauga,Ontario,Canada,2025-12-04,Active
102421,David,White,1997-09-04,Male,Vancouver,British Columbia,Canada,2024-11-22,Active
102422,Sophia,Smith,1948-06-30,Male,Quebec City,Quebec,Canada,2008-05-23,Active
102423,John,White,1963-06-15,Male,Toronto,Ontario,Canada,1998-03-25,Active
102424,Emma,Garcia,1968-05-19,Male,Montreal,Quebec,Canada,2011-07-28,Active
102425,William,Thomas,1946-07-16,Male,Red Deer,Alberta,Canada,1997-11-28,Active
102426,Emily,Thomas,1969-11-14,Male,Calgary,Alberta,Canada,1988-01-09,Closed
102427,Michael,Martin,2003-11-28,Female,Calgary,Alberta,Canada,2026-04-02,Active
102428,William,Harris,1981-12-29,Female,Winnipeg,Manitoba,Canada,2012-07-17,Closed
102429,Sophia,Lewis,2001-05-21,Female,Vancouver,British Columbia,Canada,2022-10-07,Active
102430,Robert,Taylor,1970-03-06,Male,Red Deer,Alberta,Canada,2019-05-02,Active
102431,John,Anderson,1991-08-05,Male,Laval,Quebec,Canada,2021-10-02,Active
102432,Sarah,Wilson,2004-07-10,Female,Edmonton,Alberta,Canada,2024-08-15,Active
102433,Michael,Martin,1977-12-07,Male,Winnipeg,Manitoba,Canada,2022-02-03,Active
102434,Robert,Harris,1994-04-08,Female,Victoria,British Columbia,Canada,2022-11-24,Active
102435,Daniel,Thomas,1956-04-19,Female,Laval,Quebec,Canada,2004-06-08,Active
102436,Emily,Thompson,2004-06-09,Female,Brampton,Ontario,Canada,2025-04-27,Active
102437,Jessica,Thomas,2006-03-02,Male,Mississauga,Ontario,Canada,2024-07-29,Active
102438,Olivia,Wilson,1976-09-05,Male,Toronto,Ontario,Canada,2024-05-29,Active
102439,Emma,Harris,1950-05-14,Female,Mississauga,Ontario,Canada,2019-10-18,Active
102440,James,Jackson,1963-01-15,Male,Laval,Quebec,Canada,1997-10-08,Active
102441,William,Jackson,1963-02-28,Female,Toronto,Ontario,Canada,1982-12-18,Active
102442,James,Jackson,2005-10-27,Female,Winnipeg,Manitoba,Canada,2026-03-03,Active
102443,James,Lewis,1947-09-18,Male,Victoria,British Columbia,Canada,1996-06-25,Active
102444,David,Taylor,1949-02-12,Male,Edmonton,Alberta,Canada,1982-08-16,Active
102445,Emily,Anderson,1996-07-12,Male,Laval,Quebec,Canada,2026-08-17,Active
102446,Mia,Harris,2002-05-29,Male,Mississauga,Ontario,Canada,2023-11-24,Active
102447,Sophia,Smith,1960-03-09,Female,Mississauga,Ontario,Canada,1988-02-12,Active
102448,Jessica,Wilson,1950-01-13,Female,Calgary,Alberta,Canada,2004-04-06,Active
102449,Sophia,Harris,2003-09-19,Female,Mississauga,Ontario,Canada,2025-06-25,Active
102450,Michael,White,1994-11-01,Male,Victoria,British Columbia,Canada,2018-12-16,Active
102451,Emma,Martin,1989-10-19,Male,Toronto,Ontario,Canada,2020-09-21,Active
102452,Mia,Brown,1993-02-19,Female,Toronto,Ontario,Canada,2012-09-21,Active
102453,John,Clark,2003-09-04,Female,Hamilton,Ontario,Canada,2023-01-19,Active
102454,Sarah,White,1985-07-24,Female,Montreal,Quebec,Canada,2013-08-04,Closed
102455,Emma,Wilson,1950-04-26,Female,Ottawa,Ontario,Canada,1974-12-20,Active
102456,Sarah,Anderson,1993-04-20,Female,Edmonton,Alberta,Canada,2014-04-29,Active
102457,Emma,Taylor,1949-05-17,Male,Mississauga,Ontario,Canada,1999-05-05,Active
102458,Ava,Jackson,1949-07-19,Male,Mississauga,Ontario,Canada,1996-05-10,Closed
102459,Sarah,White,1974-06-18,Female,Ottawa,Ontario,Canada,2004-10-23,Active
102460,James,Jackson,1967-07-13,Male,Charlottetown,Prince Edward Island,Canada,1986-05-18,Active
102461,William,Jackson,1979-09-25,Female,Vancouver,British Columbia,Canada,2009-03-30,Active
102462,David,Lewis,1965-03-14,Male,Vancouver,British Columbia,Canada,2004-03-18,Inactive
102463,Sarah,Lee,1997-03-20,Male,Laval,Quebec,Canada,2026-07-04,Active
102464,Emily,White,2005-11-02,Male,Calgary,Alberta,Canada,2024-11-26,Active
102465,Daniel,Lee,2004-10-19,Female,Toronto,Ontario,Canada,2024-10-15,Inactive
102466,Michael,Clark,1973-10-08,Female,Red Deer,Alberta,Canada,1992-03-28,Active
102467,Robert,Clark,1977-04-03,Male,Edmonton,Alberta,Canada,2000-11-22,Active
102468,Olivia,Taylor,1947-02-16,Male,Brampton,Ontario,Canada,2003-06-14,Active
102469,James,Jackson,1999-06-05,Male,Toronto,Ontario,Canada,2021-11-24,Active
102470,David,Thomas,1960-05-03,Male,Quebec City,Quebec,Canada,1993-06-18,Active
102471,Mia,Brown,1959-08-05,Female,Toronto,Ontario,Canada,1996-12-31,Active
102472,John,Brown,1997-03-06,Male,Mississauga,Ontario,Canada,2021-11-13,Closed
102473,Daniel,Martin,2005-10-13,Male,Quebec City,Quebec,Canada,2025-01-08,Inactive
102474,David,Jackson,2000-03-04,Male,Hamilton,Ontario,Canada,2025-09-12,Active
102475,John,Clark,1945-06-19,Female,Victoria,British Columbia,Canada,1977-04-20,Active
102476,Daniel,Thompson,2002-06-04,Female,Quebec City,Quebec,Canada,2025-10-26,Active
102477,Sarah,Brown,1970-08-01,Female,Surrey,British Columbia,Canada,2023-09-29,Active
102478,Michael,Clark,1953-01-29,Female,Laval,Quebec,Canada,1999-01-26,Inactive
102479,John,White,1953-06-19,Female,Montreal,Quebec,Canada,1981-01-08,Inactive
102480,Michael,Harris,1987-05-08,Male,Quebec City,Quebec,Canada,2015-05-25,Active
102481,Jessica,Lee,1994-11-20,Female,Winnipeg,Manitoba,Canada,2025-05-12,Active
102482,Emma,Martin,1969-05-07,Female,Toronto,Ontario,Canada,2008-04-25,Active
102483,Michael,Smith,1981-11-18,Male,Victoria,British Columbia,Canada,2016-09-10,Active
102484,Robert,Wilson,1990-05-03,Female,Red Deer,Alberta,Canada,2015-06-29,Active
102485,William,Jackson,1970-08-01,Female,Victoria,British Columbia,Canada,2010-09-29,Active
102486,William,Smith,1995-12-08,Female,Brampton,Ontario,Canada,2017-09-10,Active
102487,David,Wilson,1962-05-12,Male,Ottawa,Ontario,Canada,1992-07-29,Active
102488,James,Garcia,1960-06-16,Male,Quebec City,Quebec,Canada,1986-01-20,Active
102489,Sarah,Wilson,1974-02-09,Female,Victoria,British Columbia,Canada,2016-04-05,Active
102490,William,Wilson,1975-07-10,Male,Calgary,Alberta,Canada,2023-11-08,Active
102491,William,White,1963-10-28,Male,Surrey,British Columbia,Canada,1997-11-18,Active
102492,David,Brown,1964-08-14,Male,Toronto,Ontario,Canada,1985-05-01,Active
102493,Mia,Taylor,1963-01-30,Male,Red Deer,Alberta,Canada,1999-06-19,Active
102494,Jessica,Lee,1972-09-21,Female,Vancouver,British Columbia,Canada,2003-02-16,Active
102495,Daniel,Martin,1987-08-25,Female,St. John's,Newfoundland and Labrador,Canada,2018-09-14,Active
102496,David,Lee,1962-04-23,Female,Calgary,Alberta,Canada,1988-01-10,Active
102497,Emma,Thomas,1987-02-08,Male,Montreal,Quebec,Canada,2022-01-02,Active
102498,Mia,Martin,1965-05-25,Male,Victoria,British Columbia,Canada,1986-01-05,Active
102499,James,Taylor,1956-01-19,Male,Surrey,British Columbia,Canada,1994-04-06,Active
102500,Mia,Thomas,1961-02-25,Male,Toronto,Ontario,Canada,1987-05-12,Active
102501,Olivia,Wilson,1995-08-10,Female,Quebec City,Quebec,Canada,2025-01-01,Active
102502,John,Clark,1962-10-20,Male,Mississauga,Ontario,Canada,2001-09-18,Active
102503,Sophia,Wilson,1984-11-26,Male,Hamilton,Ontario,Canada,2024-07-20,Active
102504,John,Taylor,1980-05-30,Female,Vancouver,British Columbia,Canada,2014-03-15,Active
102505,James,Jackson,1987-08-13,Female,Toronto,Ontario,Canada,2021-07-26,Active
102506,John,Jackson,1981-10-26,Male,Red Deer,Alberta,Canada,2023-10-31,Active
102507,Daniel,Anderson,2006-09-10,Female,Quebec City,Quebec,Canada,2026-04-27,Inactive
102508,Jessica,Thomas,2002-01-03,Female,Calgary,Alberta,Canada,2024-07-23,Active
102509,Daniel,Anderson,1964-05-13,Female,Surrey,British Columbia,Canada,2017-07-15,Active
102510,John,Lewis,1968-08-09,Female,Edmonton,Alberta,Canada,2018-09-25,Active
102511,Michael,Harris,1967-01-26,Male,Montreal,Quebec,Canada,2012-12-08,Active
102512,Emma,Lewis,1985-06-03,Male,Moncton,New Brunswick,Canada,2016-04-13,Active
102513,Ava,Lee,1974-10-13,Male,Montreal,Quebec,Canada,2010-01-18,Active
102514,Sophia,Martin,2004-10-28,Female,Red Deer,Alberta,Canada,2023-08-06,Active
102515,John,Clark,1989-01-17,Female,Montreal,Quebec,Canada,2018-05-06,Active
102516,Emma,Brown,1973-05-19,Female,Mississauga,Ontario,Canada,2021-05-14,Active
102517,Olivia,Lee,1963-12-15,Female,Vancouver,British Columbia,Canada,2020-01-11,Active
102518,Sarah,White,1993-02-01,Male,Laval,Quebec,Canada,2018-06-24,Active
102519,Michael,Thompson,1996-04-04,Male,Brampton,Ontario,Canada,2020-04-13,Active
102520,Ava,Taylor,2005-02-03,Male,Hamilton,Ontario,Canada,2025-11-06,Active
102521,Daniel,Brown,1978-06-14,Male,Toronto,Ontario,Canada,2026-01-23,Active
102522,James,Lewis,1993-10-03,Female,St. John's,Newfoundland and Labrador,Canada,2011-11-06,Inactive
102523,David,Jackson,1999-08-11,Female,Vancouver,British Columbia,Canada,2023-12-16,Active
102524,Daniel,Wilson,1949-01-26,Male,Brampton,Ontario,Canada,1993-08-17,Inactive
102525,James,Martin,1953-03-26,Female,Calgary,Alberta,Canada,1984-01-07,Active
102526,Robert,Smith,1956-03-01,Male,Surrey,British Columbia,Canada,1991-12-15,Active
102527,Sarah,Jackson,1958-06-15,Female,Surrey,British Columbia,Canada,2026-05-12,Active
102528,Ava,Thompson,1962-07-30,Male,Quebec City,Quebec,Canada,1994-04-11,Active
102529,John,Thompson,1944-03-27,Female,Mississauga,Ontario,Canada,1994-09-02,Active
102530,Emily,Jackson,1987-03-26,Male,Toronto,Ontario,Canada,2019-09-12,Active
102531,Mia,Thomas,1982-03-30,Male,Calgary,Alberta,Canada,2007-03-22,Active
102532,Emma,Clark,1986-04-20,Female,Edmonton,Alberta,Canada,2022-09-28,Active
102533,Mia,Wilson,1993-06-07,Male,Edmonton,Alberta,Canada,2012-07-13,Active
102534,Michael,Brown,1952-08-22,Male,Brampton,Ontario,Canada,2019-01-17,Inactive
102535,Emma,Wilson,1964-07-26,Male,Edmonton,Alberta,Canada,2013-03-31,Active
102536,Ava,Clark,1972-04-22,Female,Laval,Quebec,Canada,2019-06-03,Active
102537,Robert,White,1960-10-12,Male,Surrey,British Columbia,Canada,1983-03-10,Active
102538,Sarah,Smith,1970-07-29,Female,Toronto,Ontario,Canada,2019-06-29,Active
102539,Sarah,Wilson,1973-04-05,Female,Edmonton,Alberta,Canada,2001-03-14,Inactive
102540,Sarah,Smith,1987-06-18,Female,St. John's,Newfoundland and Labrador,Canada,2023-03-03,Active
102541,Robert,Clark,1957-11-25,Male,Toronto,Ontario,Canada,1993-09-12,Active
102542,Ava,Jackson,1960-06-09,Female,Red Deer,Alberta,Canada,2011-11-20,Active
102543,Ava,Brown,1961-12-15,Male,Victoria,British Columbia,Canada,2026-05-08,Closed
102544,William,Taylor,1958-12-24,Female,Mississauga,Ontario,Canada,2014-09-26,Active
102545,Emma,Martin,1996-01-26,Male,Brampton,Ontario,Canada,2015-02-04,Inactive
102546,William,Harris,1981-08-05,Female,Victoria,British Columbia,Canada,2005-07-31,Active
102547,Sophia,Clark,1994-08-20,Female,Toronto,Ontario,Canada,2014-06-07,Inactive
102548,Emily,Smith,1949-03-20,Male,Ottawa,Ontario,Canada,2024-02-15,Active
102549,Sarah,Brown,1988-07-21,Male,Winnipeg,Manitoba,Canada,2013-01-18,Active
102550,John,Smith,1986-02-20,Male,Laval,Quebec,Canada,2015-06-22,Active
102551,Jessica,Thomas,1993-07-25,Female,Calgary,Alberta,Canada,2020-04-12,Active
102552,Robert,Thompson,1971-09-07,Male,Surrey,British Columbia,Canada,1999-05-27,Active
102553,David,Martin,1990-11-03,Female,Montreal,Quebec,Canada,2015-06-03,Active
102554,Michael,Taylor,1977-10-15,Female,Edmonton,Alberta,Canada,2009-10-27,Active
102555,Ava,Martin,1994-11-13,Female,Ottawa,Ontario,Canada,2013-01-24,Active
102556,John,Martin,1994-07-11,Male,Toronto,Ontario,Canada,2024-03-02,Inactive
102557,Sophia,Wilson,1997-03-03,Male,Victoria,British Columbia,Canada,2025-07-29,Active
102558,Emma,Garcia,1955-05-27,Male,Halifax,Nova Scotia,Canada,2010-04-15,Active
102559,James,Jackson,1989-03-23,Female,Brampton,Ontario,Canada,2015-09-15,Active
102560,Emily,Smith,1957-03-24,Male,Moncton,New Brunswick,Canada,1983-01-28,Active
102561,Emily,Thomas,1973-12-16,Male,Calgary,Alberta,Canada,2003-05-03,Active
102562,William,Garcia,2000-10-07,Male,Laval,Quebec,Canada,2022-03-25,Active
102563,Olivia,Thompson,1951-12-12,Female,Laval,Quebec,Canada,1981-03-16,Active
102564,Daniel,Anderson,1990-09-06,Female,Hamilton,Ontario,Canada,2022-04-06,Active
102565,Daniel,Garcia,1963-03-20,Male,Surrey,British Columbia,Canada,2001-09-19,Active
102566,Daniel,Thomas,1960-07-19,Male,Mississauga,Ontario,Canada,2011-12-10,Active
102567,Emma,Jackson,1947-02-24,Male,Quebec City,Quebec,Canada,1996-11-05,Active
102568,Jessica,Brown,1989-05-28,Male,Brampton,Ontario,Canada,2011-01-20,Active
102569,William,Lee,1996-04-15,Female,Halifax,Nova Scotia,Canada,2022-05-12,Active
102570,Mia,Clark,1972-10-20,Male,Hamilton,Ontario,Canada,2017-06-11,Active
102571,Emma,Wilson,1956-05-02,Female,Laval,Quebec,Canada,1996-07-30,Active
102572,Mia,Harris,1982-11-21,Female,Hamilton,Ontario,Canada,2018-04-14,Active
102573,Olivia,Garcia,2005-07-04,Female,Mississauga,Ontario,Canada,2026-08-12,Active
102574,William,White,1993-07-23,Male,Toronto,Ontario,Canada,2015-04-01,Active
102575,Sophia,Taylor,1991-10-26,Female,Calgary,Alberta,Canada,2024-10-21,Active
102576,Robert,Lee,1946-10-26,Male,Surrey,British Columbia,Canada,1983-11-04,Active
102577,Robert,Anderson,2000-09-05,Male,Laval,Quebec,Canada,2019-01-09,Active
102578,Daniel,Thomas,1982-07-03,Female,Red Deer,Alberta,Canada,2011-06-23,Active
102579,Ava,Thomas,1984-12-04,Male,Ottawa,Ontario,Canada,2022-05-23,Active
102580,Emily,Lewis,1965-04-28,Male,Red Deer,Alberta,Canada,2012-07-10,Active
102581,William,White,1999-07-19,Male,Hamilton,Ontario,Canada,2020-07-30,Active
102582,Daniel,Thompson,1976-07-08,Male,Winnipeg,Manitoba,Canada,2025-02-07,Active
102583,Robert,Lewis,1959-08-02,Female,Halifax,Nova Scotia,Canada,2025-11-18,Active
102584,Jessica,Lewis,1966-12-01,Female,Red Deer,Alberta,Canada,2026-06-12,Active
102585,William,Clark,1957-11-22,Female,Brampton,Ontario,Canada,2003-12-30,Active
102586,Emily,Lewis,2003-04-15,Male,Laval,Quebec,Canada,2024-12-29,Active
102587,William,Lee,1994-06-30,Male,Calgary,Alberta,Canada,2020-01-04,Inactive
102588,Robert,Lee,1981-08-15,Male,Laval,Quebec,Canada,2010-10-10,Inactive
102589,Ava,Martin,1992-07-05,Female,Toronto,Ontario,Canada,2018-12-30,Active
102590,William,Brown,1997-05-03,Female,Montreal,Quebec,Canada,2016-02-10,Active
102591,John,Brown,1965-12-24,Female,Toronto,Ontario,Canada,1990-12-07,Active
102592,William,Garcia,1960-03-04,Female,Quebec City,Quebec,Canada,2006-12-05,Active
102593,Sarah,Anderson,2001-06-30,Female,Hamilton,Ontario,Canada,2022-07-01,Active
102594,John,Clark,1966-12-21,Male,Surrey,British Columbia,Canada,2005-01-21,Inactive
102595,Robert,Lee,1946-07-24,Female,Mississauga,Ontario,Canada,2021-05-30,Active
102596,Michael,Martin,1993-08-02,Female,Ottawa,Ontario,Canada,2021-09-12,Active
102597,Sarah,Garcia,1958-02-01,Female,Hamilton,Ontario,Canada,1979-09-24,Active
102598,Olivia,Anderson,1958-10-08,Male,Regina,Saskatchewan,Canada,2024-11-22,Active
102599,Ava,Jackson,1988-04-09,Female,Laval,Quebec,Canada,2023-11-16,Active
102600,William,Lee,2006-12-31,Male,Surrey,British Columbia,Canada,2025-04-11,Active
102601,Emma,Clark,1949-08-16,Female,Red Deer,Alberta,Canada,2017-11-17,Active
102602,David,Taylor,1985-08-02,Female,Surrey,British Columbia,Canada,2012-02-20,Active
102603,Sophia,Lee,1964-12-28,Female,Laval,Quebec,Canada,1999-04-01,Active
102604,Emily,White,2000-07-01,Male,Victoria,British Columbia,Canada,2023-03-16,Active
102605,Sophia,Clark,2000-09-11,Male,Hamilton,Ontario,Canada,2025-11-30,Active
102606,Sophia,White,1950-08-01,Female,Montreal,Quebec,Canada,1988-12-14,Active
102607,Sarah,Martin,1946-12-19,Female,Brampton,Ontario,Canada,2000-06-24,Inactive
102608,David,Wilson,1970-01-26,Female,Regina,Saskatchewan,Canada,1994-11-11,Inactive
102609,Sarah,Thomas,1948-01-03,Male,Laval,Quebec,Canada,1971-03-11,Active
102610,Emma,Thompson,1965-02-28,Female,Ottawa,Ontario,Canada,2009-03-14,Active
102611,Ava,Clark,1954-12-08,Female,Victoria,British Columbia,Canada,1985-07-29,Active
102612,Mia,Brown,2005-03-03,Male,Mississauga,Ontario,Canada,2023-04-22,Active
102613,Michael,Brown,1988-08-25,Male,Laval,Quebec,Canada,2006-10-25,Active
102614,Emily,Thompson,1953-02-12,Female,Edmonton,Alberta,Canada,1992-01-23,Inactive
102615,John,Jackson,1983-02-07,Male,Edmonton,Alberta,Canada,2007-06-20,Active
102616,Olivia,Clark,1991-02-18,Female,Surrey,British Columbia,Canada,2026-03-10,Active
102617,Ava,Brown,1995-01-03,Female,Laval,Quebec,Canada,2019-07-18,Active
102618,James,Thomas,1983-09-29,Male,Laval,Quebec,Canada,2013-08-30,Active
102619,Jessica,Smith,1980-12-10,Male,Hamilton,Ontario,Canada,2003-04-07,Active
102620,Ava,Thompson,1997-08-20,Female,Vancouver,British Columbia,Canada,2016-10-02,Active
102621,Emma,Clark,1959-10-13,Female,Montreal,Quebec,Canada,1992-06-02,Active
102622,William,Wilson,2005-07-27,Female,Hamilton,Ontario,Canada,2026-02-25,Active
102623,John,Anderson,1957-06-09,Female,Toronto,Ontario,Canada,2007-03-28,Active
102624,Mia,Clark,1994-10-09,Female,Ottawa,Ontario,Canada,2015-04-05,Active
102625,Mia,Smith,2004-11-12,Female,Ottawa,Ontario,Canada,2023-01-02,Active
102626,Emily,Lee,1959-11-20,Female,Brampton,Ontario,Canada,1990-02-14,Active
102627,Ava,Lewis,1985-01-22,Female,Montreal,Quebec,Canada,2009-07-04,Active
102628,James,Wilson,1996-07-22,Male,Montreal,Quebec,Canada,2026-03-18,Active
102629,Jessica,Wilson,1962-11-15,Male,Laval,Quebec,Canada,1988-09-06,Active
102630,James,Thompson,1977-03-09,Female,Toronto,Ontario,Canada,2019-08-02,Active
102631,Ava,Smith,1994-06-19,Male,Laval,Quebec,Canada,2017-12-12,Inactive
102632,Olivia,White,1985-02-27,Female,Calgary,Alberta,Canada,2010-09-22,Active
102633,Mia,Smith,1994-12-04,Female,Brampton,Ontario,Canada,2015-10-19,Active
102634,Emily,White,1961-09-01,Male,Toronto,Ontario,Canada,2010-02-01,Active
102635,John,Thomas,1975-12-28,Male,Quebec City,Quebec,Canada,2016-07-23,Active
102636,James,Thompson,1995-05-30,Female,Toronto,Ontario,Canada,2019-11-16,Active
102637,William,Lewis,1958-03-16,Male,Ottawa,Ontario,Canada,2024-01-15,Active
102638,Sophia,White,1972-01-01,Female,Laval,Quebec,Canada,2022-09-22,Active
102639,Michael,Martin,1977-03-10,Female,Ottawa,Ontario,Canada,2020-01-06,Active
102640,Emma,Martin,1994-12-05,Male,Edmonton,Alberta,Canada,2020-08-16,Active
102641,David,Lee,1991-05-05,Female,Red Deer,Alberta,Canada,2018-05-13,Active
102642,Sarah,Taylor,1970-12-01,Female,Laval,Quebec,Canada,2013-11-11,Active
102643,David,Taylor,2004-02-07,Male,Laval,Quebec,Canada,2024-10-05,Active
102644,Daniel,Thomas,1982-11-04,Male,Halifax,Nova Scotia,Canada,2004-09-10,Active
102645,Daniel,Garcia,1982-12-20,Male,Quebec City,Quebec,Canada,2017-10-14,Active
102646,James,Clark,1950-06-28,Female,Charlottetown,Prince Edward Island,Canada,1983-01-10,Active
102647,Emily,Anderson,1958-05-18,Male,Edmonton,Alberta,Canada,2013-07-28,Active
102648,Sophia,Brown,1949-10-28,Male,Ottawa,Ontario,Canada,1969-05-20,Active
102649,Ava,Martin,1945-01-17,Male,Toronto,Ontario,Canada,1966-03-08,Active
102650,Robert,Harris,2004-01-14,Male,Hamilton,Ontario,Canada,2024-10-04,Active
102651,Mia,Thomas,1961-10-04,Male,Red Deer,Alberta,Canada,2016-08-01,Active
102652,Mia,Wilson,1989-09-28,Female,Brampton,Ontario,Canada,2018-05-21,Active
102653,Ava,Clark,1976-12-29,Male,Victoria,British Columbia,Canada,2000-05-15,Active
102654,William,Clark,1954-11-17,Female,Laval,Quebec,Canada,1989-06-08,Active
102655,Emma,Garcia,1995-03-14,Male,Red Deer,Alberta,Canada,2019-03-05,Active
102656,Emily,Harris,1981-08-28,Male,Red Deer,Alberta,Canada,2005-12-04,Active
102657,James,Taylor,1991-06-04,Male,Ottawa,Ontario,Canada,2026-01-08,Active
102658,Robert,Jackson,1993-03-20,Female,Hamilton,Ontario,Canada,2018-03-19,Active
102659,Olivia,Brown,1995-08-22,Female,Montreal,Quebec,Canada,2025-04-04,Active
102660,Michael,Taylor,1981-09-19,Male,Edmonton,Alberta,Canada,2002-07-06,Active
102661,Daniel,Jackson,1954-03-17,Female,Vancouver,British Columbia,Canada,1997-07-28,Active
102662,Sophia,Jackson,1972-04-02,Male,Laval,Quebec,Canada,2021-04-24,Active
102663,Michael,Brown,1990-04-09,Female,Calgary,Alberta,Canada,2013-06-05,Active
102664,Sarah,Lee,1996-08-14,Female,Quebec City,Quebec,Canada,2024-08-22,Active
102665,David,Anderson,1977-01-16,Male,Toronto,Ontario,Canada,2018-12-23,Active
102666,Emily,White,1947-03-14,Male,Winnipeg,Manitoba,Canada,2001-11-04,Active
102667,David,Jackson,2006-05-25,Male,Montreal,Quebec,Canada,2024-06-30,Active
102668,Ava,White,1983-11-25,Female,Red Deer,Alberta,Canada,2024-03-24,Active
102669,John,Clark,1979-03-03,Male,Brampton,Ontario,Canada,2011-03-31,Active
102670,Ava,Garcia,1973-10-19,Female,Quebec City,Quebec,Canada,2013-03-10,Active
102671,Sophia,Lewis,1971-03-21,Male,Mississauga,Ontario,Canada,2015-01-03,Active
102672,Emma,Thomas,1984-10-31,Female,Quebec City,Quebec,Canada,2014-07-13,Active
102673,Emma,Taylor,1983-06-05,Male,Brampton,Ontario,Canada,2005-06-13,Active
102674,Michael,Jackson,1962-04-19,Female,Surrey,British Columbia,Canada,2008-02-13,Active
102675,Mia,Harris,1968-08-31,Male,Toronto,Ontario,Canada,2010-08-27,Active
102676,Emily,Thomas,1954-03-27,Male,Mississauga,Ontario,Canada,1976-11-19,Active
102677,Ava,Jackson,1963-11-15,Male,Toronto,Ontario,Canada,1990-10-16,Active
102678,Mia,Wilson,2005-05-17,Female,Laval,Quebec,Canada,2024-02-02,Inactive
102679,Emily,Harris,1959-10-10,Male,Laval,Quebec,Canada,1995-06-24,Active
102680,William,Thompson,1998-06-12,Female,Surrey,British Columbia,Canada,2022-02-25,Inactive
102681,John,White,1971-10-21,Female,Victoria,British Columbia,Canada,2012-05-25,Active
102682,John,Lewis,2001-04-06,Male,Quebec City,Quebec,Canada,2020-02-03,Active
102683,William,Lee,1980-01-05,Male,Laval,Quebec,Canada,2022-08-16,Active
102684,Emma,Lewis,1992-06-06,Male,Mississauga,Ontario,Canada,2023-07-29,Inactive
102685,Sarah,Brown,1968-06-09,Male,Quebec City,Quebec,Canada,1990-02-25,Active
102686,Sarah,Lewis,1948-02-02,Male,Winnipeg,Manitoba,Canada,1976-05-26,Active
102687,David,Thomas,1966-06-11,Female,Quebec City,Quebec,Canada,2019-11-30,Inactive
102688,Emily,Jackson,1983-07-23,Male,Regina,Saskatchewan,Canada,2012-01-24,Active
102689,Jessica,Jackson,1958-09-15,Male,Ottawa,Ontario,Canada,1998-11-11,Active
102690,Ava,Anderson,1968-01-11,Female,Surrey,British Columbia,Canada,2005-09-20,Active
102691,Olivia,Lewis,1946-09-04,Male,Victoria,British Columbia,Canada,2026-02-11,Active
102692,Jessica,Martin,1965-01-22,Female,Surrey,British Columbia,Canada,1989-12-11,Active
102693,Mia,Lee,1950-02-23,Female,Victoria,British Columbia,Canada,2023-03-25,Active
102694,Daniel,Lee,1959-09-13,Male,Mississauga,Ontario,Canada,1989-07-23,Active
102695,Ava,Jackson,1968-03-18,Female,Victoria,British Columbia,Canada,2022-07-26,Active
102696,William,Thompson,1955-05-20,Female,Montreal,Quebec,Canada,1999-03-12,Active
102697,John,White,1949-01-18,Female,Quebec City,Quebec,Canada,2012-04-10,Active
102698,Daniel,White,1952-10-13,Female,Ottawa,Ontario,Canada,1976-09-30,Active
102699,John,Garcia,1985-03-12,Female,Mississauga,Ontario,Canada,2011-10-06,Active
102700,John,Thompson,1951-08-21,Female,Saskatoon,Saskatchewan,Canada,1980-04-23,Active
102701,Mia,Lewis,1946-02-24,Female,Toronto,Ontario,Canada,2000-01-07,Active
102702,Sophia,Garcia,1988-10-29,Female,Hamilton,Ontario,Canada,2007-04-15,Active
102703,David,Martin,1973-04-03,Female,Brampton,Ontario,Canada,2004-09-28,Active
102704,Emma,Lewis,2002-08-13,Female,Vancouver,British Columbia,Canada,2023-09-06,Active
102705,John,Brown,1968-03-03,Male,Victoria,British Columbia,Canada,2005-07-04,Active
102706,Robert,Garcia,1967-12-17,Female,Saskatoon,Saskatchewan,Canada,2019-06-07,Active
102707,Olivia,Thomas,1947-02-18,Male,Laval,Quebec,Canada,2002-06-25,Active
102708,Robert,Jackson,1950-09-05,Male,Brampton,Ontario,Canada,2015-09-12,Active
102709,Olivia,Garcia,1996-12-01,Male,Ottawa,Ontario,Canada,2020-10-17,Active
102710,Mia,Anderson,1957-12-07,Male,Brampton,Ontario,Canada,1993-12-08,Active
102711,James,Lewis,1948-07-31,Female,Victoria,British Columbia,Canada,1984-02-26,Active
102712,James,White,1991-01-23,Male,Saint John,New Brunswick,Canada,2021-03-01,Active
102713,Ava,Thomas,2006-11-24,Female,Mississauga,Ontario,Canada,2026-07-12,Active
102714,Sarah,Anderson,1965-12-15,Female,Mississauga,Ontario,Canada,2026-03-27,Active
102715,Sarah,Jackson,1968-03-30,Male,Surrey,British Columbia,Canada,1995-08-17,Active
102716,Daniel,Lee,1985-10-04,Male,Quebec City,Quebec,Canada,2013-06-16,Inactive
102717,Daniel,Brown,1950-11-05,Female,Surrey,British Columbia,Canada,2004-10-05,Active
102718,Olivia,White,1956-12-14,Female,Quebec City,Quebec,Canada,2022-03-18,Active
102719,Emily,Clark,1998-12-29,Male,Toronto,Ontario,Canada,2019-12-28,Active
102720,Michael,White,1991-09-05,Male,Quebec City,Quebec,Canada,2022-11-26,Active
102721,Jessica,Harris,1953-02-18,Male,Mississauga,Ontario,Canada,2017-10-27,Active
102722,Olivia,Thomas,1985-04-11,Male,Vancouver,British Columbia,Canada,2007-05-30,Active
102723,John,Wilson,2004-04-06,Male,Mississauga,Ontario,Canada,2023-08-23,Active
102724,William,Martin,1957-12-31,Female,Quebec City,Quebec,Canada,1998-07-04,Active
102725,Sophia,Lewis,1957-08-02,Male,Halifax,Nova Scotia,Canada,2018-12-19,Active
102726,Jessica,White,2002-09-18,Male,Quebec City,Quebec,Canada,2026-04-03,Active
102727,Michael,Jackson,2004-07-14,Female,Brampton,Ontario,Canada,2023-03-22,Inactive
102728,James,Brown,1976-12-04,Female,Regina,Saskatchewan,Canada,2000-03-29,Active
102729,Emily,Lee,1974-03-16,Male,Ottawa,Ontario,Canada,2005-06-11,Active
102730,Daniel,Lewis,1957-11-07,Female,Edmonton,Alberta,Canada,1978-10-11,Active
102731,Ava,Lewis,1947-07-12,Female,Hamilton,Ontario,Canada,1997-01-09,Active
102732,Sarah,Thomas,1979-09-13,Male,Calgary,Alberta,Canada,2005-06-10,Active
102733,Mia,Martin,1953-07-06,Male,Brampton,Ontario,Canada,1992-11-02,Active
102734,David,Jackson,1970-03-02,Female,Toronto,Ontario,Canada,1988-05-09,Active
102735,Daniel,Taylor,2003-01-25,Female,Saint John,New Brunswick,Canada,2022-05-13,Active
102736,Michael,Taylor,2001-10-12,Female,Quebec City,Quebec,Canada,2020-08-26,Active
102737,Emily,Thomas,1973-02-06,Male,Ottawa,Ontario,Canada,1999-01-20,Active
102738,Michael,Harris,1963-07-10,Female,Hamilton,Ontario,Canada,2000-10-06,Closed
102739,Sarah,Brown,2005-06-28,Male,Brampton,Ontario,Canada,2024-03-26,Closed
102740,William,Thompson,1999-11-02,Female,Brampton,Ontario,Canada,2024-08-02,Active
102741,Michael,Jackson,1982-01-12,Female,Quebec City,Quebec,Canada,2012-01-23,Active
102742,John,Lewis,1990-10-09,Male,Quebec City,Quebec,Canada,2012-08-05,Active
102743,Sarah,Anderson,1971-09-12,Male,Saskatoon,Saskatchewan,Canada,2012-10-13,Active
102744,Ava,Smith,1986-10-31,Female,Edmonton,Alberta,Canada,2023-05-21,Active
102745,Michael,Anderson,1978-12-04,Female,Saskatoon,Saskatchewan,Canada,2011-10-02,Active
102746,Daniel,Lee,1955-08-01,Male,Quebec City,Quebec,Canada,2026-01-09,Active
102747,David,Anderson,1948-05-10,Female,Quebec City,Quebec,Canada,1987-11-04,Active
102748,Emma,Thompson,1949-06-05,Male,Quebec City,Quebec,Canada,1994-12-03,Active
102749,Daniel,Clark,1994-05-14,Male,Brampton,Ontario,Canada,2018-06-06,Active
102750,Ava,Anderson,1998-06-17,Male,Ottawa,Ontario,Canada,2026-08-02,Active
102751,David,Martin,1976-05-02,Female,Edmonton,Alberta,Canada,2017-08-25,Active
102752,John,Taylor,1979-12-11,Male,Vancouver,British Columbia,Canada,2014-07-16,Active
102753,Emily,Thomas,2001-11-17,Female,Ottawa,Ontario,Canada,2022-05-10,Active
102754,Jessica,Anderson,2004-10-24,Male,Laval,Quebec,Canada,2023-01-16,Active
102755,Ava,Thompson,1989-01-22,Female,Brampton,Ontario,Canada,2024-09-30,Active
102756,Mia,Lewis,1976-07-13,Female,Quebec City,Quebec,Canada,1998-01-30,Active
102757,Mia,Taylor,1972-05-01,Male,Hamilton,Ontario,Canada,2016-09-23,Active
102758,Jessica,Anderson,1981-04-04,Male,Winnipeg,Manitoba,Canada,2013-04-25,Inactive
102759,William,Clark,1991-03-01,Male,Montreal,Quebec,Canada,2021-05-31,Active
102760,Daniel,Jackson,2006-10-26,Male,Montreal,Quebec,Canada,2026-07-10,Active
102761,Michael,White,1985-10-16,Female,Surrey,British Columbia,Canada,2008-04-04,Active
102762,Daniel,Thompson,1989-02-06,Female,Winnipeg,Manitoba,Canada,2009-01-09,Active
102763,William,Wilson,1945-08-11,Male,Edmonton,Alberta,Canada,1986-12-19,Active
102764,James,Lewis,1966-09-06,Female,Quebec City,Quebec,Canada,2008-09-07,Active
102765,David,Thomas,1961-08-13,Male,Ottawa,Ontario,Canada,1982-10-05,Active
102766,Emily,Martin,1996-02-25,Male,Vancouver,British Columbia,Canada,2024-04-20,Active
102767,William,Jackson,1960-02-05,Male,Edmonton,Alberta,Canada,2007-07-05,Active
102768,Ava,Garcia,1962-08-13,Male,Moncton,New Brunswick,Canada,2025-11-20,Active
102769,Sarah,Martin,1985-02-22,Female,Laval,Quebec,Canada,2009-11-16,Active
102770,Ava,Wilson,1977-01-29,Male,Vancouver,British Columbia,Canada,2023-10-05,Active
102771,Jessica,Wilson,1969-09-04,Female,Brampton,Ontario,Canada,2002-08-20,Inactive
102772,James,Lewis,1958-12-28,Male,Toronto,Ontario,Canada,1982-04-05,Active
102773,David,White,2000-07-08,Female,Brampton,Ontario,Canada,2025-05-10,Active
102774,Olivia,Anderson,2006-08-31,Male,Hamilton,Ontario,Canada,2024-10-26,Active
102775,Emily,Wilson,1948-01-30,Male,Quebec City,Quebec,Canada,2009-03-29,Active
102776,Robert,Brown,2002-11-16,Male,Ottawa,Ontario,Canada,2022-01-24,Active
102777,Sarah,Lewis,1995-12-03,Male,Surrey,British Columbia,Canada,2022-06-18,Active
102778,Mia,Lee,1999-01-20,Male,Surrey,British Columbia,Canada,2019-09-29,Active
102779,William,Thomas,1971-09-24,Male,Ottawa,Ontario,Canada,1992-09-15,Active
102780,James,Taylor,1969-04-09,Female,Surrey,British Columbia,Canada,2021-05-18,Active
102781,Robert,Jackson,1982-08-06,Male,Ottawa,Ontario,Canada,2009-10-12,Active
102782,Ava,Wilson,1989-11-24,Female,Hamilton,Ontario,Canada,2020-01-03,Active
102783,Sophia,Harris,2002-11-07,Female,Moncton,New Brunswick,Canada,2021-01-30,Active
102784,Emma,Martin,1960-06-05,Female,Toronto,Ontario,Canada,2023-11-17,Active
102785,Mia,Lee,2004-11-23,Female,Ottawa,Ontario,Canada,2025-03-27,Active
102786,John,Anderson,1968-07-27,Male,Vancouver,British Columbia,Canada,2003-05-13,Active
102787,Robert,Wilson,1985-10-25,Female,Ottawa,Ontario,Canada,2024-05-21,Active
102788,James,Wilson,1994-09-08,Female,Brampton,Ontario,Canada,2018-06-03,Active
102789,James,Thomas,1985-03-15,Female,Surrey,British Columbia,Canada,2010-12-04,Active
102790,Emma,Martin,1947-07-22,Male,Surrey,British Columbia,Canada,1982-08-23,Active
102791,Ava,Smith,1999-04-19,Female,Montreal,Quebec,Canada,2023-05-31,Active
102792,Michael,Garcia,1947-02-13,Male,Winnipeg,Manitoba,Canada,1992-01-18,Active
102793,Olivia,Jackson,1977-11-19,Male,Hamilton,Ontario,Canada,2013-05-26,Active
102794,Emily,Garcia,1985-08-25,Male,Laval,Quebec,Canada,2021-11-08,Active
102795,John,Jackson,1959-10-12,Male,Brampton,Ontario,Canada,2009-10-28,Active
102796,Mia,Wilson,1992-10-19,Female,Ottawa,Ontario,Canada,2021-11-08,Active
102797,Mia,Smith,1981-08-27,Female,Saint John,New Brunswick,Canada,2016-02-16,Active
102798,Emily,Harris,1968-02-29,Male,Vancouver,British Columbia,Canada,2018-02-24,Active
102799,Olivia,Harris,1953-09-27,Female,Hamilton,Ontario,Canada,2011-05-31,Active
102800,William,Clark,1986-07-03,Female,Montreal,Quebec,Canada,2022-11-30,Active
102801,Sophia,Lewis,1950-04-27,Female,Brampton,Ontario,Canada,2005-03-18,Active
102802,Daniel,Wilson,2000-11-20,Female,Victoria,British Columbia,Canada,2018-12-02,Active
102803,Ava,Anderson,1951-03-27,Male,Toronto,Ontario,Canada,2021-06-10,Active
102804,James,Taylor,1950-04-19,Male,Regina,Saskatchewan,Canada,1982-02-23,Active
102805,Michael,Brown,1956-12-07,Female,Brampton,Ontario,Canada,2012-02-28,Active
102806,Ava,Smith,1996-04-28,Male,Mississauga,Ontario,Canada,2022-05-26,Active
102807,Robert,Brown,1997-04-08,Female,Regina,Saskatchewan,Canada,2022-10-19,Active
102808,Robert,White,1980-08-25,Female,Winnipeg,Manitoba,Canada,2011-02-24,Active
102809,Sophia,Wilson,1994-01-31,Female,Hamilton,Ontario,Canada,2018-09-03,Active
102810,Michael,Wilson,1970-08-10,Male,Laval,Quebec,Canada,1993-01-28,Active
102811,Sarah,Brown,2006-10-10,Female,Winnipeg,Manitoba,Canada,2025-03-28,Closed
102812,Robert,Thompson,1947-04-04,Female,Surrey,British Columbia,Canada,1969-03-27,Active
102813,Michael,Martin,1982-08-05,Male,Victoria,British Columbia,Canada,2024-04-04,Active
102814,Ava,Lee,1968-03-12,Male,Surrey,British Columbia,Canada,2024-05-16,Active
102815,Michael,Brown,1966-05-06,Male,Regina,Saskatchewan,Canada,1988-11-22,Active
102816,John,Taylor,1994-01-06,Male,Laval,Quebec,Canada,2024-06-11,Active
102817,Olivia,Jackson,1992-05-18,Female,Mississauga,Ontario,Canada,2021-06-16,Active
102818,Mia,Martin,1978-02-22,Female,Montreal,Quebec,Canada,2005-11-18,Active
102819,John,Brown,1998-12-01,Male,Vancouver,British Columbia,Canada,2018-06-15,Active
102820,Olivia,Taylor,1955-02-09,Female,Montreal,Quebec,Canada,2007-05-07,Inactive
102821,Emily,Jackson,1948-11-02,Male,Toronto,Ontario,Canada,1968-06-29,Active
102822,Emma,Smith,1958-08-18,Male,Victoria,British Columbia,Canada,1983-12-22,Active
102823,John,Thomas,1950-01-19,Male,Montreal,Quebec,Canada,1974-03-20,Active
102824,Ava,Garcia,1997-05-26,Female,Moncton,New Brunswick,Canada,2016-12-01,Inactive
102825,Jessica,White,1976-05-17,Female,Brampton,Ontario,Canada,1994-08-04,Active
102826,Emma,Jackson,1971-04-10,Female,Vancouver,British Columbia,Canada,2001-09-30,Active
102827,William,White,1975-04-19,Female,Laval,Quebec,Canada,2020-01-16,Inactive
102828,Ava,Lee,1950-01-06,Male,Toronto,Ontario,Canada,1984-07-04,Active
102829,Jessica,White,1984-11-07,Female,Montreal,Quebec,Canada,2008-10-01,Active
102830,John,Harris,2005-04-27,Male,Brampton,Ontario,Canada,2026-08-06,Active
102831,Mia,Lewis,1952-12-20,Male,Calgary,Alberta,Canada,1997-10-19,Active
102832,Sophia,Wilson,1959-12-20,Female,Vancouver,British Columbia,Canada,1979-02-26,Active
102833,Robert,Brown,1992-12-18,Male,Toronto,Ontario,Canada,2020-03-14,Active
102834,Emily,Jackson,1994-03-06,Male,Quebec City,Quebec,Canada,2020-02-09,Active
102835,William,Anderson,1961-09-27,Male,Moncton,New Brunswick,Canada,1999-08-31,Active
102836,Emily,Taylor,1944-10-21,Male,Hamilton,Ontario,Canada,2017-05-08,Active
102837,Ava,Brown,1989-04-23,Female,Winnipeg,Manitoba,Canada,2020-07-05,Active
102838,Mia,Lewis,1960-02-28,Male,Ottawa,Ontario,Canada,1979-06-01,Active
102839,David,Martin,1994-12-15,Female,Ottawa,Ontario,Canada,2018-01-27,Active
102840,Ava,Thompson,1965-03-28,Female,Quebec City,Quebec,Canada,2007-04-14,Active
102841,Daniel,Brown,2005-07-20,Female,Ottawa,Ontario,Canada,2025-08-12,Active
102842,Olivia,Thomas,1998-02-22,Male,Winnipeg,Manitoba,Canada,2020-02-21,Active
102843,Sophia,Martin,1948-04-22,Female,Victoria,British Columbia,Canada,1993-02-27,Active
102844,Sarah,White,1991-02-14,Male,Vancouver,British Columbia,Canada,2012-11-28,Active
102845,Daniel,Thompson,1989-04-11,Male,Surrey,British Columbia,Canada,2018-11-30,Inactive
102846,Daniel,Thompson,1963-05-28,Female,Vancouver,British Columbia,Canada,1992-01-22,Active
102847,Emma,Jackson,2001-10-28,Male,Surrey,British Columbia,Canada,2023-03-02,Active
102848,William,Garcia,1993-08-11,Female,Victoria,British Columbia,Canada,2023-11-15,Active
102849,Robert,Taylor,1960-09-26,Male,Edmonton,Alberta,Canada,2022-08-25,Active
102850,William,Brown,1995-01-13,Female,Quebec City,Quebec,Canada,2019-05-14,Active
102851,Michael,Lewis,1988-09-29,Female,Toronto,Ontario,Canada,2010-11-16,Active
102852,William,Smith,1976-04-04,Female,Laval,Quebec,Canada,1995-09-29,Active
102853,John,Anderson,2000-02-05,Male,Laval,Quebec,Canada,2025-05-03,Active
102854,John,Brown,1975-12-30,Male,Brampton,Ontario,Canada,2007-05-09,Active
102855,Olivia,Taylor,1961-01-19,Female,Quebec City,Quebec,Canada,1988-01-10,Active
102856,John,Thomas,1976-02-06,Female,Mississauga,Ontario,Canada,2020-09-11,Active
102857,Emily,Brown,1974-06-19,Male,Ottawa,Ontario,Canada,2008-12-09,Active
102858,Sophia,White,1954-07-18,Male,Edmonton,Alberta,Canada,2009-11-04,Active
102859,Olivia,Lewis,1980-02-01,Female,Red Deer,Alberta,Canada,1999-11-28,Active
102860,Daniel,Wilson,1995-03-15,Female,Brampton,Ontario,Canada,2026-01-22,Active
102861,Michael,Lewis,1999-05-21,Female,Halifax,Nova Scotia,Canada,2020-04-21,Active
102862,Mia,Jackson,1989-01-07,Female,Halifax,Nova Scotia,Canada,2022-03-17,Active
102863,Emma,Harris,1974-11-04,Male,Red Deer,Alberta,Canada,2002-11-20,Active
102864,Jessica,Jackson,1997-07-06,Male,Hamilton,Ontario,Canada,2017-06-01,Active
102865,John,Anderson,2002-08-20,Female,Ottawa,Ontario,Canada,2023-02-10,Active
102866,James,Brown,1995-05-22,Female,Quebec City,Quebec,Canada,2014-04-11,Active
102867,Robert,Harris,1993-12-03,Male,Surrey,British Columbia,Canada,2019-05-29,Active
102868,Michael,Lewis,1993-06-25,Female,Surrey,British Columbia,Canada,2018-07-03,Active
102869,Emma,White,1974-10-27,Male,Vancouver,British Columbia,Canada,1995-06-08,Active
102870,David,Harris,1993-03-01,Male,Calgary,Alberta,Canada,2018-01-21,Active
102871,Robert,Martin,1968-02-09,Female,Halifax,Nova Scotia,Canada,2009-03-24,Active
102872,Ava,Thomas,2003-07-02,Male,Montreal,Quebec,Canada,2024-04-30,Active
102873,Emma,Brown,1999-09-01,Male,Winnipeg,Manitoba,Canada,2018-04-25,Inactive
102874,David,White,1982-02-21,Female,Edmonton,Alberta,Canada,2017-12-15,Active
102875,William,Lewis,1989-04-23,Male,Brampton,Ontario,Canada,2013-09-21,Active
102876,Sarah,Anderson,1996-02-28,Male,Red Deer,Alberta,Canada,2017-05-04,Active
102877,Jessica,Lewis,1980-05-18,Female,Ottawa,Ontario,Canada,2022-07-08,Active
102878,Ava,Clark,1994-06-26,Male,Mississauga,Ontario,Canada,2026-07-02,Active
102879,Mia,Taylor,1990-06-24,Female,Charlottetown,Prince Edward Island,Canada,2010-07-17,Active
102880,Ava,Harris,1961-01-09,Male,Quebec City,Quebec,Canada,2002-08-05,Active
102881,James,Garcia,1953-08-01,Male,Laval,Quebec,Canada,1986-03-01,Active
102882,David,White,1979-08-22,Female,Halifax,Nova Scotia,Canada,2018-05-24,Active
102883,Emily,Thompson,1944-01-08,Male,Toronto,Ontario,Canada,2001-04-18,Active
102884,James,Lewis,1989-12-20,Female,Brampton,Ontario,Canada,2015-08-09,Active
102885,William,Martin,1987-02-03,Female,Ottawa,Ontario,Canada,2021-03-17,Active
102886,Michael,Clark,1950-07-08,Female,Laval,Quebec,Canada,2008-04-25,Active
102887,Mia,Clark,1963-07-09,Male,Mississauga,Ontario,Canada,2023-05-27,Active
102888,James,Clark,1977-06-05,Male,Ottawa,Ontario,Canada,2026-02-23,Active
102889,Michael,Clark,1989-09-18,Female,Calgary,Alberta,Canada,2015-07-21,Active
102890,Michael,Taylor,1944-03-06,Male,Hamilton,Ontario,Canada,1972-01-30,Active
102891,Michael,Smith,1978-12-26,Female,Quebec City,Quebec,Canada,2024-05-14,Active
102892,Emily,Wilson,1959-02-20,Female,Ottawa,Ontario,Canada,1998-09-23,Active
102893,William,Taylor,1969-01-14,Male,Montreal,Quebec,Canada,2022-04-02,Active
102894,Mia,Thompson,1974-08-22,Male,Surrey,British Columbia,Canada,2016-05-10,Active
102895,David,White,1956-07-18,Female,Laval,Quebec,Canada,2001-10-30,Active
102896,Emily,White,1963-05-03,Female,Mississauga,Ontario,Canada,2020-03-05,Active
102897,Jessica,Smith,1969-12-17,Male,Hamilton,Ontario,Canada,2017-02-24,Active
102898,Jessica,Thompson,1992-07-30,Female,Hamilton,Ontario,Canada,2020-10-29,Active
102899,Sophia,Thomas,1962-01-22,Female,Toronto,Ontario,Canada,2004-03-14,Active
102900,David,Garcia,1984-02-27,Male,Laval,Quebec,Canada,2007-10-29,Active
102901,Sarah,Brown,1966-10-13,Male,Brampton,Ontario,Canada,1993-08-22,Active
102902,Emma,Anderson,1960-11-08,Female,Mississauga,Ontario,Canada,2009-09-13,Closed
102903,Emma,Smith,1950-12-26,Female,Mississauga,Ontario,Canada,1991-03-07,Active
102904,Jessica,Anderson,1945-01-27,Female,Red Deer,Alberta,Canada,2002-09-03,Active
102905,Jessica,Lewis,1965-09-04,Male,Quebec City,Quebec,Canada,2014-06-24,Active
102906,Emma,White,1960-01-18,Female,Quebec City,Quebec,Canada,1980-03-03,Active
102907,Jessica,Jackson,1991-05-24,Female,Quebec City,Quebec,Canada,2010-11-19,Active
102908,Ava,Anderson,1976-09-13,Female,Brampton,Ontario,Canada,2014-02-06,Active
102909,John,Taylor,1947-07-18,Male,Mississauga,Ontario,Canada,2025-03-24,Inactive
102910,William,Thompson,1992-01-08,Male,Toronto,Ontario,Canada,2018-11-20,Active
102911,John,Lee,1969-01-08,Female,Montreal,Quebec,Canada,2013-10-06,Active
102912,John,Garcia,1982-01-05,Male,Ottawa,Ontario,Canada,2007-09-23,Active
102913,Sarah,Garcia,1951-11-30,Male,Brampton,Ontario,Canada,1982-03-08,Inactive
102914,David,White,1947-07-08,Female,Regina,Saskatchewan,Canada,1980-02-16,Active
102915,Daniel,Brown,1950-06-28,Male,Victoria,British Columbia,Canada,2023-03-21,Active
102916,Daniel,Thompson,1973-05-23,Female,Ottawa,Ontario,Canada,2018-06-24,Active
102917,Jessica,Clark,1999-09-16,Female,Winnipeg,Manitoba,Canada,2020-11-23,Active
102918,Ava,White,2004-06-13,Female,Mississauga,Ontario,Canada,2022-09-21,Active
102919,Emma,Brown,1994-07-24,Male,Mississauga,Ontario,Canada,2024-09-05,Active
102920,William,Thompson,2000-12-15,Female,Ottawa,Ontario,Canada,2021-02-23,Active
102921,Robert,Lewis,1992-05-30,Female,Saskatoon,Saskatchewan,Canada,2014-04-14,Active
102922,Sophia,Taylor,1990-10-09,Female,Mississauga,Ontario,Canada,2021-04-26,Active
102923,John,Wilson,1970-07-25,Male,Calgary,Alberta,Canada,1993-04-01,Active
102924,Emily,Garcia,1961-11-17,Male,Vancouver,British Columbia,Canada,1989-08-31,Active
102925,Daniel,Anderson,1983-08-27,Female,Montreal,Quebec,Canada,2014-03-03,Active
102926,Michael,Thompson,1945-05-25,Male,Toronto,Ontario,Canada,1970-11-01,Inactive
102927,Jessica,Thompson,1955-04-21,Female,Toronto,Ontario,Canada,2022-01-23,Active
102928,Robert,Taylor,1972-10-01,Male,Victoria,British Columbia,Canada,2026-01-19,Active
102929,Michael,Smith,1983-11-13,Male,Ottawa,Ontario,Canada,2022-06-23,Active
102930,Jessica,Harris,1967-08-04,Female,Montreal,Quebec,Canada,2008-10-28,Active
102931,Michael,Jackson,1992-07-09,Female,Ottawa,Ontario,Canada,2019-04-29,Active
102932,Olivia,Clark,1986-07-30,Female,Red Deer,Alberta,Canada,2010-07-07,Inactive
102933,Michael,Thomas,1960-05-19,Male,Victoria,British Columbia,Canada,1985-08-06,Active
102934,Daniel,Taylor,1948-06-12,Female,Laval,Quebec,Canada,1975-09-19,Active
102935,Emma,Clark,1961-03-11,Female,Montreal,Quebec,Canada,1986-04-17,Active
102936,David,Garcia,2002-03-04,Male,Mississauga,Ontario,Canada,2020-03-20,Active
102937,Sophia,Martin,1958-06-26,Male,Hamilton,Ontario,Canada,2013-10-07,Active
102938,Olivia,Lee,1990-05-11,Male,Brampton,Ontario,Canada,2022-01-31,Inactive
102939,Mia,Garcia,1987-03-02,Female,Surrey,British Columbia,Canada,2020-11-01,Active
102940,Michael,Clark,2005-03-04,Male,Toronto,Ontario,Canada,2024-06-02,Active
102941,Olivia,Garcia,2002-02-26,Female,Brampton,Ontario,Canada,2020-10-26,Active
102942,Ava,Jackson,1998-07-07,Male,Hamilton,Ontario,Canada,2018-06-28,Active
102943,Sophia,Smith,1963-07-12,Female,Ottawa,Ontario,Canada,2018-07-19,Active
102944,Michael,Martin,1971-02-07,Female,Montreal,Quebec,Canada,2023-01-16,Active
102945,Emma,Garcia,1974-10-30,Female,Victoria,British Columbia,Canada,1994-10-09,Active
102946,John,Lee,1985-09-26,Male,Montreal,Quebec,Canada,2019-09-14,Active
102947,Emily,Thompson,1953-02-08,Male,Quebec City,Quebec,Canada,2020-12-02,Active
102948,Sarah,Harris,1997-04-10,Female,Quebec City,Quebec,Canada,2024-07-03,Active
102949,Sarah,Harris,1984-07-12,Male,Quebec City,Quebec,Canada,2008-07-07,Active
102950,Sarah,Brown,1956-11-04,Female,Calgary,Alberta,Canada,2008-10-28,Inactive
102951,James,Smith,1947-02-23,Male,Calgary,Alberta,Canada,2015-07-11,Active
102952,Sarah,Smith,1944-08-09,Male,Red Deer,Alberta,Canada,2021-05-01,Active
102953,Ava,Lewis,1966-09-20,Male,Calgary,Alberta,Canada,2013-04-07,Active
102954,Daniel,Garcia,1963-05-18,Female,Winnipeg,Manitoba,Canada,1996-12-22,Active
102955,Robert,Taylor,1953-06-29,Female,Montreal,Quebec,Canada,2008-05-23,Active
102956,Ava,Jackson,1971-07-24,Male,Montreal,Quebec,Canada,1995-05-13,Active
102957,John,White,1945-06-20,Male,Vancouver,British Columbia,Canada,1969-01-22,Active
102958,Sarah,Taylor,1983-05-07,Male,Toronto,Ontario,Canada,2001-07-07,Active
102959,Sarah,Jackson,1971-10-31,Female,Toronto,Ontario,Canada,2010-01-25,Active
102960,Sarah,Thomas,1960-08-05,Female,Regina,Saskatchewan,Canada,1980-03-20,Inactive
102961,Mia,Thompson,1972-10-28,Male,Quebec City,Quebec,Canada,1995-09-07,Active
102962,Daniel,Garcia,1971-11-07,Female,Toronto,Ontario,Canada,2021-04-14,Active
102963,Ava,Brown,1997-01-22,Female,Montreal,Quebec,Canada,2019-10-22,Active
102964,John,Jackson,1984-11-12,Female,Ottawa,Ontario,Canada,2017-07-01,Active
102965,Sophia,Lee,1958-10-01,Male,Hamilton,Ontario,Canada,1998-09-29,Active
102966,Emily,Lewis,1995-12-09,Female,Laval,Quebec,Canada,2014-07-08,Active
102967,David,Garcia,1964-11-12,Female,Montreal,Quebec,Canada,2008-11-11,Active
102968,David,Garcia,1958-04-19,Male,Laval,Quebec,Canada,1981-09-03,Active
102969,Olivia,Smith,1989-09-30,Male,Mississauga,Ontario,Canada,2020-06-16,Active
102970,Jessica,Lee,1994-05-24,Male,Montreal,Quebec,Canada,2022-05-02,Active
102971,Jessica,Garcia,1944-06-05,Male,Mississauga,Ontario,Canada,2008-04-26,Active
102972,James,Lewis,2003-03-03,Male,Montreal,Quebec,Canada,2023-04-14,Inactive
102973,Emily,Lewis,1983-09-10,Female,Surrey,British Columbia,Canada,2013-08-23,Active
102974,Ava,Taylor,1969-10-20,Female,Mississauga,Ontario,Canada,2017-11-24,Active
102975,James,Smith,1991-07-18,Male,Regina,Saskatchewan,Canada,2017-01-26,Active
102976,Sarah,Martin,1978-10-10,Male,Vancouver,British Columbia,Canada,2024-10-08,Active
102977,Sarah,Jackson,2004-02-28,Female,Toronto,Ontario,Canada,2025-02-02,Active
102978,Mia,Smith,1944-08-17,Male,Brampton,Ontario,Canada,2011-01-15,Active
102979,Robert,Anderson,1977-09-12,Male,Hamilton,Ontario,Canada,2016-04-26,Inactive
102980,Sarah,Lee,1988-09-28,Female,Mississauga,Ontario,Canada,2010-05-11,Active
102981,Olivia,Thomas,1946-02-09,Male,Regina,Saskatchewan,Canada,1993-02-25,Active
102982,James,Taylor,1998-12-08,Male,Surrey,British Columbia,Canada,2023-04-04,Active
102983,Emma,Martin,1966-01-02,Female,Edmonton,Alberta,Canada,2006-01-23,Active
102984,Emma,Martin,1945-04-04,Female,Vancouver,British Columbia,Canada,2001-01-02,Inactive
102985,Olivia,Anderson,1968-05-03,Male,Winnipeg,Manitoba,Canada,2022-11-28,Inactive
102986,Jessica,Clark,1997-02-24,Female,Winnipeg,Manitoba,Canada,2024-11-30,Active
102987,Sophia,Harris,2004-06-03,Female,Hamilton,Ontario,Canada,2023-05-01,Active
102988,Sophia,Wilson,1953-05-22,Male,Brampton,Ontario,Canada,1982-06-16,Active
102989,Mia,Anderson,1968-07-27,Female,Ottawa,Ontario,Canada,1992-05-27,Active
102990,Daniel,Clark,1997-01-19,Male,Hamilton,Ontario,Canada,2023-05-27,Active
102991,Daniel,Brown,1945-05-02,Male,Quebec City,Quebec,Canada,1994-09-10,Active
102992,Jessica,Smith,1978-02-20,Male,Hamilton,Ontario,Canada,2014-06-13,Inactive
102993,Michael,Martin,1978-03-04,Male,Calgary,Alberta,Canada,2022-08-13,Closed
102994,Emma,Jackson,1967-04-27,Male,Ottawa,Ontario,Canada,2005-01-24,Active
102995,Sophia,Taylor,1964-02-09,Female,Calgary,Alberta,Canada,2010-03-05,Active
102996,Jessica,White,2003-04-20,Male,Mississauga,Ontario,Canada,2022-11-11,Active
102997,Robert,Wilson,1966-07-29,Female,Toronto,Ontario,Canada,2019-07-01,Active
102998,William,Thomas,1982-07-30,Male,Edmonton,Alberta,Canada,2001-04-04,Active
102999,Daniel,Taylor,1991-07-27,Female,Montreal,Quebec,Canada,2019-06-11,Active
103000,Jessica,Harris,1946-06-08,Female,Vancouver,British Columbia,Canada,2014-07-27,Active
103001,Sophia,Thompson,1996-03-15,Male,Winnipeg,Manitoba,Canada,2023-02-15,Active
103002,Olivia,Lewis,1992-04-04,Female,Hamilton,Ontario,Canada,2012-01-07,Active
103003,Mia,Brown,1956-03-02,Female,Hamilton,Ontario,Canada,2018-12-17,Active
103004,Ava,Anderson,1955-06-29,Male,Toronto,Ontario,Canada,1993-07-23,Active
103005,Olivia,Taylor,1979-09-17,Male,Brampton,Ontario,Canada,2012-10-06,Active
103006,William,Harris,2002-03-02,Female,Halifax,Nova Scotia,Canada,2023-05-23,Active
103007,Emily,White,2000-02-27,Female,Calgary,Alberta,Canada,2021-02-02,Active
103008,Daniel,Lewis,1954-06-27,Male,Ottawa,Ontario,Canada,1990-05-08,Active
103009,Jessica,Lewis,1981-12-01,Female,Victoria,British Columbia,Canada,2024-05-13,Active
103010,Emma,Garcia,1974-09-21,Male,Saskatoon,Saskatchewan,Canada,2015-03-18,Active
103011,William,Wilson,1987-06-18,Male,Mississauga,Ontario,Canada,2026-07-06,Active
103012,Sarah,Smith,1976-12-03,Female,Ottawa,Ontario,Canada,2005-05-07,Active
103013,James,Lewis,1980-01-17,Female,Edmonton,Alberta,Canada,2006-07-23,Active
103014,Sophia,Lee,1979-07-09,Male,Victoria,British Columbia,Canada,2012-07-26,Active
103015,Sarah,Taylor,1945-02-24,Male,Ottawa,Ontario,Canada,2001-11-29,Active
103016,Daniel,Smith,1977-08-06,Male,Laval,Quebec,Canada,1998-07-21,Active
103017,Sarah,Thompson,1953-06-07,Female,Ottawa,Ontario,Canada,1991-05-29,Inactive
103018,David,Harris,1971-08-29,Male,Surrey,British Columbia,Canada,2005-09-27,Active
103019,Emily,Lewis,1978-03-10,Male,Surrey,British Columbia,Canada,1998-10-16,Active
103020,Sophia,Harris,1988-11-27,Male,Ottawa,Ontario,Canada,2018-06-05,Active
103021,William,Garcia,1997-06-18,Female,Calgary,Alberta,Canada,2016-10-23,Active
103022,John,Garcia,1953-10-19,Male,Quebec City,Quebec,Canada,2019-01-31,Active
103023,William,Smith,1980-11-13,Female,Vancouver,British Columbia,Canada,2013-04-12,Active
103024,Michael,Wilson,1993-08-06,Male,Victoria,British Columbia,Canada,2014-05-01,Closed
103025,William,Garcia,1964-08-26,Male,Quebec City,Quebec,Canada,2005-08-27,Inactive
103026,Jessica,Wilson,1946-05-11,Male,Mississauga,Ontario,Canada,1985-06-16,Active
103027,John,Taylor,2002-05-05,Male,Brampton,Ontario,Canada,2023-02-15,Closed
103028,Sophia,Garcia,1997-01-19,Male,Surrey,British Columbia,Canada,2018-01-23,Active
103029,David,Taylor,1988-08-29,Male,Surrey,British Columbia,Canada,2015-02-24,Active
103030,Mia,Wilson,1991-03-29,Male,Ottawa,Ontario,Canada,2011-11-25,Inactive
103031,Olivia,Smith,1962-12-04,Male,Saint John,New Brunswick,Canada,1994-03-30,Active
103032,Robert,White,1994-02-09,Male,Calgary,Alberta,Canada,2017-09-20,Active
103033,Emily,Martin,2006-08-21,Male,Toronto,Ontario,Canada,2026-03-21,Active
103034,John,Thompson,1962-09-15,Male,Ottawa,Ontario,Canada,2022-06-15,Active
103035,John,Lewis,1973-10-16,Male,Montreal,Quebec,Canada,2022-04-28,Active
103036,Ava,Martin,1997-07-13,Female,Toronto,Ontario,Canada,2019-09-07,Active
103037,Emma,Garcia,1957-11-30,Female,Moncton,New Brunswick,Canada,1994-09-05,Active
103038,Michael,Taylor,1987-07-18,Female,Victoria,British Columbia,Canada,2011-04-17,Active
103039,Robert,Thomas,1945-10-25,Male,Toronto,Ontario,Canada,1995-12-22,Active
103040,Michael,Anderson,2005-01-07,Female,Quebec City,Quebec,Canada,2026-07-07,Active
103041,William,Smith,1948-06-09,Female,Toronto,Ontario,Canada,1981-04-13,Active
103042,Robert,Lee,1945-04-05,Male,Laval,Quebec,Canada,2008-08-16,Active
103043,Robert,Taylor,1970-03-22,Male,Ottawa,Ontario,Canada,1997-12-16,Active
103044,Sarah,Jackson,1993-10-20,Female,Calgary,Alberta,Canada,2017-04-18,Active
103045,Michael,Thomas,1957-02-19,Female,Vancouver,British Columbia,Canada,2002-02-09,Active
103046,Mia,Smith,1983-04-08,Female,Winnipeg,Manitoba,Canada,2020-04-19,Active
103047,Olivia,Lewis,1965-04-21,Female,Mississauga,Ontario,Canada,2019-10-05,Active
103048,Sophia,Taylor,2006-04-23,Female,Mississauga,Ontario,Canada,2025-10-24,Active
103049,Michael,Brown,1973-10-15,Female,Calgary,Alberta,Canada,2012-12-01,Active
103050,Olivia,Thomas,1971-11-29,Male,Mississauga,Ontario,Canada,2021-05-01,Active
103051,Emma,Wilson,1945-03-31,Male,Hamilton,Ontario,Canada,2002-11-12,Active
103052,Michael,Lee,1961-08-14,Female,St. John's,Newfoundland and Labrador,Canada,1984-11-02,Active
103053,Sophia,Wilson,1945-02-12,Male,Calgary,Alberta,Canada,1966-06-04,Active
103054,William,Anderson,1999-06-04,Male,Calgary,Alberta,Canada,2022-05-31,Active
103055,Sophia,Anderson,1974-02-01,Male,Quebec City,Quebec,Canada,1992-05-31,Active
103056,Sarah,Smith,1964-07-08,Male,Quebec City,Quebec,Canada,2013-07-07,Active
103057,Emma,Smith,1959-07-07,Male,Montreal,Quebec,Canada,2015-10-01,Active
103058,Michael,White,1988-04-10,Female,Montreal,Quebec,Canada,2026-08-14,Active
103059,William,Taylor,1984-06-19,Male,Toronto,Ontario,Canada,2003-01-04,Active
103060,Robert,Brown,1964-11-27,Female,Red Deer,Alberta,Canada,2009-03-28,Active
103061,David,Anderson,1961-11-29,Male,Toronto,Ontario,Canada,2023-08-12,Active
103062,Robert,Anderson,2003-08-01,Female,Montreal,Quebec,Canada,2022-04-19,Active
103063,William,Jackson,1947-09-14,Female,Red Deer,Alberta,Canada,2013-01-03,Active
103064,John,Lee,1977-02-22,Female,Edmonton,Alberta,Canada,2025-10-08,Active
103065,Olivia,Anderson,2004-11-21,Male,Toronto,Ontario,Canada,2023-02-25,Active
103066,Emily,Thompson,1964-02-23,Male,Vancouver,British Columbia,Canada,2002-07-28,Active
103067,Emma,Garcia,1947-09-25,Female,Quebec City,Quebec,Canada,1970-02-17,Active
103068,Olivia,Smith,1995-10-24,Female,Brampton,Ontario,Canada,2020-02-02,Active
103069,Michael,White,2000-12-13,Male,Hamilton,Ontario,Canada,2025-07-17,Active
103070,John,Jackson,1947-12-08,Female,Vancouver,British Columbia,Canada,1981-04-23,Active
103071,Daniel,White,1967-10-30,Female,Calgary,Alberta,Canada,2018-03-18,Active
103072,Sarah,Wilson,1949-11-27,Male,Halifax,Nova Scotia,Canada,2015-09-18,Active
103073,David,Jackson,2000-09-04,Female,Mississauga,Ontario,Canada,2018-10-10,Active
103074,Sophia,Brown,1996-09-17,Male,Hamilton,Ontario,Canada,2021-01-14,Active
103075,Emily,Lee,1995-05-06,Male,Toronto,Ontario,Canada,2016-09-08,Active
103076,Sophia,Harris,1964-05-17,Female,St. John's,Newfoundland and Labrador,Canada,2025-07-05,Active
103077,John,Smith,1989-01-09,Male,Red Deer,Alberta,Canada,2020-09-10,Active
103078,Emma,White,1955-02-14,Female,Halifax,Nova Scotia,Canada,2000-11-29,Active
103079,David,Lewis,1953-04-18,Female,Laval,Quebec,Canada,2007-04-23,Active
103080,Daniel,Garcia,1980-12-28,Female,Mississauga,Ontario,Canada,2003-12-27,Active
103081,Daniel,Anderson,2004-12-12,Male,Quebec City,Quebec,Canada,2024-10-27,Active
103082,Emma,Lewis,1960-01-15,Male,Hamilton,Ontario,Canada,2015-07-01,Active
103083,Robert,Wilson,1973-07-07,Male,Ottawa,Ontario,Canada,2024-09-23,Active
103084,David,Taylor,2006-03-12,Female,Mississauga,Ontario,Canada,2024-07-23,Active
103085,William,Wilson,1970-10-14,Male,Brampton,Ontario,Canada,2023-01-30,Active
103086,William,Lewis,1995-09-12,Female,Hamilton,Ontario,Canada,2017-05-16,Inactive
103087,Michael,Thompson,1987-02-25,Male,Saskatoon,Saskatchewan,Canada,2023-10-04,Active
103088,Michael,White,2000-01-07,Male,Surrey,British Columbia,Canada,2026-02-21,Active
103089,David,Thompson,1965-02-05,Female,Red Deer,Alberta,Canada,2017-09-24,Active
103090,Sarah,Taylor,1996-07-07,Female,Mississauga,Ontario,Canada,2026-05-19,Active
103091,William,Brown,1995-11-25,Male,Victoria,British Columbia,Canada,2020-12-27,Active
103092,William,Clark,1999-10-23,Female,Laval,Quebec,Canada,2024-09-08,Active
103093,Olivia,Lee,2001-01-18,Male,Ottawa,Ontario,Canada,2025-12-18,Active
103094,David,Smith,1965-04-17,Female,Toronto,Ontario,Canada,1992-04-06,Inactive
103095,Mia,Smith,1996-02-10,Male,Ottawa,Ontario,Canada,2023-01-23,Active
103096,Sophia,Harris,1986-06-04,Female,Edmonton,Alberta,Canada,2020-12-04,Active
103097,Michael,Smith,1949-09-10,Male,Calgary,Alberta,Canada,1996-09-22,Active
103098,Robert,Thompson,2001-02-20,Male,Toronto,Ontario,Canada,2023-08-11,Active
103099,Michael,Lee,1989-06-08,Female,Victoria,British Columbia,Canada,2020-01-13,Active
103100,Robert,Anderson,1987-03-20,Male,Toronto,Ontario,Canada,2014-10-19,Active
103101,William,Anderson,1948-04-17,Male,Mississauga,Ontario,Canada,2002-04-07,Inactive
103102,John,Clark,2006-10-27,Male,Victoria,British Columbia,Canada,2025-08-23,Active
103103,James,Thomas,2005-01-10,Male,Red Deer,Alberta,Canada,2024-09-26,Active
103104,Daniel,Taylor,1998-07-12,Female,Red Deer,Alberta,Canada,2021-02-13,Active
103105,Olivia,Brown,1965-03-25,Male,Ottawa,Ontario,Canada,2003-05-06,Active
103106,Robert,Clark,1948-06-20,Female,Quebec City,Quebec,Canada,1985-11-15,Active
103107,Emma,Lewis,1990-10-11,Female,Brampton,Ontario,Canada,2010-09-09,Inactive
103108,William,Brown,1975-08-09,Male,Hamilton,Ontario,Canada,2011-05-24,Active
103109,Mia,Clark,1959-12-07,Female,Mississauga,Ontario,Canada,1998-07-22,Active
103110,David,Wilson,1961-05-11,Male,Brampton,Ontario,Canada,1981-01-31,Active
103111,Emily,Wilson,1986-06-29,Male,Hamilton,Ontario,Canada,2016-03-21,Active
103112,Sophia,Thomas,1999-02-16,Male,Brampton,Ontario,Canada,2025-03-22,Active
103113,James,Jackson,1980-05-28,Male,Vancouver,British Columbia,Canada,2005-08-23,Active
103114,Mia,Clark,2003-01-18,Male,Ottawa,Ontario,Canada,2026-02-01,Active
103115,William,Thompson,1979-08-01,Male,Mississauga,Ontario,Canada,2013-04-21,Active
103116,Sarah,Wilson,1979-09-12,Female,Halifax,Nova Scotia,Canada,2009-01-07,Active
103117,Jessica,Harris,1966-10-04,Female,Winnipeg,Manitoba,Canada,2021-04-11,Active
103118,Jessica,Lewis,1947-08-30,Female,Ottawa,Ontario,Canada,2023-07-12,Active
103119,James,Martin,1960-03-13,Female,Ottawa,Ontario,Canada,2022-12-31,Active
103120,Mia,Taylor,1965-11-03,Female,Ottawa,Ontario,Canada,2017-01-29,Active
103121,Jessica,Brown,1983-02-07,Male,Halifax,Nova Scotia,Canada,2017-02-12,Active
103122,Ava,Jackson,1955-11-18,Female,Brampton,Ontario,Canada,2018-08-21,Active
103123,Sarah,White,1976-01-29,Male,Brampton,Ontario,Canada,2022-01-17,Active
103124,Jessica,Thomas,1977-05-06,Female,Vancouver,British Columbia,Canada,2023-04-06,Active
103125,Daniel,Brown,1976-03-06,Female,Victoria,British Columbia,Canada,2021-02-23,Active
103126,Mia,Brown,2006-01-17,Male,Ottawa,Ontario,Canada,2024-12-08,Active
103127,Emma,White,1955-10-24,Female,Brampton,Ontario,Canada,2024-12-11,Active
103128,Mia,Lee,1965-08-16,Female,Laval,Quebec,Canada,2018-08-09,Active
103129,Sarah,Harris,1967-02-20,Female,Ottawa,Ontario,Canada,2021-02-06,Active
103130,Sophia,Jackson,1990-03-29,Male,Mississauga,Ontario,Canada,2010-11-30,Active
103131,William,Lewis,1985-09-04,Female,Red Deer,Alberta,Canada,2003-12-21,Active
103132,Daniel,Thompson,1996-05-10,Female,Red Deer,Alberta,Canada,2026-05-20,Active
103133,Sophia,Thompson,1977-05-28,Male,Surrey,British Columbia,Canada,2014-09-08,Closed
103134,John,Harris,1996-04-20,Female,Vancouver,British Columbia,Canada,2021-08-29,Active
103135,Olivia,Garcia,1945-09-29,Male,Quebec City,Quebec,Canada,2007-11-27,Active
103136,James,White,1953-06-02,Female,Brampton,Ontario,Canada,2009-10-07,Active
103137,Emily,Martin,1982-05-16,Male,Victoria,British Columbia,Canada,2001-06-16,Active
103138,Sarah,Martin,1958-12-16,Male,Toronto,Ontario,Canada,1992-03-10,Active
103139,Sarah,Garcia,1962-07-07,Male,Mississauga,Ontario,Canada,2005-06-18,Active
103140,Sarah,Lewis,1958-01-24,Female,Mississauga,Ontario,Canada,1977-09-03,Active
103141,Sarah,Anderson,1952-09-13,Female,Surrey,British Columbia,Canada,2020-04-09,Active
103142,Daniel,Thompson,1962-09-23,Male,Quebec City,Quebec,Canada,1988-03-21,Active
103143,Daniel,Smith,2001-09-28,Male,Quebec City,Quebec,Canada,2022-09-19,Closed
103144,Emily,White,1946-12-13,Female,Montreal,Quebec,Canada,1973-09-19,Active
103145,Sophia,Lewis,2006-08-13,Male,Red Deer,Alberta,Canada,2024-09-28,Active
103146,Emily,Martin,1977-12-24,Male,Mississauga,Ontario,Canada,2009-07-22,Active
103147,Jessica,Anderson,1992-07-09,Female,Toronto,Ontario,Canada,2023-01-25,Active
103148,Emma,Martin,1990-09-05,Male,Red Deer,Alberta,Canada,2013-12-09,Active
103149,Ava,Thomas,1947-11-17,Female,Surrey,British Columbia,Canada,1993-10-07,Active
103150,John,Jackson,1960-06-06,Male,Quebec City,Quebec,Canada,2023-12-26,Active
103151,Olivia,Taylor,1998-10-27,Female,Ottawa,Ontario,Canada,2020-07-08,Active
103152,David,Martin,1984-04-23,Female,Halifax,Nova Scotia,Canada,2022-10-22,Active
103153,Michael,Wilson,1967-06-07,Male,Quebec City,Quebec,Canada,2026-02-21,Active
103154,Sophia,Jackson,1978-05-16,Female,Winnipeg,Manitoba,Canada,2012-09-22,Active
103155,John,Lee,1971-02-13,Female,Red Deer,Alberta,Canada,2012-02-04,Active
103156,Emma,Garcia,1950-03-31,Female,Edmonton,Alberta,Canada,2018-01-16,Active
103157,Sophia,Jackson,2002-12-27,Male,Brampton,Ontario,Canada,2024-11-05,Active
103158,Ava,Lee,1959-02-08,Male,Laval,Quebec,Canada,2006-02-07,Active
103159,Olivia,Smith,1998-05-20,Female,Mississauga,Ontario,Canada,2025-06-22,Active
103160,Mia,Lee,1959-03-19,Male,Ottawa,Ontario,Canada,2022-09-17,Inactive
103161,John,Thomas,1982-02-08,Male,Brampton,Ontario,Canada,2008-03-11,Active
103162,Mia,Clark,1974-10-14,Male,Hamilton,Ontario,Canada,2018-01-12,Active
103163,Michael,Lee,1999-08-28,Female,Laval,Quebec,Canada,2020-01-01,Active
103164,Robert,Martin,1983-07-22,Male,Victoria,British Columbia,Canada,2020-01-07,Active
103165,John,Martin,1981-06-20,Male,Brampton,Ontario,Canada,2001-10-25,Active
103166,Daniel,Garcia,1962-12-26,Female,Hamilton,Ontario,Canada,1993-07-17,Active
103167,Sophia,Taylor,1998-07-14,Male,Ottawa,Ontario,Canada,2024-07-25,Inactive
103168,Robert,Wilson,1952-01-04,Male,Vancouver,British Columbia,Canada,2015-01-08,Active
103169,Emma,Thomas,1975-11-25,Male,Hamilton,Ontario,Canada,2009-04-11,Active
103170,Jessica,White,1960-12-16,Male,Surrey,British Columbia,Canada,2015-10-22,Active
103171,Jessica,Garcia,1972-11-21,Female,Mississauga,Ontario,Canada,2008-04-13,Closed
103172,Ava,Taylor,1946-07-13,Male,Quebec City,Quebec,Canada,1969-07-24,Active
103173,Daniel,Harris,1987-07-25,Female,Red Deer,Alberta,Canada,2022-09-13,Active
103174,William,Smith,1991-03-02,Male,Montreal,Quebec,Canada,2010-03-07,Active
103175,Ava,Smith,1987-12-25,Male,Surrey,British Columbia,Canada,2022-07-24,Inactive
103176,Emily,Lee,1988-01-21,Male,Regina,Saskatchewan,Canada,2024-03-21,Active
103177,Jessica,Clark,1946-05-10,Female,Toronto,Ontario,Canada,1964-06-25,Active
103178,Robert,Clark,1986-04-02,Male,Brampton,Ontario,Canada,2026-03-11,Active
103179,David,Anderson,1964-09-23,Male,Regina,Saskatchewan,Canada,2009-11-02,Active
103180,Michael,White,1982-12-02,Female,Edmonton,Alberta,Canada,2016-06-26,Active
103181,David,Thompson,1984-07-10,Male,Victoria,British Columbia,Canada,2010-05-10,Active
103182,Michael,Taylor,1962-10-03,Female,Hamilton,Ontario,Canada,1988-08-06,Active
103183,Sophia,Garcia,1952-06-19,Male,Toronto,Ontario,Canada,1971-09-29,Active
103184,James,Thompson,1951-04-11,Male,Edmonton,Alberta,Canada,1993-06-12,Active
103185,Jessica,Jackson,1972-02-16,Female,Victoria,British Columbia,Canada,2019-01-12,Active
103186,Ava,Jackson,1981-09-26,Male,Hamilton,Ontario,Canada,2000-04-20,Active
103187,Sophia,Anderson,1944-06-29,Male,Toronto,Ontario,Canada,1976-10-27,Active
103188,Daniel,Clark,1990-02-25,Male,Red Deer,Alberta,Canada,2023-05-14,Active
103189,James,Lee,1959-09-07,Male,Montreal,Quebec,Canada,1999-02-22,Active
103190,Emma,Lee,1995-01-31,Female,Saint John,New Brunswick,Canada,2014-06-26,Active
103191,James,Garcia,1988-01-22,Male,Quebec City,Quebec,Canada,2026-04-21,Active
103192,Olivia,Thomas,1989-10-09,Female,Toronto,Ontario,Canada,2014-02-07,Inactive
103193,Olivia,Garcia,1957-01-30,Male,Brampton,Ontario,Canada,1984-03-14,Inactive
103194,Michael,Taylor,1985-06-30,Male,Laval,Quebec,Canada,2016-07-13,Active
103195,Sophia,Lewis,1986-09-18,Male,Ottawa,Ontario,Canada,2006-08-02,Active
103196,Michael,Anderson,1995-12-09,Female,Toronto,Ontario,Canada,2022-10-28,Active
103197,David,Jackson,1979-10-13,Female,Hamilton,Ontario,Canada,2016-05-30,Inactive
103198,Emma,Brown,1991-12-29,Female,Hamilton,Ontario,Canada,2025-02-12,Active
103199,Ava,Brown,1973-02-16,Male,Edmonton,Alberta,Canada,2001-07-28,Active
103200,David,Thomas,2003-07-13,Male,Toronto,Ontario,Canada,2023-09-12,Active
103201,Mia,Harris,1988-08-29,Female,Quebec City,Quebec,Canada,2020-01-19,Active
103202,Mia,Smith,1944-05-19,Male,Vancouver,British Columbia,Canada,1974-08-29,Active
103203,Sophia,Clark,1993-10-06,Female,Brampton,Ontario,Canada,2017-02-26,Active
103204,Michael,Brown,1953-03-29,Male,Montreal,Quebec,Canada,1977-04-10,Active
103205,Robert,Lee,1948-02-29,Male,Red Deer,Alberta,Canada,2008-07-25,Active
103206,Olivia,Anderson,1980-07-10,Male,Laval,Quebec,Canada,2017-01-20,Active
103207,Ava,Thomas,1975-02-09,Male,Montreal,Quebec,Canada,1996-04-04,Active
103208,Emma,Wilson,1969-04-07,Female,Red Deer,Alberta,Canada,1992-05-03,Active
103209,Daniel,Clark,1970-03-06,Female,Halifax,Nova Scotia,Canada,2003-08-05,Active
103210,David,Thompson,1965-06-14,Female,Red Deer,Alberta,Canada,2011-11-24,Active
103211,Ava,Brown,2001-10-29,Female,Quebec City,Quebec,Canada,2025-03-24,Closed
103212,Robert,Brown,1990-12-29,Male,Victoria,British Columbia,Canada,2017-01-20,Active
103213,William,Martin,1993-12-03,Male,Laval,Quebec,Canada,2023-10-09,Active
103214,Ava,Clark,1977-09-29,Male,Ottawa,Ontario,Canada,2008-08-15,Active
103215,Emily,Brown,1991-01-24,Female,Montreal,Quebec,Canada,2019-07-02,Active
103216,David,Taylor,1977-03-02,Male,Red Deer,Alberta,Canada,2003-05-21,Active
103217,James,Harris,2001-02-14,Female,Hamilton,Ontario,Canada,2023-12-17,Inactive
103218,Daniel,Brown,1947-02-20,Female,Winnipeg,Manitoba,Canada,2020-08-15,Active
103219,Ava,Anderson,1993-12-03,Female,Charlottetown,Prince Edward Island,Canada,2016-02-21,Active
103220,Daniel,Smith,1973-01-22,Female,Ottawa,Ontario,Canada,2016-07-23,Active
103221,Olivia,White,1964-05-21,Female,Mississauga,Ontario,Canada,2002-06-28,Active
103222,David,Thompson,1982-04-22,Female,Halifax,Nova Scotia,Canada,2014-02-19,Active
103223,Sophia,Jackson,2001-09-13,Female,Ottawa,Ontario,Canada,2023-09-24,Active
103224,Sophia,Taylor,1961-08-24,Male,Red Deer,Alberta,Canada,1999-07-28,Active
103225,Jessica,Jackson,1974-03-07,Female,Ottawa,Ontario,Canada,2015-02-24,Active
103226,Sophia,White,1959-01-21,Male,Ottawa,Ontario,Canada,1994-12-09,Active
103227,Emily,Wilson,1995-07-16,Female,Hamilton,Ontario,Canada,2015-09-08,Active
103228,William,Brown,1978-09-09,Female,Brampton,Ontario,Canada,2008-08-27,Active
103229,Sophia,Wilson,1962-06-05,Male,Saskatoon,Saskatchewan,Canada,2000-10-31,Active
103230,Emma,Lee,2001-06-15,Female,Brampton,Ontario,Canada,2025-08-11,Active
103231,Emma,Thompson,1958-03-16,Male,Brampton,Ontario,Canada,2008-07-23,Active
103232,David,Brown,1951-05-01,Female,Victoria,British Columbia,Canada,1993-06-29,Active
103233,Olivia,Anderson,1960-03-19,Female,Halifax,Nova Scotia,Canada,2019-07-14,Active
103234,James,Jackson,1963-06-22,Female,Mississauga,Ontario,Canada,1981-09-02,Active
103235,Emily,Wilson,1960-04-18,Female,Red Deer,Alberta,Canada,2011-07-19,Active
103236,Emily,Clark,1947-08-30,Male,Ottawa,Ontario,Canada,2021-12-25,Active
103237,William,Lee,2006-02-26,Male,Red Deer,Alberta,Canada,2025-11-24,Active
103238,Ava,Taylor,1964-07-01,Female,Victoria,British Columbia,Canada,2008-09-06,Active
103239,Mia,Smith,2004-06-15,Male,Winnipeg,Manitoba,Canada,2024-09-09,Active
103240,James,Anderson,1987-10-10,Male,Victoria,British Columbia,Canada,2009-03-27,Active
103241,David,Harris,1994-06-08,Male,Halifax,Nova Scotia,Canada,2014-08-14,Active
103242,David,Clark,1964-01-28,Male,Toronto,Ontario,Canada,1987-09-20,Active
103243,Mia,Thomas,1985-04-26,Female,Victoria,British Columbia,Canada,2025-02-20,Active
103244,Sarah,Anderson,1969-02-07,Male,Victoria,British Columbia,Canada,2001-12-31,Active
103245,Olivia,Taylor,1966-12-06,Male,Brampton,Ontario,Canada,2025-03-21,Active
103246,Emma,Smith,2002-12-08,Female,Saskatoon,Saskatchewan,Canada,2024-06-11,Active
103247,Sophia,Smith,1998-02-21,Female,Edmonton,Alberta,Canada,2024-01-26,Active
103248,John,Jackson,1965-11-12,Male,Red Deer,Alberta,Canada,2024-01-23,Active
103249,Michael,Martin,1944-03-23,Female,Ottawa,Ontario,Canada,1995-04-10,Active
103250,William,Smith,1977-12-28,Male,Edmonton,Alberta,Canada,1997-08-29,Active
103251,William,Taylor,2004-05-31,Female,Brampton,Ontario,Canada,2025-11-30,Active
103252,Sophia,Lewis,2002-10-26,Male,Saint John,New Brunswick,Canada,2022-11-18,Inactive
103253,Michael,Lee,1973-11-19,Male,Ottawa,Ontario,Canada,1997-03-26,Inactive
103254,William,Martin,1976-01-14,Male,Vancouver,British Columbia,Canada,2002-06-05,Active
103255,David,White,1998-03-25,Female,Brampton,Ontario,Canada,2026-07-31,Inactive
103256,Michael,Harris,1954-09-20,Male,Victoria,British Columbia,Canada,1995-06-11,Active
103257,Michael,Thomas,1961-04-14,Male,Ottawa,Ontario,Canada,2006-08-14,Active
103258,Michael,Taylor,1953-01-05,Female,Winnipeg,Manitoba,Canada,2015-02-04,Active
103259,Emily,Thomas,1981-02-08,Male,Winnipeg,Manitoba,Canada,2015-01-26,Active
103260,Daniel,Thompson,2000-08-18,Female,Mississauga,Ontario,Canada,2019-11-26,Active
103261,Daniel,Martin,1963-09-19,Male,Edmonton,Alberta,Canada,1985-07-14,Active
103262,Sarah,Thompson,1999-10-18,Male,Vancouver,British Columbia,Canada,2026-02-02,Active
103263,Sophia,Martin,1976-03-04,Male,Laval,Quebec,Canada,2000-09-13,Active
103264,Emma,Smith,1959-10-25,Male,Ottawa,Ontario,Canada,1990-05-05,Active
103265,Sarah,Martin,2004-06-13,Male,Mississauga,Ontario,Canada,2022-08-14,Active
103266,Jessica,Lewis,1983-04-06,Female,Ottawa,Ontario,Canada,2020-05-20,Active
103267,Sophia,Martin,1978-06-02,Female,Quebec City,Quebec,Canada,2011-09-29,Inactive
103268,Olivia,Harris,1954-06-28,Male,Quebec City,Quebec,Canada,2007-02-18,Active
103269,Michael,Taylor,1978-10-24,Male,Montreal,Quebec,Canada,2002-05-01,Active
103270,Ava,Garcia,1958-08-01,Female,Halifax,Nova Scotia,Canada,2004-01-07,Active
103271,Michael,Jackson,1970-07-12,Male,Mississauga,Ontario,Canada,2009-07-20,Closed
103272,Daniel,Taylor,2002-01-01,Female,Red Deer,Alberta,Canada,2025-08-16,Active
103273,Jessica,White,2006-09-11,Female,Calgary,Alberta,Canada,2026-02-06,Active
103274,Daniel,Brown,1969-04-24,Male,Edmonton,Alberta,Canada,2011-03-16,Active
103275,David,Lewis,1964-03-06,Female,Laval,Quebec,Canada,2012-01-01,Active
103276,Mia,Thompson,1957-02-19,Female,Mississauga,Ontario,Canada,2015-06-16,Active
103277,John,Anderson,1957-03-06,Female,Calgary,Alberta,Canada,1986-08-17,Active
103278,David,Garcia,1977-01-07,Female,Victoria,British Columbia,Canada,2013-08-30,Active
103279,Ava,Smith,2004-11-28,Male,Calgary,Alberta,Canada,2026-06-13,Active
103280,Olivia,Thomas,1997-08-12,Female,Mississauga,Ontario,Canada,2023-07-30,Active
103281,John,Martin,1962-04-02,Male,Montreal,Quebec,Canada,2019-01-29,Active
103282,Sophia,Smith,1996-06-23,Male,Montreal,Quebec,Canada,2015-01-20,Active
103283,Ava,Thompson,1973-09-05,Female,Surrey,British Columbia,Canada,2021-01-08,Active
103284,John,Clark,1985-09-15,Male,Calgary,Alberta,Canada,2018-07-08,Active
103285,Daniel,Harris,1960-01-22,Female,Hamilton,Ontario,Canada,1986-11-15,Closed
103286,Sarah,Taylor,1995-04-01,Female,Mississauga,Ontario,Canada,2025-03-05,Active
103287,John,Garcia,1973-05-11,Female,Brampton,Ontario,Canada,2022-05-07,Active
103288,David,Thomas,1993-02-10,Female,Brampton,Ontario,Canada,2021-03-24,Active
103289,Michael,Garcia,1959-08-23,Female,Mississauga,Ontario,Canada,2024-10-11,Active
103290,Michael,Martin,2004-09-16,Female,Brampton,Ontario,Canada,2025-12-12,Active
103291,Daniel,Brown,1970-07-26,Female,Hamilton,Ontario,Canada,2004-08-02,Active
103292,Daniel,Brown,1985-04-26,Female,Vancouver,British Columbia,Canada,2026-06-15,Active
103293,David,Smith,1977-09-18,Female,Red Deer,Alberta,Canada,2010-06-02,Inactive
103294,Robert,Brown,1981-09-01,Male,Mississauga,Ontario,Canada,2003-11-19,Active
103295,Michael,Anderson,1960-03-04,Male,Brampton,Ontario,Canada,1983-10-18,Active
103296,Sophia,Smith,2001-01-21,Male,Edmonton,Alberta,Canada,2024-04-19,Active
103297,David,Lee,1957-02-19,Male,Toronto,Ontario,Canada,1982-06-01,Active
103298,Mia,Lewis,1966-10-11,Male,Mississauga,Ontario,Canada,2022-05-12,Active
103299,Emily,Wilson,1971-02-19,Female,Laval,Quebec,Canada,2024-01-08,Active
103300,Emma,Anderson,1975-01-19,Female,Saint John,New Brunswick,Canada,1994-01-06,Active
103301,Jessica,Garcia,1958-03-27,Female,Toronto,Ontario,Canada,1984-09-21,Active
103302,David,Martin,1998-02-15,Female,Halifax,Nova Scotia,Canada,2017-12-14,Active
103303,Jessica,Harris,1982-10-17,Female,Mississauga,Ontario,Canada,2019-01-19,Active
103304,Robert,Lee,2005-09-04,Female,Toronto,Ontario,Canada,2024-06-02,Active
103305,John,Martin,1966-02-18,Female,Brampton,Ontario,Canada,2012-08-26,Active
103306,David,Thompson,1970-07-16,Male,Edmonton,Alberta,Canada,2022-02-06,Active
103307,Robert,White,1979-12-07,Female,Laval,Quebec,Canada,2016-11-20,Closed
103308,Michael,White,1981-02-26,Male,Laval,Quebec,Canada,2026-01-15,Active
103309,James,Anderson,1954-11-16,Male,Saint John,New Brunswick,Canada,1999-01-19,Active
103310,Ava,White,1996-10-10,Male,Montreal,Quebec,Canada,2025-08-21,Active
103311,Sarah,Lewis,2006-09-03,Female,Hamilton,Ontario,Canada,2026-03-21,Active
103312,Daniel,Thomas,1976-09-06,Female,Surrey,British Columbia,Canada,2009-11-03,Active
103313,Mia,Brown,1967-11-05,Male,Mississauga,Ontario,Canada,1997-06-18,Inactive
103314,David,Harris,1969-06-26,Female,Montreal,Quebec,Canada,2013-08-23,Active
103315,Daniel,Garcia,1947-11-21,Male,Edmonton,Alberta,Canada,2013-01-29,Inactive
103316,Emma,Lee,1948-02-01,Male,Quebec City,Quebec,Canada,1972-05-20,Active
103317,Jessica,Harris,1967-07-31,Male,Ottawa,Ontario,Canada,1998-07-18,Active
103318,William,Garcia,1957-05-11,Male,Laval,Quebec,Canada,2025-08-04,Active
103319,David,Taylor,1962-08-15,Female,Toronto,Ontario,Canada,1986-11-09,Active
103320,James,Jackson,1964-11-17,Male,Mississauga,Ontario,Canada,2024-03-20,Active
103321,John,Jackson,1955-04-17,Male,Laval,Quebec,Canada,1980-04-27,Active
103322,Michael,Anderson,1969-04-21,Male,Toronto,Ontario,Canada,2010-10-10,Active
103323,Sophia,Thompson,1946-04-21,Female,Mississauga,Ontario,Canada,1983-11-04,Active
103324,Jessica,Lewis,1992-11-25,Female,Laval,Quebec,Canada,2013-02-26,Active
103325,Daniel,Anderson,1987-09-25,Female,Montreal,Quebec,Canada,2010-05-26,Active
103326,Sophia,Wilson,1954-07-05,Female,Ottawa,Ontario,Canada,2023-10-27,Closed
103327,Michael,Clark,1954-04-25,Female,Charlottetown,Prince Edward Island,Canada,1987-04-01,Active
103328,David,Clark,1948-07-23,Male,Mississauga,Ontario,Canada,2020-05-27,Closed
103329,William,Lee,1955-08-21,Male,Ottawa,Ontario,Canada,2007-05-08,Active
103330,Mia,Taylor,1981-01-11,Female,Winnipeg,Manitoba,Canada,2026-05-29,Active
103331,Jessica,Thompson,1948-10-04,Male,Ottawa,Ontario,Canada,1994-06-29,Active
103332,Emma,Thompson,1944-07-05,Male,Saskatoon,Saskatchewan,Canada,1995-02-03,Active
103333,David,Garcia,1979-12-19,Male,Vancouver,British Columbia,Canada,2000-04-15,Active
103334,Emma,Clark,2002-08-24,Male,Montreal,Quebec,Canada,2022-09-28,Active
103335,John,Lee,1973-07-16,Male,Brampton,Ontario,Canada,2012-05-31,Active
103336,David,White,1960-02-17,Male,Brampton,Ontario,Canada,1996-06-08,Active
103337,Sarah,Brown,1996-05-19,Male,Red Deer,Alberta,Canada,2016-06-29,Active
103338,James,Wilson,1996-07-09,Female,Ottawa,Ontario,Canada,2020-07-22,Active
103339,Emma,Lewis,1996-08-31,Female,Edmonton,Alberta,Canada,2026-05-23,Active
103340,Mia,Clark,1967-11-29,Male,Edmonton,Alberta,Canada,2023-02-03,Active
103341,Emily,Smith,1946-07-21,Male,Vancouver,British Columbia,Canada,1987-05-09,Closed
103342,Robert,Thomas,2006-12-05,Male,Toronto,Ontario,Canada,2025-02-24,Active
103343,John,Taylor,2000-05-26,Male,Vancouver,British Columbia,Canada,2018-07-05,Active
103344,Jessica,Anderson,1975-07-31,Male,Surrey,British Columbia,Canada,2015-01-14,Active
103345,Emily,Martin,1993-06-11,Male,Ottawa,Ontario,Canada,2021-12-03,Active
103346,Sophia,White,2004-08-29,Female,Winnipeg,Manitoba,Canada,2026-04-29,Inactive
103347,Jessica,White,1947-08-28,Female,Mississauga,Ontario,Canada,2001-01-09,Active
103348,John,Jackson,1973-07-16,Female,Saint John,New Brunswick,Canada,2001-02-25,Active
103349,John,Martin,1998-04-13,Female,Toronto,Ontario,Canada,2016-07-17,Inactive
103350,Sophia,Thompson,1988-12-30,Female,Ottawa,Ontario,Canada,2017-04-29,Active
103351,Michael,Smith,1950-12-08,Female,Surrey,British Columbia,Canada,1985-07-19,Active
103352,Ava,Wilson,1948-01-04,Female,Hamilton,Ontario,Canada,2014-03-14,Active
103353,John,Thomas,1964-06-27,Female,Brampton,Ontario,Canada,2010-12-13,Active
103354,Olivia,Jackson,1972-01-13,Female,Toronto,Ontario,Canada,2008-11-21,Inactive
103355,Ava,Lee,1951-10-16,Female,Edmonton,Alberta,Canada,2012-01-07,Active
103356,Daniel,Lewis,1961-01-22,Female,Toronto,Ontario,Canada,2004-03-03,Active
103357,James,Martin,1976-04-10,Male,Vancouver,British Columbia,Canada,2015-04-07,Active
103358,Mia,Smith,1993-12-20,Male,Montreal,Quebec,Canada,2023-03-27,Active
103359,Michael,Brown,1979-09-25,Male,Laval,Quebec,Canada,1999-10-08,Active
103360,Sarah,Jackson,1977-07-17,Male,Mississauga,Ontario,Canada,2000-08-31,Active
103361,Ava,Harris,1990-09-26,Male,Hamilton,Ontario,Canada,2017-05-03,Active
103362,Sophia,Martin,1984-04-27,Male,Halifax,Nova Scotia,Canada,2019-09-22,Active
103363,James,Wilson,1958-03-28,Male,Calgary,Alberta,Canada,1997-04-22,Inactive
103364,Emma,Lewis,1959-12-28,Female,Regina,Saskatchewan,Canada,2022-06-22,Active
103365,Michael,White,1951-04-18,Male,Surrey,British Columbia,Canada,2025-06-04,Active
103366,Sophia,Harris,1951-05-12,Male,Edmonton,Alberta,Canada,1975-03-14,Active
103367,Jessica,Smith,1996-04-05,Male,Saint John,New Brunswick,Canada,2022-06-29,Closed
103368,Robert,Clark,1986-11-16,Male,Quebec City,Quebec,Canada,2006-03-10,Active
103369,Daniel,Harris,1984-05-30,Female,Winnipeg,Manitoba,Canada,2021-05-31,Active
103370,John,Taylor,1971-11-12,Female,Toronto,Ontario,Canada,1993-01-30,Active
103371,Ava,Anderson,1949-09-15,Male,Brampton,Ontario,Canada,1973-09-16,Active
103372,David,Thomas,1970-04-10,Female,Laval,Quebec,Canada,2016-07-04,Closed
103373,Robert,Smith,1953-09-09,Male,Montreal,Quebec,Canada,1993-06-23,Active
103374,Sarah,Lee,2004-09-23,Female,Laval,Quebec,Canada,2024-04-07,Active
103375,Olivia,Clark,1969-05-17,Female,Laval,Quebec,Canada,2004-04-19,Active
103376,Sarah,Lewis,1951-06-14,Female,Quebec City,Quebec,Canada,1996-01-10,Active
103377,Sarah,Thomas,1961-11-06,Male,Winnipeg,Manitoba,Canada,2011-04-10,Active
103378,Emily,Harris,1984-07-24,Female,Brampton,Ontario,Canada,2020-02-13,Active
103379,Emma,Jackson,1972-05-31,Female,Hamilton,Ontario,Canada,2024-12-24,Active
103380,William,White,1947-10-18,Female,Vancouver,British Columbia,Canada,1997-08-20,Active
103381,Emma,Harris,1966-10-16,Male,Victoria,British Columbia,Canada,2020-02-29,Active
103382,Sophia,Jackson,1987-02-24,Male,Calgary,Alberta,Canada,2018-01-23,Active
103383,Ava,Garcia,1977-06-18,Male,Brampton,Ontario,Canada,1997-08-02,Active
103384,Mia,Smith,1979-04-04,Male,Toronto,Ontario,Canada,2022-04-10,Active
103385,Sophia,Wilson,1985-08-19,Female,Halifax,Nova Scotia,Canada,2013-09-30,Active
103386,David,Lewis,1989-10-17,Male,Mississauga,Ontario,Canada,2016-04-22,Active
103387,Sophia,Lewis,1970-12-10,Male,Vancouver,British Columbia,Canada,2020-07-12,Inactive
103388,Sophia,Clark,1991-04-21,Female,Toronto,Ontario,Canada,2024-06-29,Active
103389,Robert,Thomas,2001-01-19,Male,Montreal,Quebec,Canada,2026-08-19,Inactive
103390,Olivia,Jackson,1952-04-26,Female,Edmonton,Alberta,Canada,1999-10-19,Active
103391,David,Smith,1989-11-20,Female,Laval,Quebec,Canada,2016-03-20,Active
103392,Sarah,Anderson,1961-04-22,Female,Hamilton,Ontario,Canada,1998-05-03,Active
103393,Sophia,Thompson,1950-10-23,Female,Edmonton,Alberta,Canada,1988-04-24,Active
103394,Michael,Thomas,1959-11-25,Male,Mississauga,Ontario,Canada,1990-08-18,Active
103395,William,White,2002-07-31,Male,Ottawa,Ontario,Canada,2022-07-08,Active
103396,Sophia,Brown,1982-04-22,Female,Quebec City,Quebec,Canada,2019-07-23,Closed
103397,Daniel,White,1972-11-17,Male,Laval,Quebec,Canada,2001-07-11,Active
103398,Ava,Thompson,1960-04-11,Male,Surrey,British Columbia,Canada,2008-05-15,Closed
103399,James,Harris,1977-07-28,Female,Ottawa,Ontario,Canada,2003-02-26,Active
103400,Olivia,Harris,1976-07-01,Male,Hamilton,Ontario,Canada,2020-06-30,Inactive
103401,Emma,Lewis,1969-09-03,Male,Brampton,Ontario,Canada,2004-01-29,Active
103402,Mia,Taylor,1971-11-08,Male,Winnipeg,Manitoba,Canada,2009-12-23,Active
103403,Michael,Anderson,1989-08-03,Male,Toronto,Ontario,Canada,2026-02-19,Active
103404,Ava,Martin,1980-11-23,Female,Regina,Saskatchewan,Canada,2022-12-20,Closed
103405,William,White,1945-10-21,Male,Brampton,Ontario,Canada,1984-09-26,Active
103406,William,Lee,1966-02-19,Male,Toronto,Ontario,Canada,1996-05-11,Active
103407,William,Smith,1947-12-03,Male,Vancouver,British Columbia,Canada,1999-03-11,Active
103408,Jessica,Brown,2002-04-10,Female,Mississauga,Ontario,Canada,2024-12-10,Active
103409,Jessica,Thomas,1964-04-17,Male,Victoria,British Columbia,Canada,2025-03-30,Active
103410,Sarah,Jackson,2004-10-17,Male,Winnipeg,Manitoba,Canada,2024-04-25,Active
103411,John,Lewis,1959-09-25,Female,Edmonton,Alberta,Canada,2006-02-10,Active
103412,Ava,White,1966-02-08,Male,Quebec City,Quebec,Canada,1988-12-13,Inactive
103413,David,Jackson,1969-11-21,Female,Vancouver,British Columbia,Canada,2016-03-21,Active
103414,John,Wilson,2001-08-07,Male,Toronto,Ontario,Canada,2023-05-02,Active
103415,Emily,Jackson,1949-09-02,Male,Red Deer,Alberta,Canada,2005-12-04,Active
103416,Daniel,White,1993-12-17,Male,Ottawa,Ontario,Canada,2015-05-12,Active
103417,Jessica,Harris,1985-05-13,Female,Toronto,Ontario,Canada,2013-05-15,Active
103418,Mia,Martin,1958-03-31,Male,Quebec City,Quebec,Canada,1979-05-12,Active
103419,John,Jackson,1997-02-15,Male,Mississauga,Ontario,Canada,2019-03-25,Active
103420,Robert,Wilson,1979-06-16,Female,Vancouver,British Columbia,Canada,2008-01-25,Active
103421,Sarah,Wilson,1975-10-02,Male,Brampton,Ontario,Canada,2008-10-06,Active
103422,Sophia,Wilson,1967-10-16,Female,Hamilton,Ontario,Canada,2025-09-30,Active
103423,Jessica,Martin,1970-05-11,Female,Surrey,British Columbia,Canada,2011-12-28,Inactive
103424,William,Clark,1994-06-17,Female,Laval,Quebec,Canada,2025-02-28,Active
103425,Jessica,Lewis,2005-02-07,Male,Halifax,Nova Scotia,Canada,2023-10-26,Active
103426,Ava,Anderson,2000-04-25,Male,Ottawa,Ontario,Canada,2026-07-01,Active
103427,Sarah,Brown,1965-02-05,Female,Toronto,Ontario,Canada,2009-06-01,Closed
103428,Mia,Martin,1983-03-19,Male,Hamilton,Ontario,Canada,2001-12-09,Active
103429,Sophia,Smith,2006-11-26,Male,Laval,Quebec,Canada,2026-06-04,Active
103430,Robert,Martin,1983-09-12,Female,Ottawa,Ontario,Canada,2005-07-07,Active
103431,David,Thomas,1944-02-25,Female,Calgary,Alberta,Canada,2014-02-05,Active
103432,Sophia,Clark,1989-06-09,Male,Hamilton,Ontario,Canada,2011-12-16,Active
103433,David,Martin,1979-12-31,Male,Saskatoon,Saskatchewan,Canada,2017-05-31,Active
103434,William,Garcia,1975-03-11,Female,Quebec City,Quebec,Canada,2017-11-08,Active
103435,David,Jackson,1946-04-19,Female,Surrey,British Columbia,Canada,1971-09-24,Active
103436,Jessica,Clark,1973-08-26,Male,Ottawa,Ontario,Canada,2025-11-25,Active
103437,Robert,White,1993-10-12,Male,Toronto,Ontario,Canada,2024-12-25,Active
103438,Jessica,Martin,1979-06-25,Male,Hamilton,Ontario,Canada,2009-05-05,Active
103439,Ava,Thomas,1960-12-12,Male,Quebec City,Quebec,Canada,1990-10-24,Active
103440,Emma,Jackson,1995-07-23,Male,Montreal,Quebec,Canada,2021-03-17,Closed
103441,Ava,Clark,1972-03-29,Female,Brampton,Ontario,Canada,2019-01-27,Active
103442,James,Thomas,1984-10-15,Male,Ottawa,Ontario,Canada,2004-11-24,Active
103443,Daniel,Smith,1944-11-28,Male,St. John's,Newfoundland and Labrador,Canada,1972-08-19,Active
103444,David,Thomas,1953-01-26,Female,Toronto,Ontario,Canada,2006-01-19,Active
103445,Mia,Thomas,1956-08-19,Male,Brampton,Ontario,Canada,1989-07-26,Active
103446,Olivia,Jackson,1952-11-04,Male,Hamilton,Ontario,Canada,2021-01-31,Active
103447,Robert,Brown,1970-10-31,Female,Hamilton,Ontario,Canada,2009-04-30,Active
103448,Emily,Brown,1970-03-15,Male,Montreal,Quebec,Canada,2013-07-23,Active
103449,Jessica,Anderson,1949-01-28,Female,Surrey,British Columbia,Canada,1987-12-04,Active
103450,Sarah,Jackson,1985-07-10,Male,Surrey,British Columbia,Canada,2018-08-23,Closed
103451,Sarah,Smith,1974-06-08,Male,Vancouver,British Columbia,Canada,2001-03-26,Active
103452,James,Thomas,1968-08-21,Female,Brampton,Ontario,Canada,2006-02-24,Active
103453,Daniel,Anderson,1959-04-22,Male,Toronto,Ontario,Canada,1978-06-04,Active
103454,William,Smith,1968-01-19,Female,Red Deer,Alberta,Canada,2004-04-29,Active
103455,Emma,Taylor,1954-04-15,Male,Brampton,Ontario,Canada,2013-12-05,Active
103456,Emma,Anderson,2000-05-31,Female,Toronto,Ontario,Canada,2021-06-19,Active
103457,Sophia,Wilson,1976-06-01,Male,Quebec City,Quebec,Canada,1996-04-17,Active
103458,James,Garcia,1998-09-12,Female,Vancouver,British Columbia,Canada,2024-11-15,Active
103459,Emma,Brown,1997-12-05,Female,Hamilton,Ontario,Canada,2019-01-14,Active
103460,William,Harris,1973-12-19,Male,Winnipeg,Manitoba,Canada,2014-05-03,Active
103461,Daniel,Martin,1969-01-23,Male,Hamilton,Ontario,Canada,2015-06-30,Active
103462,Ava,Clark,1989-04-02,Male,St. John's,Newfoundland and Labrador,Canada,2013-01-24,Active
103463,Mia,Harris,1968-03-08,Female,Mississauga,Ontario,Canada,1998-02-03,Active
103464,James,Harris,1972-06-25,Male,Vancouver,British Columbia,Canada,2009-03-21,Active
103465,William,Garcia,1969-10-26,Female,Toronto,Ontario,Canada,2005-11-24,Active
103466,Sophia,Clark,1981-12-30,Male,Red Deer,Alberta,Canada,2003-01-30,Inactive
103467,Emily,Taylor,1947-05-30,Male,Quebec City,Quebec,Canada,1970-06-12,Active
103468,David,Garcia,1961-04-17,Female,Winnipeg,Manitoba,Canada,1981-06-16,Active
103469,Sarah,Jackson,1986-11-19,Male,Edmonton,Alberta,Canada,2011-10-04,Active
103470,Emma,Brown,1975-05-06,Male,Montreal,Quebec,Canada,1997-11-19,Inactive
103471,David,Martin,1987-08-12,Female,Hamilton,Ontario,Canada,2021-07-22,Active
103472,Sophia,Lee,1984-06-24,Female,Mississauga,Ontario,Canada,2023-06-18,Active
103473,Sophia,Wilson,1964-12-11,Male,Charlottetown,Prince Edward Island,Canada,2017-09-30,Active
103474,Mia,Smith,1971-10-31,Male,Saskatoon,Saskatchewan,Canada,1999-04-22,Active
103475,Robert,Lewis,1948-05-10,Male,Toronto,Ontario,Canada,1986-06-27,Active
103476,David,Harris,1991-11-04,Female,Hamilton,Ontario,Canada,2026-01-17,Active
103477,Emily,Taylor,1971-12-12,Male,Toronto,Ontario,Canada,1994-11-05,Active
103478,Sarah,Garcia,1960-11-03,Female,Brampton,Ontario,Canada,1995-01-07,Active
103479,Daniel,Thomas,1977-08-21,Female,Toronto,Ontario,Canada,2009-06-01,Active
103480,Sophia,Anderson,1944-10-23,Female,Calgary,Alberta,Canada,1988-12-20,Active
103481,Sophia,Anderson,1970-03-02,Male,Hamilton,Ontario,Canada,2024-05-18,Active
103482,David,Harris,2001-08-06,Male,Winnipeg,Manitoba,Canada,2025-05-03,Active
103483,Sophia,Wilson,1968-02-23,Male,Saint John,New Brunswick,Canada,2025-12-18,Active
103484,David,Thomas,1966-09-29,Male,Brampton,Ontario,Canada,1994-02-18,Active
103485,Daniel,Anderson,1972-05-07,Male,Montreal,Quebec,Canada,1992-10-22,Inactive
103486,James,Smith,1959-11-18,Female,Montreal,Quebec,Canada,2022-03-31,Active
103487,William,Garcia,1957-11-13,Male,Brampton,Ontario,Canada,1982-11-22,Active
103488,Ava,Smith,1973-12-28,Male,Victoria,British Columbia,Canada,2014-08-25,Active
103489,Daniel,Lee,1985-09-12,Female,Quebec City,Quebec,Canada,2024-02-26,Active
103490,Olivia,Brown,1959-09-17,Female,Mississauga,Ontario,Canada,1980-10-01,Active
103491,John,Thomas,1957-05-09,Male,Winnipeg,Manitoba,Canada,2007-03-12,Closed
103492,Jessica,Brown,1990-03-12,Female,Toronto,Ontario,Canada,2025-11-12,Active
103493,William,Thomas,1975-07-07,Female,Toronto,Ontario,Canada,2025-05-07,Active
103494,Sophia,Martin,1963-04-30,Male,St. John's,Newfoundland and Labrador,Canada,1994-05-12,Active
103495,Mia,Brown,1997-05-08,Female,Brampton,Ontario,Canada,2018-04-06,Active
103496,Sarah,White,2006-06-23,Male,Brampton,Ontario,Canada,2024-12-25,Active
103497,John,Garcia,1997-06-02,Male,Mississauga,Ontario,Canada,2022-02-18,Active
103498,Sarah,Jackson,1961-05-27,Male,Hamilton,Ontario,Canada,2021-11-09,Active
103499,John,Brown,2005-06-27,Male,Quebec City,Quebec,Canada,2026-05-22,Active
103500,Daniel,Thompson,1966-10-19,Female,Vancouver,British Columbia,Canada,1998-06-03,Active
103501,James,Wilson,1948-12-22,Female,Mississauga,Ontario,Canada,1997-10-13,Inactive
103502,Jessica,Smith,1977-12-01,Male,Montreal,Quebec,Canada,2018-02-19,Active
103503,Robert,Jackson,2004-03-15,Female,Ottawa,Ontario,Canada,2025-03-21,Active
103504,David,Anderson,1944-03-17,Male,Toronto,Ontario,Canada,1964-05-29,Active
103505,James,Smith,1944-07-07,Male,Halifax,Nova Scotia,Canada,2019-05-10,Active
103506,Mia,Garcia,1944-04-05,Female,Edmonton,Alberta,Canada,2021-07-31,Active
103507,Emma,Harris,1996-12-15,Male,Victoria,British Columbia,Canada,2022-05-31,Active
103508,Emma,Lewis,1958-09-23,Female,Mississauga,Ontario,Canada,1997-03-01,Active
103509,James,White,1975-03-23,Male,Laval,Quebec,Canada,2019-09-12,Active
103510,William,Jackson,1949-02-22,Female,Calgary,Alberta,Canada,1977-10-10,Inactive
103511,Ava,Clark,2003-06-23,Male,Winnipeg,Manitoba,Canada,2022-08-17,Active
103512,Emily,Brown,1991-11-19,Male,Victoria,British Columbia,Canada,2026-05-09,Active
103513,John,Thomas,1979-11-23,Female,Quebec City,Quebec,Canada,2007-12-18,Active
103514,Michael,Garcia,1998-12-04,Female,Brampton,Ontario,Canada,2024-02-25,Active
103515,David,Anderson,1956-11-11,Male,Toronto,Ontario,Canada,1995-08-20,Active
103516,Ava,Lewis,1970-01-13,Female,Brampton,Ontario,Canada,2018-09-08,Active
103517,Michael,Anderson,2005-02-16,Male,Mississauga,Ontario,Canada,2025-12-21,Active
103518,Mia,Jackson,1976-07-16,Male,Toronto,Ontario,Canada,2010-08-18,Active
103519,Olivia,Lewis,1963-03-08,Male,Montreal,Quebec,Canada,1998-06-22,Active
103520,Mia,Taylor,1982-08-08,Female,Quebec City,Quebec,Canada,2018-07-19,Active
103521,Emma,Lee,2002-12-10,Female,Laval,Quebec,Canada,2022-02-10,Active
103522,Robert,Smith,1949-12-23,Female,Quebec City,Quebec,Canada,1985-01-17,Inactive
103523,Emma,Taylor,2006-09-02,Female,Toronto,Ontario,Canada,2024-10-07,Inactive
103524,Michael,Harris,1973-08-06,Male,Montreal,Quebec,Canada,2009-10-06,Active
103525,Robert,Harris,1949-08-14,Male,Moncton,New Brunswick,Canada,2005-07-25,Active
103526,David,Lewis,2004-06-10,Male,Montreal,Quebec,Canada,2024-01-18,Inactive
103527,John,Lee,1979-12-02,Female,Winnipeg,Manitoba,Canada,2019-06-15,Active
103528,John,Thompson,1957-02-04,Male,Brampton,Ontario,Canada,1997-01-06,Active
103529,Michael,Martin,1955-07-11,Female,Vancouver,British Columbia,Canada,1984-08-18,Active
103530,John,Anderson,1949-04-18,Female,Quebec City,Quebec,Canada,1967-07-19,Active
103531,William,Clark,1977-05-08,Female,Surrey,British Columbia,Canada,2022-01-10,Active
103532,John,Martin,1961-09-04,Male,Winnipeg,Manitoba,Canada,2017-10-11,Active
103533,James,Smith,1963-12-31,Male,Laval,Quebec,Canada,2002-02-01,Active
103534,Ava,Clark,1978-07-09,Female,Red Deer,Alberta,Canada,2003-02-02,Inactive
103535,John,Thomas,2004-05-21,Female,Winnipeg,Manitoba,Canada,2024-11-30,Active
103536,John,White,1998-09-18,Male,Red Deer,Alberta,Canada,2021-06-05,Active
103537,James,White,1950-08-16,Female,Hamilton,Ontario,Canada,1989-01-21,Active
103538,John,Clark,1966-05-09,Female,Hamilton,Ontario,Canada,2012-03-26,Active
103539,Sarah,Anderson,1957-12-03,Male,Winnipeg,Manitoba,Canada,1987-07-14,Active
103540,Emma,Thomas,1965-09-21,Female,Victoria,British Columbia,Canada,1985-03-14,Active
103541,Sophia,Smith,2000-11-04,Male,Halifax,Nova Scotia,Canada,2020-02-19,Active
103542,Emily,Thomas,1965-08-12,Female,Brampton,Ontario,Canada,1998-05-10,Active
103543,John,Brown,1984-10-08,Male,Calgary,Alberta,Canada,2022-07-19,Active
103544,Sophia,Harris,1996-12-23,Male,Calgary,Alberta,Canada,2018-01-22,Active
103545,James,Lewis,1961-03-15,Male,Red Deer,Alberta,Canada,2024-10-28,Active
103546,Jessica,Jackson,1973-07-26,Female,Victoria,British Columbia,Canada,1996-03-24,Active
103547,Daniel,Lewis,1995-03-27,Female,Brampton,Ontario,Canada,2026-08-24,Active
103548,Mia,Lee,1964-11-16,Male,Victoria,British Columbia,Canada,2018-06-30,Active
103549,Robert,Smith,1986-02-13,Male,Surrey,British Columbia,Canada,2005-08-27,Active
103550,Jessica,White,1955-02-23,Male,Toronto,Ontario,Canada,2002-02-18,Active
103551,Daniel,White,2001-11-22,Male,Ottawa,Ontario,Canada,2024-07-02,Active
103552,Sarah,Thomas,1951-11-30,Female,Winnipeg,Manitoba,Canada,1995-10-22,Active
103553,Ava,Clark,1987-06-08,Male,Toronto,Ontario,Canada,2026-04-09,Active
103554,Olivia,Thomas,2005-05-15,Female,Montreal,Quebec,Canada,2023-10-21,Active
103555,Daniel,Smith,1952-12-25,Female,Surrey,British Columbia,Canada,2001-01-03,Active
103556,Daniel,Harris,1974-08-24,Male,Moncton,New Brunswick,Canada,2010-02-19,Active
103557,Olivia,Taylor,2003-10-15,Female,Surrey,British Columbia,Canada,2024-10-05,Active
103558,William,Thomas,1948-07-19,Female,Ottawa,Ontario,Canada,1982-08-15,Inactive
103559,Michael,White,1963-04-30,Female,Mississauga,Ontario,Canada,2003-05-27,Active
103560,Sarah,Thompson,2001-02-06,Female,Toronto,Ontario,Canada,2020-01-21,Active
103561,John,Anderson,1952-05-31,Male,Brampton,Ontario,Canada,1977-05-05,Active
103562,Michael,Thomas,2004-02-09,Male,Red Deer,Alberta,Canada,2024-07-05,Active
103563,Daniel,Brown,1991-01-06,Female,Hamilton,Ontario,Canada,2021-12-25,Active
103564,Sophia,Thomas,1958-12-10,Male,Hamilton,Ontario,Canada,2010-11-04,Active
103565,Sophia,Harris,1957-01-15,Female,Edmonton,Alberta,Canada,2024-06-02,Active
103566,David,Martin,1963-11-30,Female,Mississauga,Ontario,Canada,1984-06-15,Active
103567,Daniel,Anderson,1977-05-14,Male,Ottawa,Ontario,Canada,2008-12-07,Active
103568,Michael,Smith,2004-07-05,Male,Laval,Quebec,Canada,2022-09-28,Active
103569,Sophia,Harris,1993-12-10,Male,Toronto,Ontario,Canada,2017-03-31,Active
103570,David,Martin,1944-12-28,Female,Hamilton,Ontario,Canada,2010-01-07,Active
103571,Sophia,Brown,1981-02-12,Male,St. John's,Newfoundland and Labrador,Canada,2015-07-03,Active
103572,Emma,White,1964-06-06,Male,Edmonton,Alberta,Canada,1991-07-29,Active
103573,Olivia,Brown,1977-05-24,Female,Calgary,Alberta,Canada,1997-07-27,Active
103574,Robert,Jackson,1971-02-05,Female,Victoria,British Columbia,Canada,1994-11-14,Active
103575,Ava,Martin,1981-02-06,Female,Toronto,Ontario,Canada,2010-09-29,Active
103576,Olivia,Thompson,1992-07-14,Female,Calgary,Alberta,Canada,2026-01-20,Active
103577,Jessica,Thompson,1958-12-23,Male,Quebec City,Quebec,Canada,1996-05-12,Active
103578,Emma,Garcia,1967-03-03,Female,Mississauga,Ontario,Canada,1992-08-21,Inactive
103579,Mia,Taylor,1946-12-05,Female,Mississauga,Ontario,Canada,1981-04-27,Active
103580,John,Clark,1965-04-27,Male,Montreal,Quebec,Canada,2012-12-29,Active
103581,Mia,Thomas,2006-04-18,Male,Ottawa,Ontario,Canada,2024-12-14,Active
103582,Sophia,Thomas,1989-12-14,Male,Mississauga,Ontario,Canada,2023-03-16,Active
103583,David,Garcia,1986-08-08,Female,Toronto,Ontario,Canada,2005-06-12,Active
103584,Robert,Anderson,1997-07-04,Female,Laval,Quebec,Canada,2019-03-05,Active
103585,Sophia,Brown,1979-11-11,Female,Brampton,Ontario,Canada,2005-02-28,Active
103586,David,Thompson,1949-11-16,Female,Laval,Quebec,Canada,1995-02-06,Active
103587,Daniel,Martin,1985-06-19,Male,Brampton,Ontario,Canada,2012-08-29,Active
103588,Olivia,Harris,1952-12-22,Female,Laval,Quebec,Canada,2001-11-01,Active
103589,Jessica,Wilson,1956-04-16,Female,Brampton,Ontario,Canada,1991-07-09,Active
103590,Mia,Martin,1985-07-25,Female,Montreal,Quebec,Canada,2008-03-12,Active
103591,John,Wilson,2002-03-18,Male,Vancouver,British Columbia,Canada,2024-05-14,Active
103592,Robert,Harris,1963-10-21,Female,Victoria,British Columbia,Canada,1995-01-31,Active
103593,Ava,White,1962-11-29,Female,Ottawa,Ontario,Canada,2020-12-31,Active
103594,Emily,Garcia,1986-02-10,Male,Quebec City,Quebec,Canada,2025-10-31,Active
103595,David,Lee,1963-09-19,Female,Edmonton,Alberta,Canada,1992-02-09,Active
103596,Robert,Wilson,1954-12-16,Male,Toronto,Ontario,Canada,1987-08-26,Inactive
103597,William,Brown,1958-07-10,Male,Quebec City,Quebec,Canada,2024-04-17,Active
103598,Emily,Harris,1994-08-27,Female,Laval,Quebec,Canada,2024-01-14,Active
103599,Robert,Lee,1982-08-18,Male,Calgary,Alberta,Canada,2012-04-13,Active
103600,Jessica,Wilson,1964-04-01,Female,Montreal,Quebec,Canada,2006-01-06,Active
103601,Daniel,White,2006-10-13,Female,Halifax,Nova Scotia,Canada,2025-03-28,Active
103602,Jessica,Jackson,1965-02-11,Male,Victoria,British Columbia,Canada,2011-03-28,Active
103603,Michael,Anderson,1987-03-30,Male,Montreal,Quebec,Canada,2025-04-30,Active
103604,Jessica,Martin,1955-04-08,Male,Ottawa,Ontario,Canada,1997-09-07,Active
103605,Mia,Anderson,2003-03-07,Male,Laval,Quebec,Canada,2023-07-25,Active
103606,Michael,White,1957-04-25,Female,Ottawa,Ontario,Canada,2005-07-10,Active
103607,Robert,Clark,1971-02-18,Male,Montreal,Quebec,Canada,2019-12-16,Active
103608,Olivia,Thomas,1981-09-12,Female,Hamilton,Ontario,Canada,2014-04-06,Active
103609,Jessica,Smith,1976-10-23,Male,Vancouver,British Columbia,Canada,2008-11-21,Active
103610,Olivia,Lewis,1980-08-22,Male,Red Deer,Alberta,Canada,2012-02-23,Active
103611,Emily,Anderson,1992-10-11,Female,Saskatoon,Saskatchewan,Canada,2010-12-26,Active
103612,Olivia,Garcia,1995-12-09,Male,Mississauga,Ontario,Canada,2024-02-27,Active
103613,Jessica,Garcia,1965-05-19,Female,Winnipeg,Manitoba,Canada,1998-10-29,Active
103614,John,White,1983-09-16,Female,Red Deer,Alberta,Canada,2023-09-05,Active
103615,Sophia,Brown,1979-11-15,Female,Calgary,Alberta,Canada,2008-07-20,Active
103616,Daniel,Lee,1970-12-15,Male,Vancouver,British Columbia,Canada,1998-08-04,Active
103617,James,Thompson,1975-11-19,Male,Toronto,Ontario,Canada,2022-11-21,Inactive
103618,Daniel,Jackson,1994-08-13,Female,Winnipeg,Manitoba,Canada,2014-07-11,Active
103619,Daniel,Clark,1986-10-21,Male,Quebec City,Quebec,Canada,2021-10-23,Active
103620,John,Garcia,1945-01-16,Female,Surrey,British Columbia,Canada,2014-08-27,Active
103621,Ava,Garcia,1948-01-15,Female,Brampton,Ontario,Canada,1979-06-30,Active
103622,David,Wilson,1988-03-18,Female,Mississauga,Ontario,Canada,2010-07-18,Active
103623,Robert,Martin,1977-07-02,Female,Brampton,Ontario,Canada,2005-11-16,Active
103624,Daniel,Anderson,1978-03-22,Female,Quebec City,Quebec,Canada,2022-08-05,Active
103625,Emma,Brown,1997-05-03,Male,Montreal,Quebec,Canada,2019-03-28,Active
103626,Sophia,Thomas,1957-11-30,Female,Winnipeg,Manitoba,Canada,1981-02-13,Active
103627,Sophia,Brown,1960-01-21,Female,Brampton,Ontario,Canada,1997-10-02,Active
103628,David,Brown,1984-02-29,Male,Hamilton,Ontario,Canada,2004-05-22,Active
103629,Emma,Thompson,1993-03-25,Female,Ottawa,Ontario,Canada,2019-06-14,Active
103630,Emma,White,2006-02-27,Male,Ottawa,Ontario,Canada,2024-08-11,Active
103631,Daniel,Thomas,2002-07-16,Male,Quebec City,Quebec,Canada,2022-03-31,Active
103632,Emily,Wilson,1965-10-30,Female,Victoria,British Columbia,Canada,1984-05-02,Active
103633,James,Garcia,1955-03-15,Female,Charlottetown,Prince Edward Island,Canada,1974-04-20,Closed
103634,Sophia,Martin,1984-03-23,Male,Brampton,Ontario,Canada,2020-06-30,Active
103635,Ava,Harris,1955-10-23,Female,Ottawa,Ontario,Canada,2022-08-08,Active
103636,Sarah,Wilson,1971-09-06,Male,Red Deer,Alberta,Canada,2004-05-15,Active
103637,Emily,Brown,1963-01-03,Male,Brampton,Ontario,Canada,1981-11-03,Active
103638,Sarah,Brown,1968-09-21,Male,Surrey,British Columbia,Canada,2024-06-24,Active
103639,John,Smith,1999-10-16,Female,Montreal,Quebec,Canada,2021-06-03,Active
103640,Jessica,Lee,1963-05-09,Male,Edmonton,Alberta,Canada,1997-11-27,Active
103641,Olivia,Thomas,1997-09-12,Male,Mississauga,Ontario,Canada,2024-05-23,Active
103642,Mia,Martin,1958-06-04,Female,Saint John,New Brunswick,Canada,2011-09-29,Active
103643,Mia,Lee,1962-10-27,Male,Moncton,New Brunswick,Canada,2014-08-27,Active
103644,Sarah,Lee,1958-11-04,Male,Ottawa,Ontario,Canada,2010-11-17,Active
103645,Ava,Anderson,1991-02-19,Male,Quebec City,Quebec,Canada,2009-06-20,Active
103646,Sarah,White,1992-10-11,Female,Laval,Quebec,Canada,2015-12-08,Active
103647,Jessica,Jackson,1946-03-17,Female,Toronto,Ontario,Canada,2006-06-25,Active
103648,Jessica,Smith,1964-05-25,Female,Saint John,New Brunswick,Canada,2021-11-30,Active
103649,Ava,Garcia,2003-01-14,Male,Ottawa,Ontario,Canada,2024-08-07,Active
103650,Sophia,Harris,1977-05-13,Male,Mississauga,Ontario,Canada,2007-10-26,Active
103651,John,Thomas,1955-03-11,Female,Brampton,Ontario,Canada,2020-12-03,Inactive
103652,John,Harris,1957-06-14,Male,Quebec City,Quebec,Canada,2003-09-09,Active
103653,Daniel,Garcia,1973-04-23,Male,Edmonton,Alberta,Canada,1995-12-19,Active
103654,Sarah,Smith,1957-05-21,Male,Surrey,British Columbia,Canada,1995-10-21,Active
103655,Olivia,Martin,1971-06-28,Male,Victoria,British Columbia,Canada,2020-12-11,Active
103656,Sarah,Clark,1980-12-26,Male,Mississauga,Ontario,Canada,2011-01-13,Active
103657,Sarah,Thompson,1973-05-11,Female,Vancouver,British Columbia,Canada,2010-10-24,Active
103658,Mia,Martin,1980-09-17,Male,Montreal,Quebec,Canada,2000-03-28,Active
103659,William,Brown,1947-07-24,Female,Montreal,Quebec,Canada,2005-10-10,Active
103660,Sarah,Garcia,1975-10-31,Male,Quebec City,Quebec,Canada,2004-01-07,Active
103661,Emily,Garcia,1947-06-15,Female,Moncton,New Brunswick,Canada,1971-02-27,Active
103662,Sarah,White,1987-09-02,Female,Vancouver,British Columbia,Canada,2025-07-31,Active
103663,Ava,Harris,1977-01-11,Female,Surrey,British Columbia,Canada,2007-12-22,Active
103664,Ava,Martin,1984-02-18,Male,Montreal,Quebec,Canada,2022-07-13,Active
103665,Sarah,Brown,1965-02-07,Female,Mississauga,Ontario,Canada,2013-08-22,Active
103666,Daniel,Taylor,1956-08-09,Male,Montreal,Quebec,Canada,2020-06-05,Active
103667,Emily,Garcia,1986-09-05,Female,Victoria,British Columbia,Canada,2014-03-12,Active
103668,Michael,Lee,1947-07-01,Female,Victoria,British Columbia,Canada,2009-02-06,Active
103669,Daniel,Anderson,1974-06-14,Female,Victoria,British Columbia,Canada,2024-07-11,Active
103670,David,Jackson,1960-12-27,Female,Toronto,Ontario,Canada,2010-02-18,Active
103671,Michael,Lewis,1966-05-21,Female,Ottawa,Ontario,Canada,2012-05-18,Inactive
103672,John,Wilson,1971-03-03,Female,Toronto,Ontario,Canada,2022-11-12,Closed
103673,Emily,Taylor,1972-11-22,Male,Victoria,British Columbia,Canada,2003-07-25,Active
103674,James,Smith,1957-02-14,Male,Saint John,New Brunswick,Canada,2002-11-05,Active
103675,Jessica,Taylor,1951-12-08,Female,Montreal,Quebec,Canada,2011-05-08,Active
103676,Daniel,Martin,1974-05-23,Female,Surrey,British Columbia,Canada,2023-10-14,Active
103677,William,Thomas,1961-11-06,Male,Victoria,British Columbia,Canada,2017-03-04,Active
103678,Sophia,Lee,1946-04-24,Male,Toronto,Ontario,Canada,1990-03-15,Active
103679,Emily,Lewis,1997-12-28,Female,Mississauga,Ontario,Canada,2024-05-24,Active
103680,Sophia,Lewis,1974-01-22,Male,Brampton,Ontario,Canada,2012-09-27,Active
103681,Olivia,Thompson,1949-08-09,Male,Saskatoon,Saskatchewan,Canada,1994-07-14,Active
103682,James,Thompson,1966-02-22,Male,Ottawa,Ontario,Canada,2004-03-14,Active
103683,David,White,1951-06-27,Male,Laval,Quebec,Canada,2012-11-23,Active
103684,Emily,Lee,2004-06-03,Female,Mississauga,Ontario,Canada,2022-07-02,Active
103685,Ava,Brown,1974-06-19,Male,Surrey,British Columbia,Canada,2024-12-10,Active
103686,Michael,Thompson,1999-03-26,Male,Mississauga,Ontario,Canada,2019-02-09,Active
103687,John,Wilson,1965-07-16,Female,Moncton,New Brunswick,Canada,2013-07-03,Active
103688,Ava,Thomas,2003-12-03,Male,Brampton,Ontario,Canada,2026-04-28,Active
103689,Ava,Taylor,2002-10-26,Male,Regina,Saskatchewan,Canada,2022-01-14,Active
103690,Michael,Martin,1985-07-04,Male,Quebec City,Quebec,Canada,2017-05-10,Active
103691,Daniel,Garcia,1970-05-12,Male,Montreal,Quebec,Canada,2008-12-04,Active
103692,Jessica,Brown,2005-03-26,Female,Vancouver,British Columbia,Canada,2023-05-23,Inactive
103693,Michael,Martin,1980-01-26,Male,Montreal,Quebec,Canada,2016-07-17,Active
103694,Robert,Taylor,1955-12-10,Male,Mississauga,Ontario,Canada,2024-12-08,Active
103695,William,Brown,1948-06-09,Male,Vancouver,British Columbia,Canada,2020-03-11,Active
103696,Jessica,Jackson,1977-07-16,Male,Laval,Quebec,Canada,2024-06-04,Active
103697,Robert,Harris,1959-08-12,Male,Quebec City,Quebec,Canada,2001-07-26,Active
103698,Daniel,Taylor,1990-10-27,Male,Vancouver,British Columbia,Canada,2021-07-11,Active
103699,Robert,Thomas,1978-08-13,Male,Vancouver,British Columbia,Canada,2003-09-29,Active
103700,Sophia,Lee,1974-05-22,Male,Toronto,Ontario,Canada,2002-02-04,Active
103701,Michael,Thomas,1961-10-04,Female,Toronto,Ontario,Canada,2023-06-07,Active
103702,David,Lee,1957-06-19,Male,Ottawa,Ontario,Canada,1990-07-26,Active
103703,David,Clark,1956-09-01,Male,Quebec City,Quebec,Canada,2012-03-29,Active
103704,Mia,Thomas,1985-03-11,Female,Hamilton,Ontario,Canada,2023-07-03,Active
103705,Ava,Harris,1993-05-25,Male,Brampton,Ontario,Canada,2021-01-01,Active
103706,Sarah,Thompson,2005-03-09,Female,Calgary,Alberta,Canada,2023-05-25,Active
103707,Michael,Jackson,1986-08-22,Male,Mississauga,Ontario,Canada,2025-07-30,Active
103708,Sophia,Jackson,1976-12-17,Male,Brampton,Ontario,Canada,2002-06-26,Active
103709,Sarah,Anderson,1987-06-20,Female,Edmonton,Alberta,Canada,2026-06-24,Active
103710,Emma,Wilson,1959-08-19,Male,Vancouver,British Columbia,Canada,1985-10-16,Active
103711,William,Smith,1999-03-29,Male,Calgary,Alberta,Canada,2020-07-02,Active
103712,Ava,Thomas,1946-07-21,Female,Hamilton,Ontario,Canada,2009-01-17,Active
103713,Emma,Garcia,2001-01-18,Female,Vancouver,British Columbia,Canada,2019-06-15,Active
103714,David,Taylor,1950-07-24,Male,Saskatoon,Saskatchewan,Canada,1990-09-29,Active
103715,Olivia,Wilson,2003-08-05,Female,Brampton,Ontario,Canada,2026-03-01,Active
103716,Robert,Anderson,1992-12-18,Male,Mississauga,Ontario,Canada,2025-05-06,Active
103717,William,Harris,1970-06-11,Female,Mississauga,Ontario,Canada,2009-03-01,Active
103718,David,Taylor,1974-07-28,Male,Winnipeg,Manitoba,Canada,2019-12-12,Active
103719,Olivia,Taylor,1962-07-14,Female,Ottawa,Ontario,Canada,2017-02-23,Active
103720,David,Brown,1957-02-22,Male,Laval,Quebec,Canada,2025-11-16,Active
103721,Jessica,Anderson,1963-10-01,Female,Montreal,Quebec,Canada,2001-03-06,Active
103722,Emily,Taylor,1998-03-09,Male,Moncton,New Brunswick,Canada,2019-04-27,Active
103723,Sophia,Clark,1959-12-28,Female,Toronto,Ontario,Canada,2020-09-13,Active
103724,Ava,Lewis,1971-06-22,Female,Montreal,Quebec,Canada,2007-02-19,Active
103725,James,Thomas,1987-03-07,Female,Halifax,Nova Scotia,Canada,2018-01-20,Active
103726,Ava,Brown,1994-02-17,Female,Toronto,Ontario,Canada,2021-09-20,Active
103727,John,Brown,1963-03-02,Male,Montreal,Quebec,Canada,2017-08-13,Active
103728,Sarah,Anderson,1995-02-10,Female,Mississauga,Ontario,Canada,2026-04-28,Active
103729,William,Jackson,1955-01-10,Male,Ottawa,Ontario,Canada,1992-10-24,Active
103730,Jessica,White,1989-03-24,Female,Hamilton,Ontario,Canada,2013-12-04,Active
103731,Olivia,Anderson,1950-11-28,Female,Brampton,Ontario,Canada,2019-09-18,Closed
103732,Emma,Thomas,2005-04-09,Male,Brampton,Ontario,Canada,2024-05-18,Active
103733,Daniel,Anderson,1950-04-15,Male,Red Deer,Alberta,Canada,2006-03-23,Active
103734,Mia,White,2000-07-03,Female,Quebec City,Quebec,Canada,2023-08-14,Active
103735,Robert,Thompson,1991-12-02,Female,Laval,Quebec,Canada,2017-04-06,Active
103736,David,Smith,1951-11-26,Female,Vancouver,British Columbia,Canada,2007-09-01,Active
103737,William,White,1992-10-23,Female,Halifax,Nova Scotia,Canada,2022-03-27,Active
103738,Sarah,Martin,1965-08-28,Male,Toronto,Ontario,Canada,1991-10-13,Active
103739,Olivia,Thompson,2005-11-23,Female,Mississauga,Ontario,Canada,2024-05-30,Active
103740,Emma,Harris,2004-02-13,Female,Mississauga,Ontario,Canada,2024-03-08,Active
103741,David,White,2002-06-22,Female,Calgary,Alberta,Canada,2025-10-21,Closed
103742,Robert,Thompson,1985-04-20,Female,Red Deer,Alberta,Canada,2012-02-12,Active
103743,Ava,Thomas,2000-07-01,Female,Montreal,Quebec,Canada,2022-04-28,Active
103744,Daniel,Harris,1971-12-15,Female,Brampton,Ontario,Canada,2005-05-31,Active
103745,David,Anderson,1947-09-16,Female,Laval,Quebec,Canada,2013-11-13,Active
103746,Ava,Jackson,1998-04-25,Female,Surrey,British Columbia,Canada,2017-10-08,Active
103747,Daniel,Brown,1947-01-03,Female,Brampton,Ontario,Canada,2002-04-01,Active
103748,Ava,Thomas,1984-04-01,Male,Mississauga,Ontario,Canada,2018-01-27,Active
103749,Mia,Wilson,1978-01-24,Male,Mississauga,Ontario,Canada,2002-05-05,Active
103750,Mia,Taylor,1967-05-07,Female,Vancouver,British Columbia,Canada,1993-02-04,Inactive
103751,Emily,Jackson,1990-07-30,Female,Saint John,New Brunswick,Canada,2021-05-10,Active
103752,Sophia,White,1961-02-01,Female,Ottawa,Ontario,Canada,1980-04-17,Active
103753,Ava,Lee,2002-08-24,Female,Saskatoon,Saskatchewan,Canada,2021-12-09,Active
103754,Robert,Smith,1997-08-14,Male,Montreal,Quebec,Canada,2021-02-04,Inactive
103755,James,Lewis,2001-11-19,Male,Victoria,British Columbia,Canada,2019-11-27,Active
103756,Robert,Anderson,1997-05-06,Female,Calgary,Alberta,Canada,2015-10-12,Active
103757,Jessica,Thompson,1996-02-02,Female,Montreal,Quebec,Canada,2022-01-06,Active
103758,Emily,Thompson,2001-11-08,Male,Mississauga,Ontario,Canada,2024-05-22,Active
103759,John,Lee,2001-11-13,Male,Brampton,Ontario,Canada,2026-05-11,Active
103760,Emily,Brown,1993-06-05,Male,Red Deer,Alberta,Canada,2020-06-25,Active
103761,Michael,Lee,1994-04-03,Male,Laval,Quebec,Canada,2013-11-24,Active
103762,Sarah,Smith,1955-08-22,Female,Toronto,Ontario,Canada,2003-09-10,Active
103763,Emily,Lewis,1954-12-28,Male,Montreal,Quebec,Canada,1974-04-29,Active
103764,Jessica,Martin,1968-06-22,Male,Ottawa,Ontario,Canada,1990-04-19,Active
103765,Daniel,White,1967-01-18,Female,Brampton,Ontario,Canada,1994-01-25,Active
103766,Daniel,Thomas,1964-09-01,Female,Calgary,Alberta,Canada,1988-02-12,Active
103767,Olivia,Brown,1962-10-07,Female,Quebec City,Quebec,Canada,2025-06-21,Active
103768,Sophia,Clark,1960-03-30,Male,Ottawa,Ontario,Canada,2010-06-18,Active
103769,Emma,Thompson,1979-10-13,Male,Laval,Quebec,Canada,2014-09-09,Active
103770,William,Lee,1994-01-25,Male,Saskatoon,Saskatchewan,Canada,2012-07-14,Active
103771,Daniel,Thompson,1995-01-24,Female,Ottawa,Ontario,Canada,2014-12-18,Active
103772,Robert,Lee,1951-11-08,Male,Mississauga,Ontario,Canada,1976-06-09,Active
103773,Sarah,Lewis,1978-02-04,Female,Ottawa,Ontario,Canada,2015-02-17,Active
103774,John,Jackson,1974-03-11,Female,Hamilton,Ontario,Canada,2018-07-10,Active
103775,Daniel,Thompson,1994-05-19,Female,Hamilton,Ontario,Canada,2021-02-07,Active
103776,Michael,Taylor,1998-07-15,Male,Ottawa,Ontario,Canada,2018-03-24,Active
103777,Sarah,Garcia,1964-11-16,Male,Hamilton,Ontario,Canada,1994-05-02,Active
103778,Emma,Martin,1993-09-15,Female,Vancouver,British Columbia,Canada,2019-02-14,Active
103779,Ava,Jackson,1981-07-11,Male,Ottawa,Ontario,Canada,2011-07-02,Active
103780,Daniel,Martin,1960-11-04,Female,Hamilton,Ontario,Canada,1983-07-21,Active
103781,James,Anderson,1979-04-30,Male,Victoria,British Columbia,Canada,2009-12-10,Active
103782,David,Martin,1946-03-28,Female,Brampton,Ontario,Canada,1978-11-30,Active
103783,John,White,1947-05-31,Female,Mississauga,Ontario,Canada,1977-05-14,Active
103784,Sophia,Anderson,1970-01-27,Male,Charlottetown,Prince Edward Island,Canada,2022-01-04,Active
103785,Ava,Lee,2004-05-17,Female,Laval,Quebec,Canada,2022-11-27,Active
103786,Emily,Smith,1981-05-23,Female,Vancouver,British Columbia,Canada,2019-12-08,Active
103787,Michael,Garcia,1986-04-23,Female,Laval,Quebec,Canada,2005-06-22,Active
103788,James,Taylor,1997-11-06,Male,Moncton,New Brunswick,Canada,2017-11-20,Active
103789,Ava,Taylor,1972-03-25,Male,Hamilton,Ontario,Canada,2022-06-23,Active
103790,Robert,Wilson,1977-04-13,Female,Ottawa,Ontario,Canada,2002-01-05,Active
103791,John,Brown,1961-08-02,Male,Edmonton,Alberta,Canada,1982-05-17,Active
103792,Michael,Brown,1960-09-29,Female,Toronto,Ontario,Canada,2001-06-13,Active
103793,David,Clark,2001-10-25,Male,Laval,Quebec,Canada,2021-06-28,Active
103794,Jessica,Lewis,1987-07-08,Female,Mississauga,Ontario,Canada,2018-11-21,Active
103795,Mia,Harris,1952-04-23,Male,Ottawa,Ontario,Canada,2001-08-10,Active
103796,Robert,Smith,1969-04-21,Female,Vancouver,British Columbia,Canada,2010-03-23,Active
103797,Olivia,Clark,1992-08-30,Male,Quebec City,Quebec,Canada,2011-04-22,Active
103798,James,Martin,1995-12-28,Male,Laval,Quebec,Canada,2017-08-06,Active
103799,James,White,1985-07-09,Male,Hamilton,Ontario,Canada,2004-06-04,Active
103800,James,Lee,1945-06-29,Female,Brampton,Ontario,Canada,2023-04-21,Active
103801,Mia,Jackson,1967-08-10,Male,Vancouver,British Columbia,Canada,1989-06-17,Active
103802,Emily,Thomas,1970-05-25,Female,Ottawa,Ontario,Canada,2020-05-10,Active
103803,Emma,Garcia,1955-06-24,Male,Montreal,Quebec,Canada,2019-12-06,Active
103804,James,White,1970-08-06,Female,Laval,Quebec,Canada,2013-05-27,Active
103805,James,Thompson,1967-03-03,Female,Ottawa,Ontario,Canada,2018-09-23,Active
103806,Emma,Thompson,1981-01-05,Male,Hamilton,Ontario,Canada,2024-02-14,Active
103807,John,Clark,1963-09-17,Male,Calgary,Alberta,Canada,2022-02-08,Active
103808,Michael,Anderson,1966-08-05,Male,Toronto,Ontario,Canada,1996-12-18,Active
103809,Sarah,Brown,1998-09-27,Female,Hamilton,Ontario,Canada,2024-05-02,Active
103810,Jessica,White,1969-05-03,Female,Moncton,New Brunswick,Canada,1999-02-15,Active
103811,David,Martin,1956-01-11,Male,Brampton,Ontario,Canada,1980-10-31,Active
103812,Daniel,Clark,1990-04-19,Female,Calgary,Alberta,Canada,2013-12-22,Active
103813,Olivia,Anderson,1960-07-18,Female,Mississauga,Ontario,Canada,2023-12-14,Active
103814,Daniel,Garcia,1954-10-16,Female,Hamilton,Ontario,Canada,1981-06-07,Active
103815,William,Clark,1992-02-16,Female,Laval,Quebec,Canada,2019-10-05,Active
103816,John,Clark,1959-01-07,Female,Toronto,Ontario,Canada,1983-12-19,Active
103817,Daniel,Clark,1944-06-09,Female,Victoria,British Columbia,Canada,1992-10-13,Active
103818,Emma,Lee,1950-06-14,Female,Mississauga,Ontario,Canada,2021-05-20,Active
103819,Jessica,Martin,1990-10-23,Male,Laval,Quebec,Canada,2025-10-15,Active
103820,Mia,Thomas,1960-03-26,Female,Edmonton,Alberta,Canada,2019-10-11,Inactive
103821,John,Jackson,1968-11-05,Female,Montreal,Quebec,Canada,2020-02-09,Active
103822,James,Garcia,1975-11-03,Female,Quebec City,Quebec,Canada,2011-11-10,Active
103823,Emily,Taylor,1961-06-17,Male,Brampton,Ontario,Canada,1981-02-15,Active
103824,Michael,Martin,1955-12-01,Female,Toronto,Ontario,Canada,2008-10-06,Active
103825,Emily,Harris,1948-06-02,Male,Regina,Saskatchewan,Canada,1993-06-08,Active
103826,Mia,Martin,1948-08-20,Female,Laval,Quebec,Canada,1980-12-13,Active
103827,William,Jackson,2001-08-20,Male,Victoria,British Columbia,Canada,2024-08-01,Active
103828,Emily,Garcia,2006-10-09,Female,Montreal,Quebec,Canada,2024-10-24,Closed
103829,Olivia,Brown,1984-04-27,Male,Ottawa,Ontario,Canada,2006-01-17,Active
103830,Michael,Garcia,1972-09-04,Male,Mississauga,Ontario,Canada,2006-07-27,Active
103831,Mia,Clark,1995-01-29,Male,Mississauga,Ontario,Canada,2015-07-25,Active
103832,David,Lewis,1996-05-21,Male,Laval,Quebec,Canada,2022-08-10,Active
103833,Emma,Lewis,1971-11-12,Male,Brampton,Ontario,Canada,2019-04-12,Active
103834,Jessica,Thomas,1990-07-17,Female,Brampton,Ontario,Canada,2020-11-11,Inactive
103835,Michael,Smith,1950-02-07,Female,Quebec City,Quebec,Canada,1975-08-02,Active
103836,Olivia,Martin,1954-06-03,Female,Quebec City,Quebec,Canada,2005-03-14,Active
103837,Michael,Brown,1997-04-22,Female,Quebec City,Quebec,Canada,2025-12-18,Active
103838,Emily,Anderson,1976-04-10,Male,Calgary,Alberta,Canada,2024-04-01,Active
103839,Ava,Thompson,1995-05-12,Female,Montreal,Quebec,Canada,2015-07-13,Active
103840,Ava,Harris,1979-10-10,Female,Mississauga,Ontario,Canada,2003-10-28,Active
103841,Mia,Martin,1951-05-10,Male,Calgary,Alberta,Canada,1979-06-05,Active
103842,Sarah,Garcia,1953-12-10,Female,Quebec City,Quebec,Canada,1986-05-14,Active
103843,Emily,Wilson,1977-07-25,Female,Quebec City,Quebec,Canada,2023-10-11,Active
103844,Robert,Garcia,1951-01-18,Female,Winnipeg,Manitoba,Canada,1973-08-20,Closed
103845,Mia,Harris,1997-04-07,Female,Mississauga,Ontario,Canada,2021-08-20,Active
103846,Sarah,Jackson,1960-08-01,Male,Quebec City,Quebec,Canada,2023-08-11,Active
103847,Sophia,Jackson,1987-10-22,Female,Brampton,Ontario,Canada,2023-01-07,Active
103848,William,White,1960-06-16,Male,Brampton,Ontario,Canada,2000-05-17,Active
103849,Sophia,Harris,1992-10-12,Female,Laval,Quebec,Canada,2019-04-13,Active
103850,David,Thomas,1961-06-27,Male,Hamilton,Ontario,Canada,1998-06-09,Inactive
103851,Sophia,Taylor,1976-07-20,Male,Toronto,Ontario,Canada,2015-12-24,Active
103852,James,Wilson,1959-11-27,Male,Montreal,Quebec,Canada,2025-12-19,Active
103853,John,Thomas,1999-02-21,Male,Brampton,Ontario,Canada,2022-09-10,Active
103854,William,Taylor,1978-06-13,Male,Laval,Quebec,Canada,2009-05-17,Active
103855,Sarah,White,1976-11-26,Male,Toronto,Ontario,Canada,2023-07-25,Active
103856,Olivia,Lewis,1962-07-19,Female,Laval,Quebec,Canada,1995-12-28,Active
103857,William,Brown,1955-07-13,Female,Montreal,Quebec,Canada,1976-11-29,Active
103858,James,Anderson,1992-08-12,Male,Laval,Quebec,Canada,2013-12-17,Active
103859,Robert,Smith,1947-05-10,Female,Vancouver,British Columbia,Canada,2005-06-08,Active
103860,Daniel,Lee,1947-04-20,Female,Charlottetown,Prince Edward Island,Canada,1992-04-17,Closed
103861,Emily,Thompson,1985-04-18,Male,Hamilton,Ontario,Canada,2024-03-02,Active
103862,Jessica,Taylor,1983-02-26,Female,Hamilton,Ontario,Canada,2018-08-24,Active
103863,David,Jackson,1964-08-25,Male,Red Deer,Alberta,Canada,2007-12-04,Active
103864,Jessica,Thompson,1992-08-30,Male,Victoria,British Columbia,Canada,2025-04-16,Active
103865,Jessica,Lee,1947-09-27,Male,St. John's,Newfoundland and Labrador,Canada,2011-02-01,Active
103866,Sophia,Harris,1971-07-17,Male,Surrey,British Columbia,Canada,1996-08-22,Active
103867,Sarah,Anderson,2001-02-19,Female,Surrey,British Columbia,Canada,2024-06-22,Active
103868,Emma,Thompson,1964-02-12,Female,Ottawa,Ontario,Canada,2012-12-16,Active
103869,David,Thompson,1993-06-07,Male,Toronto,Ontario,Canada,2025-09-13,Active
103870,Olivia,Martin,1963-02-04,Female,Laval,Quebec,Canada,1981-05-25,Active
103871,James,Smith,1958-08-04,Male,Laval,Quebec,Canada,1984-09-16,Active
103872,John,Thompson,1964-08-25,Male,Edmonton,Alberta,Canada,2017-11-25,Active
103873,Emma,Smith,1962-04-16,Female,Charlottetown,Prince Edward Island,Canada,2024-12-02,Active
103874,Sarah,Lewis,1951-05-24,Female,Brampton,Ontario,Canada,1985-06-09,Active
103875,Jessica,Lewis,2001-04-27,Female,Laval,Quebec,Canada,2026-05-15,Closed
103876,Jessica,Harris,1980-08-10,Male,Red Deer,Alberta,Canada,1999-09-15,Closed
103877,Olivia,Martin,2004-08-04,Male,Calgary,Alberta,Canada,2025-06-15,Active
103878,David,Brown,1983-04-12,Male,Red Deer,Alberta,Canada,2011-04-15,Active
103879,Michael,Lewis,2000-03-26,Female,Surrey,British Columbia,Canada,2023-08-20,Active
103880,James,Anderson,1968-07-19,Male,Charlottetown,Prince Edward Island,Canada,2022-05-09,Active
103881,Emma,Taylor,1955-11-03,Female,Ottawa,Ontario,Canada,2003-12-21,Active
103882,David,Thompson,2004-03-21,Male,Toronto,Ontario,Canada,2023-04-03,Active
103883,Emily,Lee,1995-12-25,Male,Toronto,Ontario,Canada,2026-01-28,Active
103884,Daniel,White,2001-06-03,Male,Quebec City,Quebec,Canada,2021-07-02,Active
103885,Michael,White,2002-02-28,Female,Calgary,Alberta,Canada,2023-06-04,Inactive
103886,Daniel,Harris,1962-10-07,Female,Quebec City,Quebec,Canada,1988-06-19,Active
103887,John,Anderson,1978-05-17,Female,Surrey,British Columbia,Canada,2022-11-18,Active
103888,Michael,Harris,1990-02-20,Female,Brampton,Ontario,Canada,2026-04-29,Active
103889,Michael,Lee,1999-06-03,Female,Surrey,British Columbia,Canada,2020-12-15,Active
103890,Emma,Thomas,1951-04-30,Male,Brampton,Ontario,Canada,1994-02-20,Active
103891,Emily,Garcia,2002-09-27,Female,Quebec City,Quebec,Canada,2023-06-29,Active
103892,Mia,Garcia,1991-09-29,Female,Ottawa,Ontario,Canada,2025-10-13,Active
103893,Daniel,Clark,1973-11-02,Female,Montreal,Quebec,Canada,2013-02-13,Active
103894,David,Thompson,1990-05-09,Male,Laval,Quebec,Canada,2010-01-13,Active
103895,Jessica,Lewis,1961-10-27,Male,Victoria,British Columbia,Canada,2015-02-23,Active
103896,Mia,Thompson,1966-06-20,Female,Montreal,Quebec,Canada,2003-05-26,Active
103897,Sarah,Lee,1956-07-27,Male,Saint John,New Brunswick,Canada,1978-01-31,Active
103898,James,Thompson,1968-05-18,Male,Winnipeg,Manitoba,Canada,2005-06-26,Closed
103899,Robert,Clark,1963-06-20,Male,Toronto,Ontario,Canada,1984-05-12,Active
103900,Mia,Lewis,1980-12-02,Female,Toronto,Ontario,Canada,2006-01-07,Active
103901,Sarah,Lee,1971-05-04,Male,Ottawa,Ontario,Canada,2016-11-18,Active
103902,Ava,Harris,1961-08-27,Female,Brampton,Ontario,Canada,2003-01-13,Active
103903,Sarah,Thompson,1968-05-08,Female,Mississauga,Ontario,Canada,2003-12-09,Active
103904,James,Lee,1980-01-31,Female,Winnipeg,Manitoba,Canada,2008-02-07,Active
103905,Mia,Thomas,1993-12-05,Male,Saskatoon,Saskatchewan,Canada,2024-11-21,Active
103906,Sophia,Brown,1999-12-03,Female,Brampton,Ontario,Canada,2020-01-29,Closed
103907,Olivia,Lewis,1960-09-13,Male,Red Deer,Alberta,Canada,2023-12-08,Closed
103908,Ava,Martin,1972-01-10,Male,Edmonton,Alberta,Canada,2003-05-31,Active
103909,Michael,Jackson,1988-12-05,Male,Toronto,Ontario,Canada,2014-08-25,Active
103910,Mia,Thompson,1956-11-12,Male,Winnipeg,Manitoba,Canada,2007-10-08,Active
103911,David,Smith,1990-05-08,Female,St. John's,Newfoundland and Labrador,Canada,2022-05-15,Active
103912,Ava,White,1979-02-27,Male,Saint John,New Brunswick,Canada,2010-12-21,Active
103913,Michael,Taylor,1952-09-03,Female,Surrey,British Columbia,Canada,2006-05-02,Active
103914,Emily,Anderson,1985-02-16,Male,Brampton,Ontario,Canada,2012-10-04,Active
103915,Sophia,Lee,1954-02-04,Female,Toronto,Ontario,Canada,2014-06-12,Inactive
103916,John,Harris,1977-02-19,Female,Charlottetown,Prince Edward Island,Canada,2022-01-18,Active
103917,John,Wilson,1963-07-16,Male,Mississauga,Ontario,Canada,2020-08-04,Active
103918,Emma,Thomas,1945-06-27,Female,Laval,Quebec,Canada,2004-03-25,Inactive
103919,James,Taylor,1986-07-15,Male,Toronto,Ontario,Canada,2010-09-14,Active
103920,Jessica,Lewis,1986-03-01,Female,Montreal,Quebec,Canada,2018-07-01,Active
103921,Ava,Anderson,1961-03-06,Female,Hamilton,Ontario,Canada,2008-10-24,Inactive
103922,Jessica,Thomas,1946-04-28,Female,Calgary,Alberta,Canada,1978-03-08,Closed
103923,Sarah,Thomas,1999-07-13,Male,Laval,Quebec,Canada,2025-05-03,Active
103924,Daniel,Wilson,1970-04-19,Female,Montreal,Quebec,Canada,2017-01-28,Active
103925,Jessica,Garcia,1997-11-06,Female,Mississauga,Ontario,Canada,2020-08-18,Active
103926,Emily,Harris,1970-02-08,Female,Laval,Quebec,Canada,1989-07-11,Active
103927,Sarah,Jackson,1990-09-25,Male,Red Deer,Alberta,Canada,2021-08-31,Active
103928,Michael,Thomas,1997-04-28,Male,Winnipeg,Manitoba,Canada,2017-09-29,Active
103929,Jessica,Thompson,1987-01-06,Female,Edmonton,Alberta,Canada,2021-04-02,Active
103930,Sophia,Brown,1998-05-07,Female,Montreal,Quebec,Canada,2020-08-09,Active
103931,Olivia,Lewis,1948-01-24,Female,Calgary,Alberta,Canada,2009-05-22,Active
103932,John,Harris,1992-10-29,Female,Laval,Quebec,Canada,2024-11-28,Active
103933,Olivia,Taylor,1989-03-30,Female,Surrey,British Columbia,Canada,2008-12-29,Active
103934,Olivia,Harris,1995-08-23,Male,Victoria,British Columbia,Canada,2014-01-03,Active
103935,Michael,Clark,1983-12-25,Female,Hamilton,Ontario,Canada,2018-08-21,Active
103936,Emma,Wilson,1957-10-13,Male,Laval,Quebec,Canada,1998-06-02,Active
103937,Sarah,White,1982-03-18,Female,Surrey,British Columbia,Canada,2018-09-07,Active
103938,Sarah,Harris,1989-02-15,Male,Ottawa,Ontario,Canada,2009-06-19,Active
103939,Olivia,Clark,2006-08-24,Female,Surrey,British Columbia,Canada,2026-05-27,Active
103940,Sarah,Harris,1991-03-16,Female,Toronto,Ontario,Canada,2013-03-22,Active
103941,Emily,Garcia,1996-12-29,Female,Montreal,Quebec,Canada,2016-07-18,Active
103942,Robert,Garcia,1993-01-07,Male,Calgary,Alberta,Canada,2017-05-12,Active
103943,Mia,Lewis,1950-06-12,Female,Brampton,Ontario,Canada,2016-02-04,Active
103944,Ava,Thomas,1994-01-26,Male,Toronto,Ontario,Canada,2013-07-04,Inactive
103945,John,Thompson,1988-06-12,Male,Laval,Quebec,Canada,2016-07-25,Active
103946,Olivia,Taylor,1954-04-14,Female,Hamilton,Ontario,Canada,2017-05-24,Active
103947,James,Clark,1955-10-29,Female,Ottawa,Ontario,Canada,2001-02-20,Active
103948,William,Lee,1960-03-09,Male,Surrey,British Columbia,Canada,1982-03-16,Active
103949,Ava,Anderson,1980-12-14,Female,Toronto,Ontario,Canada,2004-07-14,Active
103950,Michael,Harris,1993-05-16,Male,Surrey,British Columbia,Canada,2020-04-28,Active
103951,William,Clark,1999-06-19,Female,Toronto,Ontario,Canada,2023-06-11,Inactive
103952,David,Smith,1953-04-13,Female,Toronto,Ontario,Canada,1980-04-27,Active
103953,Olivia,Thompson,2005-10-25,Female,Toronto,Ontario,Canada,2024-12-04,Inactive
103954,Daniel,Clark,1951-10-23,Female,Moncton,New Brunswick,Canada,1975-11-13,Active
103955,Emily,Lewis,1980-12-28,Female,Laval,Quebec,Canada,2014-11-17,Active
103956,Ava,Wilson,2005-07-21,Female,Mississauga,Ontario,Canada,2024-12-28,Active
103957,Sarah,Garcia,1970-03-19,Male,Laval,Quebec,Canada,2013-05-08,Inactive
103958,Sophia,Garcia,2004-12-20,Male,Quebec City,Quebec,Canada,2024-03-30,Active
103959,John,Smith,1983-11-06,Female,Victoria,British Columbia,Canada,2026-05-05,Active
103960,David,Thompson,1965-03-19,Male,Brampton,Ontario,Canada,1985-03-05,Active
103961,Ava,Martin,1999-03-06,Female,Brampton,Ontario,Canada,2019-06-23,Active
103962,Emma,Lee,1944-07-16,Male,Montreal,Quebec,Canada,1966-09-13,Active
103963,Jessica,Smith,1992-02-23,Female,Vancouver,British Columbia,Canada,2024-04-14,Active
103964,William,Lee,1969-02-02,Male,Calgary,Alberta,Canada,1998-12-05,Active
103965,Michael,Harris,1989-01-28,Female,Montreal,Quebec,Canada,2007-09-01,Active
103966,Emma,Anderson,1945-08-18,Female,Victoria,British Columbia,Canada,2012-12-22,Active
103967,Sophia,Thomas,2001-01-08,Male,Quebec City,Quebec,Canada,2025-11-05,Active
103968,David,Garcia,1953-01-13,Female,Quebec City,Quebec,Canada,2018-05-26,Active
103969,Emily,Lee,1982-03-06,Male,Surrey,British Columbia,Canada,2005-09-19,Active
103970,Jessica,Anderson,1958-02-13,Female,Ottawa,Ontario,Canada,1979-06-22,Active
103971,Sarah,Lee,2002-03-16,Female,Regina,Saskatchewan,Canada,2022-02-02,Inactive
103972,Mia,Martin,1996-11-14,Male,Hamilton,Ontario,Canada,2016-11-22,Active
103973,John,Wilson,1996-09-15,Male,Victoria,British Columbia,Canada,2023-11-18,Active
103974,David,Harris,1967-08-24,Male,Quebec City,Quebec,Canada,1999-07-22,Active
103975,John,Clark,1955-06-15,Male,Red Deer,Alberta,Canada,1997-04-12,Active
103976,Olivia,Smith,1944-07-08,Female,Ottawa,Ontario,Canada,2004-03-21,Active
103977,Jessica,Brown,1956-10-11,Male,Winnipeg,Manitoba,Canada,1997-10-13,Inactive
103978,Ava,Smith,1984-02-15,Female,Hamilton,Ontario,Canada,2009-02-14,Active
103979,Emily,Harris,1965-06-19,Female,Mississauga,Ontario,Canada,1992-10-29,Active
103980,Michael,Smith,1948-06-13,Female,Red Deer,Alberta,Canada,1979-10-22,Active
103981,Daniel,Lewis,2006-12-15,Female,Toronto,Ontario,Canada,2025-03-05,Active
103982,John,Brown,2000-04-30,Male,Vancouver,British Columbia,Canada,2023-03-26,Active
103983,Olivia,Brown,1971-08-01,Female,Montreal,Quebec,Canada,1998-01-14,Active
103984,Olivia,Taylor,1959-06-16,Female,Regina,Saskatchewan,Canada,2010-12-28,Active
103985,Emma,Garcia,1972-01-20,Female,Red Deer,Alberta,Canada,2003-04-04,Active
103986,William,Lewis,1958-12-23,Male,Mississauga,Ontario,Canada,2001-03-14,Active
103987,Robert,Taylor,1948-07-31,Male,Edmonton,Alberta,Canada,2017-03-03,Inactive
103988,John,White,1969-01-05,Female,Mississauga,Ontario,Canada,2013-07-09,Active
103989,Daniel,Garcia,1954-04-21,Female,Vancouver,British Columbia,Canada,1988-02-15,Active
103990,Sarah,Garcia,1950-10-08,Male,Edmonton,Alberta,Canada,1969-01-02,Inactive
103991,Sophia,Wilson,2005-12-14,Female,Victoria,British Columbia,Canada,2025-12-04,Active
103992,Sophia,Clark,1945-06-16,Male,Victoria,British Columbia,Canada,1984-03-06,Active
103993,Michael,Lewis,1996-03-20,Female,Calgary,Alberta,Canada,2015-02-27,Active
103994,Robert,Garcia,2001-08-09,Male,Quebec City,Quebec,Canada,2023-11-28,Active
103995,Sarah,White,1971-03-24,Male,Regina,Saskatchewan,Canada,2019-06-07,Active
103996,William,Thomas,1998-05-29,Male,Mississauga,Ontario,Canada,2023-02-01,Active
103997,James,Lewis,1975-12-12,Male,Ottawa,Ontario,Canada,2020-12-19,Active
103998,Emma,Clark,2001-09-23,Male,Red Deer,Alberta,Canada,2021-01-27,Active
103999,Olivia,White,1996-03-19,Male,Brampton,Ontario,Canada,2024-11-06,Active
104000,Sarah,Garcia,1986-08-18,Male,Quebec City,Quebec,Canada,2011-12-12,Active
104001,Robert,Thomas,1980-03-01,Female,Calgary,Alberta,Canada,2013-02-07,Active
104002,Emma,Garcia,1944-10-26,Female,Laval,Quebec,Canada,1977-04-09,Active
104003,James,Brown,1961-10-03,Female,Mississauga,Ontario,Canada,2008-08-13,Active
104004,Daniel,Lewis,2005-04-24,Male,Brampton,Ontario,Canada,2026-04-29,Active
104005,Emma,White,2002-01-18,Male,Ottawa,Ontario,Canada,2026-07-01,Active
104006,Ava,Harris,1988-08-26,Female,Hamilton,Ontario,Canada,2012-07-29,Active
104007,David,Wilson,1975-02-25,Female,Hamilton,Ontario,Canada,2006-09-08,Active
104008,Jessica,White,1970-02-27,Female,Calgary,Alberta,Canada,2022-02-14,Active
104009,Michael,Smith,1970-05-24,Female,Hamilton,Ontario,Canada,2000-04-19,Active
104010,John,Lewis,1990-02-23,Female,Edmonton,Alberta,Canada,2024-07-05,Active
104011,William,Garcia,1960-10-10,Female,Moncton,New Brunswick,Canada,2004-08-09,Inactive
104012,Mia,Jackson,1979-09-22,Male,Brampton,Ontario,Canada,2012-12-09,Active
104013,Olivia,Clark,1983-06-24,Female,Moncton,New Brunswick,Canada,2025-01-20,Inactive
104014,Sarah,Clark,1986-04-26,Female,Brampton,Ontario,Canada,2023-10-12,Active
104015,Robert,Brown,1954-06-15,Female,Surrey,British Columbia,Canada,2022-03-25,Active
104016,Michael,Smith,1995-12-02,Male,Charlottetown,Prince Edward Island,Canada,2014-11-23,Active
104017,Robert,Taylor,1971-04-24,Male,Edmonton,Alberta,Canada,1993-07-21,Active
104018,Michael,Smith,2002-12-24,Male,Ottawa,Ontario,Canada,2021-09-12,Active
104019,Michael,Harris,1971-12-10,Male,Hamilton,Ontario,Canada,2009-08-06,Active
104020,Olivia,White,1994-03-10,Female,Toronto,Ontario,Canada,2018-01-28,Active
104021,John,Harris,1951-01-08,Female,Halifax,Nova Scotia,Canada,1981-09-09,Active
104022,James,Brown,2000-06-10,Male,Hamilton,Ontario,Canada,2024-02-17,Active
104023,Emily,Lewis,1945-09-13,Female,Montreal,Quebec,Canada,1977-11-17,Active
104024,Robert,Lee,1979-10-02,Male,Toronto,Ontario,Canada,2025-10-24,Inactive
104025,Daniel,Harris,1991-02-17,Female,Toronto,Ontario,Canada,2015-05-26,Active
104026,Michael,Smith,1965-04-27,Male,Montreal,Quebec,Canada,2003-07-22,Active
104027,David,Thomas,2004-04-10,Female,Brampton,Ontario,Canada,2022-07-13,Active
104028,Daniel,Thompson,1986-03-11,Female,Laval,Quebec,Canada,2004-05-10,Active
104029,Olivia,Garcia,2000-11-04,Female,Laval,Quebec,Canada,2020-02-05,Active
104030,Daniel,Taylor,1979-01-16,Female,Quebec City,Quebec,Canada,2002-06-02,Active
104031,Emily,Clark,1988-07-13,Male,Laval,Quebec,Canada,2008-06-06,Active
104032,Sarah,Lee,1947-07-17,Female,Mississauga,Ontario,Canada,1992-04-24,Active
104033,Robert,White,1948-02-22,Male,Calgary,Alberta,Canada,2008-08-24,Active
104034,Robert,Thomas,1980-04-12,Male,Montreal,Quebec,Canada,2017-11-12,Active
104035,Daniel,White,1967-06-02,Female,Quebec City,Quebec,Canada,2018-06-07,Active
104036,James,Smith,1970-04-19,Female,Brampton,Ontario,Canada,2010-10-20,Active
104037,Olivia,White,1982-09-15,Female,Brampton,Ontario,Canada,2004-04-30,Active
104038,Jessica,Smith,1967-04-14,Male,Calgary,Alberta,Canada,2021-07-16,Active
104039,Robert,Smith,2006-10-05,Female,Edmonton,Alberta,Canada,2026-05-16,Active
104040,William,Harris,1989-08-22,Male,Hamilton,Ontario,Canada,2012-09-09,Active
104041,Robert,White,1982-01-20,Female,Toronto,Ontario,Canada,2023-01-04,Active
104042,Jessica,Lee,1999-10-06,Female,Toronto,Ontario,Canada,2022-07-28,Active
104043,Sophia,White,1945-07-05,Female,Vancouver,British Columbia,Canada,1987-11-11,Active
104044,John,Lee,1956-06-02,Female,Ottawa,Ontario,Canada,1981-12-14,Active
104045,Daniel,Clark,1996-03-20,Female,Moncton,New Brunswick,Canada,2025-11-06,Active
104046,James,Thomas,1994-01-29,Male,Brampton,Ontario,Canada,2021-06-28,Inactive
104047,Daniel,Lewis,1980-10-07,Female,Saint John,New Brunswick,Canada,2010-12-20,Active
104048,David,White,1954-09-07,Female,Ottawa,Ontario,Canada,2013-11-02,Active
104049,William,Harris,1962-08-25,Male,Ottawa,Ontario,Canada,2016-04-14,Active
104050,Daniel,Brown,1980-04-25,Male,Ottawa,Ontario,Canada,2012-11-13,Inactive
104051,Robert,Taylor,1949-04-24,Male,Ottawa,Ontario,Canada,1980-02-26,Active
104052,William,White,1997-06-09,Female,Charlottetown,Prince Edward Island,Canada,2020-06-20,Active
104053,Sophia,Anderson,1964-10-16,Female,Quebec City,Quebec,Canada,2009-07-19,Closed
104054,Emma,Harris,2001-01-25,Female,Mississauga,Ontario,Canada,2020-06-23,Active
104055,James,Brown,1977-08-25,Male,St. John's,Newfoundland and Labrador,Canada,1999-05-27,Active
104056,William,Taylor,1963-06-07,Male,Ottawa,Ontario,Canada,2023-09-07,Active
104057,Emma,Martin,1946-08-09,Female,Brampton,Ontario,Canada,2000-09-22,Active
104058,Sarah,Martin,1995-08-04,Male,Brampton,Ontario,Canada,2021-07-08,Active
104059,David,Lee,1985-09-18,Male,Montreal,Quebec,Canada,2013-10-27,Active
104060,Emily,Lewis,1999-05-13,Male,Regina,Saskatchewan,Canada,2024-12-11,Active
104061,Michael,Clark,1957-09-22,Male,Toronto,Ontario,Canada,1994-07-27,Active
104062,James,Smith,1954-11-19,Male,Vancouver,British Columbia,Canada,1974-03-10,Active
104063,Jessica,Martin,1958-10-27,Female,Toronto,Ontario,Canada,2015-01-25,Active
104064,Sarah,Taylor,1968-03-27,Male,Brampton,Ontario,Canada,1996-05-24,Inactive
104065,Sophia,Anderson,1967-09-15,Male,Vancouver,British Columbia,Canada,2016-11-10,Active
104066,William,Taylor,1992-11-26,Female,Surrey,British Columbia,Canada,2018-07-04,Active
104067,Emma,Jackson,2004-02-07,Female,Laval,Quebec,Canada,2023-09-28,Active
104068,Daniel,Brown,1944-12-04,Female,Mississauga,Ontario,Canada,1997-02-07,Closed
104069,Sophia,White,1977-08-23,Female,Hamilton,Ontario,Canada,2009-04-05,Active
104070,John,Wilson,1983-06-04,Female,Vancouver,British Columbia,Canada,2011-08-24,Inactive
104071,John,White,1959-01-27,Female,Laval,Quebec,Canada,1990-07-22,Active
104072,Sophia,Martin,1970-02-14,Female,Montreal,Quebec,Canada,2001-02-13,Active
104073,Emma,Wilson,1990-02-15,Male,Ottawa,Ontario,Canada,2014-04-15,Active
104074,Ava,Brown,1976-08-08,Female,Red Deer,Alberta,Canada,2009-01-15,Active
104075,Robert,Clark,1948-01-04,Male,Ottawa,Ontario,Canada,2024-12-19,Active
104076,James,Garcia,1970-05-11,Male,Victoria,British Columbia,Canada,2002-05-18,Active
104077,Ava,Taylor,1964-07-09,Male,Surrey,British Columbia,Canada,2010-01-08,Active
104078,Jessica,Lewis,1956-04-23,Male,Mississauga,Ontario,Canada,1976-05-27,Active
104079,David,Taylor,1950-07-10,Male,Quebec City,Quebec,Canada,1968-09-19,Active
104080,Sophia,Lewis,1965-12-14,Female,Quebec City,Quebec,Canada,2013-07-17,Active
104081,Mia,Brown,1998-03-23,Male,Montreal,Quebec,Canada,2023-03-12,Active
104082,Robert,Martin,1998-03-31,Male,Winnipeg,Manitoba,Canada,2024-04-13,Active
104083,Sophia,Smith,1953-11-02,Male,Laval,Quebec,Canada,2002-07-02,Active
104084,Sophia,Wilson,1982-06-28,Male,Hamilton,Ontario,Canada,2008-08-20,Active
104085,Sarah,Jackson,1990-06-12,Female,Hamilton,Ontario,Canada,2010-04-05,Active
104086,Jessica,Brown,1974-01-25,Male,Victoria,British Columbia,Canada,2025-06-27,Active
104087,Robert,Jackson,1946-03-17,Male,Brampton,Ontario,Canada,1975-08-31,Active
104088,Mia,Taylor,1988-06-24,Male,Calgary,Alberta,Canada,2026-05-27,Active
104089,Ava,Brown,1954-06-11,Male,Brampton,Ontario,Canada,1987-04-03,Active
104090,Ava,Lee,1955-07-29,Male,Mississauga,Ontario,Canada,2003-10-05,Active
104091,Sophia,Lee,1961-12-02,Male,Brampton,Ontario,Canada,1984-04-07,Active
104092,James,Lee,1949-04-04,Female,Winnipeg,Manitoba,Canada,2014-06-07,Active
104093,William,Wilson,2002-12-23,Female,Victoria,British Columbia,Canada,2023-04-08,Active
104094,Daniel,Thomas,1978-07-24,Female,Montreal,Quebec,Canada,2012-12-25,Active
104095,Ava,Anderson,1995-05-11,Male,Hamilton,Ontario,Canada,2015-02-04,Active
104096,Emily,Anderson,1944-09-21,Male,Saskatoon,Saskatchewan,Canada,1979-06-02,Active
104097,Emily,Jackson,1955-12-07,Female,Winnipeg,Manitoba,Canada,1995-04-14,Active
104098,Michael,White,1953-05-03,Male,Brampton,Ontario,Canada,1975-03-18,Active
104099,Sophia,White,1948-07-05,Female,Edmonton,Alberta,Canada,2010-12-10,Active
104100,William,Anderson,1989-03-05,Female,Saskatoon,Saskatchewan,Canada,2013-11-20,Inactive
104101,John,Lee,1954-07-01,Male,Mississauga,Ontario,Canada,2012-04-28,Inactive
104102,Ava,Lee,2000-10-20,Male,Brampton,Ontario,Canada,2020-04-04,Active
104103,Michael,Anderson,1991-02-04,Female,Montreal,Quebec,Canada,2009-09-07,Active
104104,James,Taylor,1961-12-21,Female,Quebec City,Quebec,Canada,2023-01-14,Active
104105,John,White,1960-12-24,Female,Calgary,Alberta,Canada,1989-07-08,Active
104106,Daniel,Thomas,1968-02-08,Male,Montreal,Quebec,Canada,2025-07-01,Active
104107,John,Lee,1977-12-30,Female,Mississauga,Ontario,Canada,2017-05-03,Active
104108,Emma,Jackson,1986-11-26,Male,Toronto,Ontario,Canada,2016-06-22,Closed
104109,Sarah,Smith,1972-03-30,Male,Surrey,British Columbia,Canada,2013-04-28,Active
104110,Robert,Brown,1994-09-16,Female,Mississauga,Ontario,Canada,2020-07-27,Inactive
104111,James,Brown,1992-06-10,Female,Toronto,Ontario,Canada,2016-07-16,Closed
104112,Sarah,Thomas,1960-05-23,Male,Mississauga,Ontario,Canada,2023-04-24,Active
104113,Michael,Anderson,1968-12-15,Male,Edmonton,Alberta,Canada,1989-05-09,Active
104114,Ava,Clark,1996-01-18,Male,Ottawa,Ontario,Canada,2023-06-25,Active
104115,Robert,Lewis,1989-09-18,Male,Brampton,Ontario,Canada,2019-06-03,Active
104116,Sarah,Wilson,2005-04-12,Male,Edmonton,Alberta,Canada,2023-10-29,Active
104117,James,Lee,1950-02-09,Female,Toronto,Ontario,Canada,2007-01-13,Inactive
104118,John,Harris,1949-07-17,Male,Vancouver,British Columbia,Canada,2023-10-29,Active
104119,David,Anderson,1975-11-05,Female,Ottawa,Ontario,Canada,2003-06-12,Active
104120,James,Jackson,1958-02-17,Male,Edmonton,Alberta,Canada,2005-01-01,Active
104121,Olivia,Jackson,1990-08-20,Male,Hamilton,Ontario,Canada,2015-06-26,Active
104122,Ava,Wilson,1989-09-30,Male,Ottawa,Ontario,Canada,2008-02-19,Active
104123,Ava,Lewis,1972-01-06,Male,Hamilton,Ontario,Canada,1992-02-04,Active
104124,David,Smith,1946-04-24,Female,Saskatoon,Saskatchewan,Canada,1976-07-18,Active
104125,Sophia,Brown,1966-02-14,Female,Calgary,Alberta,Canada,2011-02-12,Active
104126,Sarah,Anderson,1961-11-22,Female,Mississauga,Ontario,Canada,2017-02-28,Active
104127,James,Wilson,1968-12-07,Male,Hamilton,Ontario,Canada,1990-01-16,Active
104128,John,Smith,1997-03-16,Female,Toronto,Ontario,Canada,2016-08-31,Active
104129,Emily,Thomas,1990-07-27,Female,Hamilton,Ontario,Canada,2024-02-18,Active
104130,Daniel,Thomas,1986-12-11,Male,Toronto,Ontario,Canada,2023-06-09,Active
104131,James,Brown,1944-12-04,Female,Winnipeg,Manitoba,Canada,1996-11-06,Active
104132,Mia,Clark,1984-05-13,Female,Ottawa,Ontario,Canada,2021-06-22,Active
104133,Olivia,Lewis,1976-10-09,Female,Winnipeg,Manitoba,Canada,2001-07-29,Active
104134,Sarah,Thompson,1982-07-22,Female,Hamilton,Ontario,Canada,2001-06-23,Active
104135,Ava,White,1969-08-27,Female,Calgary,Alberta,Canada,2023-01-27,Active
104136,Ava,Lee,1975-08-15,Male,Montreal,Quebec,Canada,2004-07-23,Active
104137,Ava,Thomas,1965-02-27,Female,Hamilton,Ontario,Canada,1998-09-06,Active
104138,David,Jackson,1992-04-21,Female,Edmonton,Alberta,Canada,2018-08-06,Active
104139,Mia,Smith,1969-03-18,Male,Ottawa,Ontario,Canada,2011-02-27,Inactive
104140,Sarah,Thompson,1998-07-07,Female,Winnipeg,Manitoba,Canada,2017-04-14,Active
104141,Olivia,Brown,2002-04-16,Female,Calgary,Alberta,Canada,2024-01-11,Active
104142,Emma,Martin,1994-02-13,Male,St. John's,Newfoundland and Labrador,Canada,2020-07-20,Active
104143,Michael,Garcia,1977-02-06,Female,Red Deer,Alberta,Canada,2018-07-26,Active
104144,Daniel,Taylor,1974-05-30,Female,Mississauga,Ontario,Canada,2025-12-28,Active
104145,John,Martin,1976-10-27,Female,Quebec City,Quebec,Canada,2017-08-23,Active
104146,Robert,Anderson,1993-01-17,Female,Victoria,British Columbia,Canada,2020-06-02,Inactive
104147,Daniel,Thomas,1998-04-23,Male,Mississauga,Ontario,Canada,2025-07-02,Active
104148,Emma,White,1991-08-03,Female,Laval,Quebec,Canada,2018-01-07,Active
104149,Emma,Taylor,1989-02-11,Female,Mississauga,Ontario,Canada,2008-03-04,Active
104150,William,Garcia,1972-09-17,Female,Victoria,British Columbia,Canada,2021-11-17,Active
104151,Robert,Thomas,1960-02-14,Male,Mississauga,Ontario,Canada,2025-02-14,Active
104152,Sarah,Jackson,1965-01-18,Male,Brampton,Ontario,Canada,2025-02-03,Active
104153,Mia,Clark,2006-11-03,Female,Saint John,New Brunswick,Canada,2026-07-05,Active
104154,Ava,Taylor,1969-11-02,Male,Calgary,Alberta,Canada,2022-10-30,Inactive
104155,David,Jackson,1974-05-17,Male,Hamilton,Ontario,Canada,2015-12-29,Active
104156,Michael,Lee,1975-01-27,Female,Hamilton,Ontario,Canada,1994-04-25,Active
104157,Olivia,Thomas,1966-02-12,Female,Surrey,British Columbia,Canada,2015-12-05,Active
104158,Robert,Brown,1953-04-04,Female,Mississauga,Ontario,Canada,1976-10-10,Active
104159,Michael,Anderson,1957-10-24,Female,Vancouver,British Columbia,Canada,1983-05-04,Active
104160,James,Lee,1957-10-06,Female,Red Deer,Alberta,Canada,2007-02-03,Active
104161,Daniel,Garcia,1956-07-12,Male,Brampton,Ontario,Canada,2022-09-06,Active
104162,William,Clark,1950-06-01,Female,Ottawa,Ontario,Canada,1981-08-15,Active
104163,Emily,Taylor,2002-11-06,Female,Hamilton,Ontario,Canada,2021-10-25,Active
104164,David,Clark,1948-07-21,Female,Toronto,Ontario,Canada,1997-11-15,Active
104165,Olivia,Thomas,1951-05-31,Male,Montreal,Quebec,Canada,1989-09-09,Active
104166,Olivia,Garcia,1979-08-31,Male,Hamilton,Ontario,Canada,2021-12-25,Active
104167,Daniel,Lewis,2001-11-28,Female,Halifax,Nova Scotia,Canada,2021-03-16,Active
104168,Michael,Taylor,1987-12-24,Female,Victoria,British Columbia,Canada,2025-05-23,Closed
104169,Sarah,Lee,1952-04-04,Female,Brampton,Ontario,Canada,1985-01-11,Active
104170,Olivia,Martin,1982-08-28,Female,Montreal,Quebec,Canada,2009-05-02,Active
104171,William,Thompson,1981-05-30,Female,Ottawa,Ontario,Canada,2017-09-09,Active
104172,David,Garcia,1989-10-17,Male,Mississauga,Ontario,Canada,2023-10-23,Inactive
104173,Sarah,Wilson,1962-05-13,Female,Montreal,Quebec,Canada,2002-08-22,Active
104174,William,Garcia,1969-08-10,Female,Brampton,Ontario,Canada,2007-04-17,Inactive
104175,Daniel,Taylor,2004-11-21,Male,Mississauga,Ontario,Canada,2025-04-24,Closed
104176,William,Anderson,1994-05-07,Male,Brampton,Ontario,Canada,2021-10-11,Inactive
104177,Robert,Brown,1960-03-18,Female,Mississauga,Ontario,Canada,2016-03-21,Active
104178,Olivia,Wilson,1991-02-07,Female,Victoria,British Columbia,Canada,2011-04-22,Active
104179,Daniel,Lee,1998-02-25,Male,Charlottetown,Prince Edward Island,Canada,2026-03-11,Inactive
104180,Daniel,Anderson,1988-10-16,Male,Vancouver,British Columbia,Canada,2008-01-18,Active
104181,Jessica,Thomas,1983-07-12,Male,St. John's,Newfoundland and Labrador,Canada,2007-06-21,Active
104182,William,White,1992-04-04,Female,Quebec City,Quebec,Canada,2023-01-23,Active
104183,John,Thompson,1977-12-14,Female,Hamilton,Ontario,Canada,2004-08-03,Active
104184,Emma,Harris,1958-07-31,Male,Winnipeg,Manitoba,Canada,2006-07-22,Active
104185,James,Harris,1974-08-28,Female,Mississauga,Ontario,Canada,1998-01-05,Closed
104186,Emily,Clark,1979-11-16,Male,Toronto,Ontario,Canada,2021-08-05,Active
104187,David,White,1991-12-17,Male,Halifax,Nova Scotia,Canada,2014-12-23,Active
104188,David,Garcia,1992-10-27,Male,Victoria,British Columbia,Canada,2012-08-27,Active
104189,James,Lewis,1952-04-10,Female,Saskatoon,Saskatchewan,Canada,1976-07-04,Active
104190,Mia,Thompson,1950-03-25,Female,Ottawa,Ontario,Canada,1978-04-10,Active
104191,Daniel,Smith,1954-01-06,Male,Calgary,Alberta,Canada,2012-01-11,Active
104192,William,Taylor,1959-07-26,Female,Ottawa,Ontario,Canada,1980-08-28,Active
104193,Sophia,Martin,1961-06-22,Female,Ottawa,Ontario,Canada,2007-08-29,Inactive
104194,James,White,1974-12-03,Female,Winnipeg,Manitoba,Canada,2014-11-10,Inactive
104195,Emily,Anderson,1988-12-31,Female,Montreal,Quebec,Canada,2013-06-12,Active
104196,Sarah,Thomas,1970-02-03,Female,Surrey,British Columbia,Canada,2011-11-02,Active
104197,Emily,Brown,1972-05-24,Male,Winnipeg,Manitoba,Canada,2001-01-12,Active
104198,John,Taylor,2001-08-07,Male,Winnipeg,Manitoba,Canada,2022-08-09,Active
104199,Ava,Garcia,1991-05-20,Female,Mississauga,Ontario,Canada,2009-11-19,Active
104200,David,Smith,1991-04-17,Female,Mississauga,Ontario,Canada,2011-08-23,Active
104201,Olivia,Clark,1991-04-09,Female,Regina,Saskatchewan,Canada,2011-01-23,Active
104202,Sophia,Thomas,1946-07-28,Female,Laval,Quebec,Canada,1966-01-19,Active
104203,William,Clark,1990-03-16,Female,Laval,Quebec,Canada,2014-06-03,Active
104204,John,Taylor,1973-04-25,Female,Ottawa,Ontario,Canada,2000-06-20,Inactive
104205,Robert,Clark,1983-09-20,Female,Brampton,Ontario,Canada,2008-02-11,Active
104206,Emma,Harris,1992-01-16,Male,Halifax,Nova Scotia,Canada,2010-02-02,Active
104207,Mia,Clark,1947-03-18,Female,Laval,Quebec,Canada,2013-07-27,Active
104208,Ava,Smith,1986-02-23,Female,Edmonton,Alberta,Canada,2025-07-06,Active
104209,David,Garcia,1999-08-26,Male,Hamilton,Ontario,Canada,2024-04-21,Active
104210,Jessica,Anderson,1977-11-14,Male,Mississauga,Ontario,Canada,2001-02-09,Active
104211,Michael,Thomas,1985-05-29,Female,Montreal,Quebec,Canada,2021-08-06,Inactive
104212,Olivia,Smith,1949-05-14,Female,Winnipeg,Manitoba,Canada,1983-02-09,Active
104213,Daniel,Lee,1991-07-10,Male,Ottawa,Ontario,Canada,2014-09-09,Active
104214,Olivia,Martin,2001-08-27,Male,Ottawa,Ontario,Canada,2025-04-02,Active
104215,Olivia,Lee,1966-04-17,Male,Montreal,Quebec,Canada,1993-03-17,Closed
104216,Ava,Harris,1970-02-24,Male,Toronto,Ontario,Canada,2026-06-22,Active
104217,Sarah,Wilson,1976-08-10,Female,Ottawa,Ontario,Canada,2022-01-28,Active
104218,William,Thomas,1953-02-21,Female,Montreal,Quebec,Canada,2005-08-06,Active
104219,Sarah,Jackson,1949-09-15,Female,Mississauga,Ontario,Canada,1997-06-24,Active
104220,Michael,Wilson,1949-04-26,Male,Surrey,British Columbia,Canada,1982-05-08,Active
104221,John,Lewis,1954-01-05,Male,Mississauga,Ontario,Canada,2007-10-08,Active
104222,Sarah,Lee,1993-06-10,Male,Surrey,British Columbia,Canada,2018-05-03,Active
104223,Emma,Harris,1983-08-30,Female,Red Deer,Alberta,Canada,2017-11-21,Active
104224,Sarah,Harris,1982-08-08,Female,Edmonton,Alberta,Canada,2002-02-26,Active
104225,Sophia,Thompson,1948-09-29,Male,Victoria,British Columbia,Canada,1988-11-27,Inactive
104226,Michael,Thompson,1959-11-10,Female,Quebec City,Quebec,Canada,1983-03-07,Active
104227,Daniel,Smith,2002-12-18,Male,Mississauga,Ontario,Canada,2023-04-28,Inactive
104228,Jessica,White,1977-07-31,Male,Quebec City,Quebec,Canada,2017-08-21,Active
104229,William,Garcia,1949-01-27,Female,Brampton,Ontario,Canada,1973-11-08,Active
104230,James,Clark,2003-08-18,Male,Victoria,British Columbia,Canada,2025-10-22,Active
104231,John,Harris,1979-08-22,Female,Hamilton,Ontario,Canada,2021-08-18,Inactive
104232,Mia,Lewis,1975-01-25,Male,Montreal,Quebec,Canada,2002-02-22,Active
104233,Jessica,Harris,1981-07-31,Female,Montreal,Quebec,Canada,2004-10-28,Active
104234,David,Thomas,1968-08-10,Male,Surrey,British Columbia,Canada,2016-03-09,Active
104235,David,Jackson,1987-02-21,Male,Toronto,Ontario,Canada,2021-08-19,Active
104236,James,Thompson,1963-05-24,Male,Montreal,Quebec,Canada,2010-05-21,Active
104237,Ava,Lewis,1966-04-30,Female,Laval,Quebec,Canada,1990-07-29,Active
104238,John,Taylor,1955-06-26,Female,Saskatoon,Saskatchewan,Canada,2000-08-03,Active
104239,Sophia,Anderson,1956-05-03,Female,Surrey,British Columbia,Canada,1987-09-15,Active
104240,David,Martin,2001-05-09,Male,Hamilton,Ontario,Canada,2021-06-19,Active
104241,William,Garcia,1956-09-07,Male,Edmonton,Alberta,Canada,2004-10-05,Inactive
104242,Robert,Thomas,1954-10-25,Male,Toronto,Ontario,Canada,2025-11-14,Active
104243,Emma,Martin,1973-12-25,Female,Brampton,Ontario,Canada,1998-11-10,Inactive
104244,James,Smith,1947-06-10,Male,Brampton,Ontario,Canada,1980-08-15,Active
104245,William,Anderson,1969-11-05,Male,Quebec City,Quebec,Canada,1997-05-28,Active
104246,Robert,Lee,1952-12-28,Female,Surrey,British Columbia,Canada,1982-08-10,Active
104247,Robert,Harris,1960-04-02,Female,Montreal,Quebec,Canada,2023-12-03,Active
104248,Michael,Lewis,1955-07-01,Male,Calgary,Alberta,Canada,1979-05-06,Active
104249,Mia,Taylor,1998-07-26,Male,Quebec City,Quebec,Canada,2018-07-14,Active
104250,William,Anderson,1970-10-06,Male,Mississauga,Ontario,Canada,2013-09-28,Active
104251,Daniel,Lee,1944-02-15,Female,Quebec City,Quebec,Canada,1984-10-03,Active
104252,William,Lee,2001-04-22,Male,Victoria,British Columbia,Canada,2025-12-09,Active
104253,Ava,Lewis,2006-11-17,Female,Quebec City,Quebec,Canada,2025-12-09,Active
104254,William,Anderson,1952-06-29,Male,Laval,Quebec,Canada,1978-01-10,Active
104255,William,Clark,1950-04-12,Female,Quebec City,Quebec,Canada,1996-06-25,Active
104256,Robert,Jackson,1953-03-17,Female,Quebec City,Quebec,Canada,1976-12-30,Active
104257,Robert,Clark,1961-01-15,Male,Toronto,Ontario,Canada,1999-05-12,Active
104258,John,Clark,1971-07-21,Male,Red Deer,Alberta,Canada,2023-02-13,Active
104259,Jessica,Jackson,1993-12-24,Male,Hamilton,Ontario,Canada,2019-01-09,Active
104260,James,Anderson,2000-12-08,Female,Hamilton,Ontario,Canada,2024-01-16,Active
104261,David,Lee,1998-01-23,Female,Victoria,British Columbia,Canada,2020-03-02,Active
104262,David,Jackson,2002-05-30,Female,Calgary,Alberta,Canada,2026-06-22,Active
104263,Robert,Jackson,1947-06-10,Male,Surrey,British Columbia,Canada,2001-12-02,Active
104264,Sophia,Martin,2003-11-26,Male,Laval,Quebec,Canada,2025-04-14,Active
104265,Emily,Lee,1985-03-28,Female,Saint John,New Brunswick,Canada,2021-11-26,Active
104266,Ava,Brown,1951-12-29,Female,Ottawa,Ontario,Canada,2013-09-23,Active
104267,William,Lee,2006-08-04,Female,Montreal,Quebec,Canada,2026-07-19,Inactive
104268,Mia,Jackson,1988-06-13,Female,Laval,Quebec,Canada,2015-10-13,Active
104269,James,Smith,1991-05-26,Female,Quebec City,Quebec,Canada,2012-03-12,Active
104270,Sarah,Anderson,1984-10-13,Female,Montreal,Quebec,Canada,2008-06-22,Active
104271,Sophia,Jackson,1993-05-11,Female,Saint John,New Brunswick,Canada,2015-01-12,Active
104272,Sarah,Thompson,1945-12-02,Female,Ottawa,Ontario,Canada,1999-08-19,Active
104273,Mia,Harris,1979-01-22,Female,Hamilton,Ontario,Canada,1999-08-25,Active
104274,Robert,Wilson,1986-05-10,Female,Laval,Quebec,Canada,2012-05-07,Inactive
104275,James,White,1998-05-04,Male,Montreal,Quebec,Canada,2023-11-17,Active
104276,Sophia,Taylor,1987-11-29,Female,Victoria,British Columbia,Canada,2015-08-29,Active
104277,John,Anderson,1959-08-18,Female,Halifax,Nova Scotia,Canada,1994-01-22,Active
104278,Sophia,Thompson,1985-05-15,Male,Victoria,British Columbia,Canada,2015-05-20,Inactive
104279,Sophia,Clark,1959-07-21,Female,St. John's,Newfoundland and Labrador,Canada,1983-11-25,Active
104280,Emma,Wilson,1957-08-03,Male,Toronto,Ontario,Canada,1976-12-10,Active
104281,Sarah,Martin,1982-12-05,Male,Hamilton,Ontario,Canada,2019-06-16,Inactive
104282,Mia,Jackson,1964-12-08,Male,Toronto,Ontario,Canada,2009-07-19,Active
104283,Michael,Thomas,1964-12-04,Female,Red Deer,Alberta,Canada,2012-12-23,Active
104284,Daniel,Thompson,1978-11-20,Female,Ottawa,Ontario,Canada,2007-07-25,Active
104285,John,Taylor,1956-03-28,Female,Hamilton,Ontario,Canada,1985-11-16,Active
104286,Sophia,Garcia,1952-09-20,Male,Quebec City,Quebec,Canada,2016-02-26,Active
104287,Olivia,Jackson,1971-07-04,Female,Toronto,Ontario,Canada,2016-10-01,Active
104288,Emma,Brown,1954-01-01,Male,Victoria,British Columbia,Canada,1975-01-29,Active
104289,Sophia,Garcia,1990-05-08,Male,Winnipeg,Manitoba,Canada,2026-01-23,Inactive
104290,Robert,Clark,1988-01-08,Male,Brampton,Ontario,Canada,2017-07-03,Active
104291,John,Harris,2003-06-17,Female,Quebec City,Quebec,Canada,2022-12-28,Active
104292,Mia,Thompson,1954-06-10,Male,Hamilton,Ontario,Canada,1991-12-18,Inactive
104293,Sarah,Wilson,1991-02-09,Female,Brampton,Ontario,Canada,2018-09-24,Active
104294,John,Thomas,1945-01-18,Female,Ottawa,Ontario,Canada,1968-12-24,Inactive
104295,Mia,Thomas,1982-12-15,Male,Laval,Quebec,Canada,2003-01-13,Active
104296,Ava,Garcia,1955-08-30,Female,Quebec City,Quebec,Canada,1995-08-04,Active
104297,Daniel,Thomas,1989-07-02,Male,Victoria,British Columbia,Canada,2025-10-29,Active
104298,Sophia,Thompson,1948-10-03,Male,Red Deer,Alberta,Canada,1991-04-11,Active
104299,James,Anderson,1946-08-21,Male,Mississauga,Ontario,Canada,2017-11-08,Active
104300,John,Martin,1961-10-11,Female,Vancouver,British Columbia,Canada,2015-02-05,Active
104301,Robert,Taylor,1966-01-20,Female,Victoria,British Columbia,Canada,2020-03-02,Active
104302,Jessica,Harris,1991-11-25,Female,Ottawa,Ontario,Canada,2012-06-12,Active
104303,Michael,Brown,1956-01-28,Female,Brampton,Ontario,Canada,2026-07-16,Active
104304,James,Garcia,1993-07-10,Male,Hamilton,Ontario,Canada,2024-02-05,Active
104305,Olivia,Smith,1975-03-05,Female,Brampton,Ontario,Canada,2021-12-02,Active
104306,Sophia,Lee,1948-06-29,Male,Toronto,Ontario,Canada,1969-05-16,Active
104307,Sophia,Clark,2004-01-24,Male,Toronto,Ontario,Canada,2023-04-16,Active
104308,Sophia,Harris,1979-12-05,Female,Winnipeg,Manitoba,Canada,2012-09-30,Active
104309,Emma,Lewis,1997-08-08,Male,Winnipeg,Manitoba,Canada,2022-07-30,Active
104310,Jessica,Clark,1949-07-19,Male,Quebec City,Quebec,Canada,2005-11-30,Active
104311,Sarah,Wilson,1972-06-14,Male,Vancouver,British Columbia,Canada,2025-11-21,Active
104312,Emma,Garcia,1955-10-15,Male,Charlottetown,Prince Edward Island,Canada,1974-07-19,Active
104313,William,Thomas,1976-06-15,Female,Laval,Quebec,Canada,2002-07-06,Active
104314,John,Clark,1993-05-28,Male,Quebec City,Quebec,Canada,2012-06-16,Active
104315,Sophia,Clark,1997-07-01,Female,Surrey,British Columbia,Canada,2021-06-14,Active
104316,Robert,Lee,2005-03-27,Male,Saskatoon,Saskatchewan,Canada,2024-03-03,Active
104317,Ava,Jackson,1960-07-14,Female,Red Deer,Alberta,Canada,2008-03-19,Active
104318,Daniel,Wilson,1961-02-10,Female,Hamilton,Ontario,Canada,1997-04-01,Active
104319,Emma,Brown,1992-04-20,Female,Surrey,British Columbia,Canada,2014-06-20,Inactive
104320,James,Wilson,1992-12-08,Female,Brampton,Ontario,Canada,2016-05-21,Active
104321,Jessica,Lee,1964-10-14,Female,Hamilton,Ontario,Canada,2010-06-27,Active
104322,Daniel,Harris,1965-07-19,Female,Laval,Quebec,Canada,2025-06-06,Active
104323,Daniel,Thomas,1956-04-19,Female,Surrey,British Columbia,Canada,1983-03-24,Active
104324,David,Jackson,1993-06-05,Male,Mississauga,Ontario,Canada,2013-12-20,Active
104325,Ava,Wilson,1951-01-02,Male,Ottawa,Ontario,Canada,2024-07-11,Active
104326,William,Harris,1979-12-05,Female,Vancouver,British Columbia,Canada,2023-07-12,Active
104327,Emma,Jackson,1968-04-25,Male,Hamilton,Ontario,Canada,2022-04-17,Active
104328,Daniel,Garcia,1978-06-02,Male,Edmonton,Alberta,Canada,2024-12-27,Active
104329,James,Smith,2002-03-08,Female,Montreal,Quebec,Canada,2021-07-27,Active
104330,Mia,Lewis,1994-12-14,Male,Laval,Quebec,Canada,2015-05-12,Active
104331,Michael,Smith,2000-12-24,Male,Hamilton,Ontario,Canada,2024-01-02,Active
104332,Robert,Jackson,1987-11-10,Female,Halifax,Nova Scotia,Canada,2021-08-23,Closed
104333,Emma,Thomas,1970-12-26,Male,Winnipeg,Manitoba,Canada,2020-05-07,Active
104334,Mia,Thompson,2005-02-26,Male,Hamilton,Ontario,Canada,2026-08-29,Active
104335,Mia,Martin,1979-05-01,Male,Victoria,British Columbia,Canada,2023-08-28,Active
104336,Daniel,Wilson,1966-11-06,Male,Calgary,Alberta,Canada,1995-03-19,Inactive
104337,Sophia,White,1997-12-07,Male,Mississauga,Ontario,Canada,2019-01-31,Inactive
104338,Robert,Harris,2004-03-02,Female,Quebec City,Quebec,Canada,2024-06-05,Active
104339,Sophia,Jackson,1974-02-07,Male,Edmonton,Alberta,Canada,2002-05-30,Active
104340,Sarah,Smith,1996-02-21,Male,Montreal,Quebec,Canada,2023-08-24,Active
104341,James,Wilson,1975-01-12,Female,Saskatoon,Saskatchewan,Canada,2020-09-13,Active
104342,Daniel,White,1975-02-03,Male,Mississauga,Ontario,Canada,2017-10-05,Active
104343,Sarah,Taylor,1977-04-23,Male,Regina,Saskatchewan,Canada,1995-08-05,Active
104344,David,Harris,1975-07-21,Male,Moncton,New Brunswick,Canada,2021-02-21,Active
104345,William,Wilson,2000-03-30,Male,Ottawa,Ontario,Canada,2020-08-29,Active
104346,Sarah,Garcia,2000-10-27,Male,Laval,Quebec,Canada,2021-07-21,Active
104347,James,Wilson,1993-12-13,Male,Surrey,British Columbia,Canada,2020-03-06,Active
104348,Michael,Martin,1981-01-03,Female,Winnipeg,Manitoba,Canada,2002-05-06,Active
104349,Sophia,Clark,1951-02-12,Female,Ottawa,Ontario,Canada,2011-04-06,Active
104350,William,Thomas,1965-04-13,Female,Toronto,Ontario,Canada,2012-08-17,Inactive
104351,Jessica,Wilson,1952-11-30,Male,Calgary,Alberta,Canada,1995-11-19,Active
104352,Emily,Smith,1946-08-10,Female,Montreal,Quebec,Canada,1985-09-05,Active
104353,Emily,Thomas,1983-11-03,Female,Victoria,British Columbia,Canada,2008-11-25,Active
104354,Daniel,Brown,1962-11-16,Male,Montreal,Quebec,Canada,2010-06-17,Active
104355,Sarah,Lewis,1948-12-08,Female,Saint John,New Brunswick,Canada,2026-01-05,Active
104356,Emma,Lee,1957-09-10,Female,Ottawa,Ontario,Canada,1999-10-28,Active
104357,Ava,Lee,1948-03-03,Male,Halifax,Nova Scotia,Canada,2025-02-22,Active
104358,David,Lewis,1952-02-17,Female,Montreal,Quebec,Canada,1996-01-22,Active
104359,Olivia,Harris,1975-04-29,Male,Winnipeg,Manitoba,Canada,1993-06-18,Active
104360,Ava,Anderson,1986-05-17,Male,Toronto,Ontario,Canada,2024-01-10,Active
104361,James,Jackson,1993-08-27,Male,Victoria,British Columbia,Canada,2016-12-06,Active
104362,Sophia,Taylor,1968-12-05,Male,Red Deer,Alberta,Canada,2012-05-18,Active
104363,Sarah,Clark,1990-08-30,Female,Edmonton,Alberta,Canada,2017-02-12,Active
104364,Ava,Jackson,1949-12-16,Female,Brampton,Ontario,Canada,2004-08-14,Active
104365,Emily,Thomas,1952-02-05,Male,Quebec City,Quebec,Canada,2013-04-01,Active
104366,Emma,Thompson,1964-08-07,Female,Ottawa,Ontario,Canada,2025-05-19,Active
104367,Michael,Thomas,1984-02-19,Female,Toronto,Ontario,Canada,2025-08-27,Active
104368,Michael,Thomas,1952-11-05,Female,Vancouver,British Columbia,Canada,1985-11-25,Inactive
104369,Mia,Taylor,1944-02-03,Female,Halifax,Nova Scotia,Canada,1963-07-09,Active
104370,Sarah,Brown,1981-09-17,Female,Vancouver,British Columbia,Canada,2018-04-09,Active
104371,Emily,Smith,1969-09-07,Female,Toronto,Ontario,Canada,1995-08-10,Active
104372,Michael,Jackson,1970-11-23,Male,Toronto,Ontario,Canada,2002-04-28,Active
104373,David,Lee,1970-06-29,Female,Mississauga,Ontario,Canada,2017-04-03,Active
104374,Emma,Taylor,2002-11-09,Male,Hamilton,Ontario,Canada,2024-05-02,Active
104375,Robert,Martin,1951-04-07,Male,Red Deer,Alberta,Canada,2003-08-19,Active
104376,Emily,Anderson,1982-05-08,Male,Brampton,Ontario,Canada,2021-11-08,Active
104377,Robert,Anderson,1992-04-10,Male,Mississauga,Ontario,Canada,2020-08-20,Active
104378,David,Wilson,1992-03-16,Female,Surrey,British Columbia,Canada,2025-05-24,Active
104379,Michael,Harris,1949-05-14,Female,Brampton,Ontario,Canada,1979-01-27,Active
104380,Mia,Martin,1965-02-08,Male,Laval,Quebec,Canada,2001-09-16,Closed
104381,Ava,Thomas,2004-07-04,Female,Laval,Quebec,Canada,2024-05-05,Active
104382,John,White,1991-07-14,Male,Hamilton,Ontario,Canada,2023-10-16,Active
104383,William,White,2002-02-24,Female,Quebec City,Quebec,Canada,2025-08-04,Inactive
104384,Emily,Anderson,1990-04-17,Male,Laval,Quebec,Canada,2014-06-13,Inactive
104385,William,Thompson,1948-05-07,Male,Victoria,British Columbia,Canada,2021-10-20,Active
104386,Olivia,Harris,2006-06-05,Female,Ottawa,Ontario,Canada,2025-11-27,Active
104387,David,Smith,1996-08-10,Female,Toronto,Ontario,Canada,2017-06-13,Active
104388,James,White,1985-08-27,Male,Victoria,British Columbia,Canada,2023-11-07,Active
104389,William,Thomas,1944-01-23,Male,Hamilton,Ontario,Canada,1973-02-28,Active
104390,Emily,Garcia,2001-09-19,Male,Ottawa,Ontario,Canada,2024-06-24,Active
104391,Michael,Anderson,2000-02-12,Female,Mississauga,Ontario,Canada,2026-02-01,Active
104392,Emma,Lee,1998-08-13,Male,Mississauga,Ontario,Canada,2023-09-16,Active
104393,James,Martin,1962-10-22,Male,Brampton,Ontario,Canada,2003-10-22,Active
104394,John,Brown,2001-11-17,Female,St. John's,Newfoundland and Labrador,Canada,2025-07-25,Active
104395,Sarah,Jackson,1944-07-05,Female,Montreal,Quebec,Canada,1974-08-30,Active
104396,Sarah,Lewis,1980-02-10,Male,Laval,Quebec,Canada,2005-04-27,Active
104397,Robert,Taylor,1992-06-05,Female,Brampton,Ontario,Canada,2020-11-24,Active
104398,David,Thompson,1958-02-10,Male,Brampton,Ontario,Canada,2013-11-14,Active
104399,John,Garcia,2004-12-17,Male,Edmonton,Alberta,Canada,2023-12-22,Active
104400,Jessica,Thompson,1980-11-09,Female,Victoria,British Columbia,Canada,2016-08-03,Active
104401,William,Brown,1954-04-14,Male,Moncton,New Brunswick,Canada,2015-03-15,Active
104402,John,Thomas,2002-01-24,Male,Brampton,Ontario,Canada,2023-09-01,Active
104403,William,Thomas,1951-12-18,Female,Brampton,Ontario,Canada,1979-03-22,Active
104404,Ava,Thomas,2005-04-20,Female,Vancouver,British Columbia,Canada,2026-08-01,Active
104405,David,Lewis,2005-09-14,Female,Toronto,Ontario,Canada,2024-10-05,Active
104406,Mia,Smith,2003-08-11,Female,Brampton,Ontario,Canada,2023-09-11,Active
104407,David,Harris,1964-04-20,Male,Mississauga,Ontario,Canada,2007-09-17,Active
104408,Michael,Lee,1971-10-15,Female,Mississauga,Ontario,Canada,1998-06-13,Active
104409,David,Lewis,1991-09-28,Male,Edmonton,Alberta,Canada,2010-12-29,Active
104410,Robert,Martin,1994-09-03,Female,Winnipeg,Manitoba,Canada,2024-06-01,Active
104411,John,Lee,1957-02-28,Male,Victoria,British Columbia,Canada,2013-12-06,Active
104412,Emily,Jackson,1974-10-12,Male,Brampton,Ontario,Canada,1999-01-20,Active
104413,William,Martin,1968-03-21,Male,Red Deer,Alberta,Canada,2007-01-21,Active
104414,Olivia,Harris,1987-07-31,Female,Surrey,British Columbia,Canada,2021-04-18,Active
104415,Sarah,Smith,1992-09-11,Male,Edmonton,Alberta,Canada,2026-05-27,Active
104416,Daniel,Smith,1971-03-10,Female,Montreal,Quebec,Canada,2023-12-23,Active
104417,Sarah,Lewis,2000-03-07,Female,Halifax,Nova Scotia,Canada,2018-09-28,Active
104418,Michael,Wilson,1963-01-23,Female,Hamilton,Ontario,Canada,2018-07-13,Active
104419,Olivia,Thomas,1991-08-26,Male,Surrey,British Columbia,Canada,2012-01-26,Active
104420,John,Martin,1971-11-04,Male,Edmonton,Alberta,Canada,2013-02-26,Closed
104421,Olivia,Harris,1950-08-30,Female,Winnipeg,Manitoba,Canada,2002-12-31,Active
104422,Ava,White,1963-05-04,Female,Halifax,Nova Scotia,Canada,2023-03-08,Active
104423,Sophia,Lee,1996-10-16,Male,Brampton,Ontario,Canada,2021-09-16,Active
104424,Daniel,Garcia,1970-08-29,Female,Surrey,British Columbia,Canada,2007-03-30,Active
104425,Robert,Lee,1993-08-25,Male,Ottawa,Ontario,Canada,2020-09-30,Inactive
104426,Mia,Martin,1986-09-11,Male,Victoria,British Columbia,Canada,2006-05-11,Inactive
104427,David,Lee,1970-01-14,Male,Hamilton,Ontario,Canada,1989-03-12,Active
104428,Sarah,Martin,1956-08-24,Male,Montreal,Quebec,Canada,2012-11-16,Active
104429,Sophia,Harris,1989-07-11,Male,Saskatoon,Saskatchewan,Canada,2017-01-14,Active
104430,Mia,Clark,1986-08-19,Female,Red Deer,Alberta,Canada,2020-06-05,Active
104431,Mia,Lewis,1963-10-04,Male,Laval,Quebec,Canada,2003-06-24,Inactive
104432,John,Brown,1948-08-21,Female,Toronto,Ontario,Canada,2018-08-02,Active
104433,Mia,Lewis,1968-07-15,Female,Hamilton,Ontario,Canada,1999-01-25,Active
104434,John,Thompson,1944-02-06,Female,Ottawa,Ontario,Canada,1988-04-27,Active
104435,Emily,Lewis,1992-09-07,Male,Hamilton,Ontario,Canada,2014-12-01,Active
104436,Mia,Thompson,1958-09-06,Female,Winnipeg,Manitoba,Canada,1983-12-07,Active
104437,Jessica,Lewis,1968-10-20,Male,Montreal,Quebec,Canada,1991-06-29,Active
104438,Ava,Anderson,1956-09-30,Female,Hamilton,Ontario,Canada,1980-01-29,Active
104439,William,Wilson,2001-08-11,Male,Surrey,British Columbia,Canada,2020-04-24,Active
104440,Robert,Wilson,1996-06-27,Female,Mississauga,Ontario,Canada,2018-09-10,Active
104441,Robert,Taylor,2002-11-26,Male,Brampton,Ontario,Canada,2023-06-21,Active
104442,William,Taylor,1991-08-19,Female,Toronto,Ontario,Canada,2023-02-20,Active
104443,Olivia,Jackson,1951-10-05,Male,Ottawa,Ontario,Canada,2016-09-05,Active
104444,Daniel,Wilson,1985-12-25,Male,Montreal,Quebec,Canada,2015-10-23,Active
104445,Sophia,Wilson,1972-09-24,Female,Surrey,British Columbia,Canada,2012-01-10,Inactive
104446,Daniel,White,1988-06-29,Male,Montreal,Quebec,Canada,2009-12-05,Active
104447,Robert,Garcia,1987-08-13,Female,Red Deer,Alberta,Canada,2011-02-15,Active
104448,Michael,Wilson,1985-10-07,Female,Saskatoon,Saskatchewan,Canada,2009-04-20,Active
104449,Emily,White,1983-07-10,Female,Calgary,Alberta,Canada,2013-12-18,Active
104450,Mia,Martin,1996-01-25,Female,Halifax,Nova Scotia,Canada,2018-06-16,Active
104451,Emma,Thompson,1998-10-24,Female,Regina,Saskatchewan,Canada,2018-11-19,Active
104452,David,Brown,1977-08-20,Female,Red Deer,Alberta,Canada,2010-07-16,Active
104453,Sarah,Garcia,1944-02-03,Male,Toronto,Ontario,Canada,1969-09-28,Active
104454,Olivia,Smith,1945-02-09,Female,Brampton,Ontario,Canada,2016-06-17,Active
104455,Jessica,Taylor,1946-03-01,Female,Surrey,British Columbia,Canada,2011-07-05,Active
104456,John,Anderson,1998-05-22,Male,Red Deer,Alberta,Canada,2026-08-03,Active
104457,Emily,Clark,1972-09-16,Male,Red Deer,Alberta,Canada,2000-05-17,Active
104458,James,Wilson,1973-08-20,Male,Victoria,British Columbia,Canada,2012-08-17,Active
104459,John,Garcia,1961-11-01,Female,Calgary,Alberta,Canada,2017-11-10,Active
104460,Jessica,Lee,2002-06-29,Male,Surrey,British Columbia,Canada,2022-11-23,Active
104461,John,Lee,1959-02-06,Female,Vancouver,British Columbia,Canada,2023-05-31,Active
104462,William,Anderson,2000-04-04,Female,Brampton,Ontario,Canada,2019-10-19,Active
104463,Emily,Brown,1986-03-18,Female,Montreal,Quebec,Canada,2008-01-22,Active
104464,Jessica,Taylor,1969-02-27,Male,Brampton,Ontario,Canada,2007-05-07,Active
104465,Daniel,Garcia,1985-09-08,Female,Brampton,Ontario,Canada,2011-11-04,Active
104466,John,Wilson,2002-10-13,Female,Quebec City,Quebec,Canada,2024-05-22,Active
104467,Sophia,Martin,1948-02-21,Male,Mississauga,Ontario,Canada,2017-10-01,Active
104468,Ava,Thomas,1947-09-10,Male,Regina,Saskatchewan,Canada,1985-08-17,Active
104469,Mia,Garcia,1954-10-22,Male,Quebec City,Quebec,Canada,2012-09-05,Active
104470,Sophia,Martin,1985-09-22,Female,Vancouver,British Columbia,Canada,2011-02-26,Active
104471,Daniel,Harris,1977-01-12,Male,Mississauga,Ontario,Canada,1996-06-02,Active
104472,Mia,Garcia,1986-12-07,Male,Calgary,Alberta,Canada,2022-12-09,Active
104473,Sarah,Lee,1969-06-20,Male,Montreal,Quebec,Canada,2007-12-18,Active
104474,Michael,Thomas,1996-12-05,Male,Laval,Quebec,Canada,2022-09-03,Active
104475,Emma,White,1973-07-12,Male,Victoria,British Columbia,Canada,2004-08-23,Active
104476,Robert,Martin,1973-09-13,Female,Quebec City,Quebec,Canada,2007-06-11,Active
104477,Ava,Clark,1974-05-02,Male,Montreal,Quebec,Canada,2020-06-16,Active
104478,William,White,1959-02-26,Female,Surrey,British Columbia,Canada,2004-10-07,Active
104479,Mia,Thomas,2005-06-14,Male,Edmonton,Alberta,Canada,2023-12-05,Active
104480,Emily,Clark,1946-10-13,Male,Hamilton,Ontario,Canada,1996-01-07,Active
104481,Sarah,Lee,1945-08-10,Female,Saskatoon,Saskatchewan,Canada,1972-02-05,Active
104482,Robert,Harris,1973-06-09,Female,Toronto,Ontario,Canada,1997-07-30,Active
104483,Emma,Brown,1987-06-02,Female,Ottawa,Ontario,Canada,2026-05-08,Active
104484,James,Anderson,1972-07-22,Male,Hamilton,Ontario,Canada,2021-12-25,Active
104485,Sarah,Jackson,1993-11-05,Female,Ottawa,Ontario,Canada,2024-09-10,Active
104486,William,Thompson,1966-06-14,Female,Brampton,Ontario,Canada,1988-04-17,Active
104487,Emily,Thompson,1958-08-09,Male,Calgary,Alberta,Canada,2026-07-19,Active
104488,David,Clark,1984-02-04,Female,Laval,Quebec,Canada,2007-04-30,Active
104489,Jessica,Smith,1959-05-23,Male,Saint John,New Brunswick,Canada,1986-03-01,Active
104490,William,Jackson,1977-06-23,Male,Mississauga,Ontario,Canada,2012-12-29,Active
104491,Michael,Thompson,1984-02-17,Female,Surrey,British Columbia,Canada,2011-06-22,Active
104492,Michael,Lee,1951-04-13,Female,Toronto,Ontario,Canada,1995-09-29,Active
104493,Olivia,Wilson,1958-05-22,Female,Laval,Quebec,Canada,2019-11-30,Active
104494,David,Lewis,1947-01-12,Female,Toronto,Ontario,Canada,2001-09-22,Active
104495,Robert,Smith,1957-05-09,Male,Victoria,British Columbia,Canada,1990-09-16,Closed
104496,Jessica,Wilson,2000-02-11,Female,Vancouver,British Columbia,Canada,2025-12-24,Active
104497,Robert,Clark,1944-10-12,Female,Toronto,Ontario,Canada,2007-11-13,Active
104498,William,Garcia,1990-10-04,Male,Toronto,Ontario,Canada,2013-11-17,Inactive
104499,David,Lee,1955-02-24,Male,Quebec City,Quebec,Canada,1976-01-21,Active
104500,William,Martin,1973-03-07,Female,Toronto,Ontario,Canada,1996-07-11,Active
104501,Olivia,Martin,1944-06-28,Male,Vancouver,British Columbia,Canada,1975-07-28,Inactive
104502,Emily,Harris,1975-04-02,Female,Laval,Quebec,Canada,1997-04-21,Active
104503,Ava,White,2002-10-11,Male,Red Deer,Alberta,Canada,2026-03-22,Active
104504,Sophia,White,1951-03-18,Female,St. John's,Newfoundland and Labrador,Canada,1972-08-08,Active
104505,James,Anderson,1963-08-12,Female,Brampton,Ontario,Canada,2024-05-04,Active
104506,William,Clark,1960-08-07,Female,Saskatoon,Saskatchewan,Canada,2016-08-10,Active
104507,Robert,Thomas,1988-04-21,Female,Calgary,Alberta,Canada,2007-11-06,Active
104508,Emily,Martin,1995-12-17,Male,Mississauga,Ontario,Canada,2019-10-10,Active
104509,David,Thompson,1961-01-24,Female,Edmonton,Alberta,Canada,1979-05-23,Active
104510,Ava,Harris,1951-12-17,Female,Laval,Quebec,Canada,1984-06-19,Active
104511,Robert,Martin,2000-01-03,Female,Surrey,British Columbia,Canada,2020-05-06,Active
104512,Sarah,Smith,1950-07-27,Female,Surrey,British Columbia,Canada,2007-09-24,Active
104513,John,Anderson,1998-01-23,Female,Winnipeg,Manitoba,Canada,2018-01-31,Active
104514,Mia,Jackson,1979-03-01,Female,Edmonton,Alberta,Canada,2020-02-05,Active
104515,Mia,Thomas,1993-04-04,Female,Red Deer,Alberta,Canada,2022-02-12,Active
104516,Sophia,Lewis,1996-12-09,Female,Hamilton,Ontario,Canada,2025-12-05,Active
104517,William,Lewis,1987-07-31,Female,Moncton,New Brunswick,Canada,2017-03-15,Active
104518,James,Thompson,1967-11-19,Male,Surrey,British Columbia,Canada,2002-03-05,Active
104519,Olivia,Thomas,1964-05-28,Male,Red Deer,Alberta,Canada,2014-03-30,Active
104520,Daniel,Smith,1984-09-09,Female,Red Deer,Alberta,Canada,2019-03-21,Active
104521,Ava,Garcia,1976-07-02,Male,Ottawa,Ontario,Canada,2001-04-04,Active
104522,Olivia,Lewis,2000-11-01,Male,Toronto,Ontario,Canada,2020-12-14,Active
104523,Emily,White,1992-02-13,Male,Edmonton,Alberta,Canada,2020-09-13,Active
104524,Ava,Clark,2000-02-24,Female,Regina,Saskatchewan,Canada,2025-07-09,Active
104525,Emma,Lewis,1969-01-16,Female,Calgary,Alberta,Canada,2007-10-28,Active
104526,Daniel,Harris,1973-06-23,Female,Laval,Quebec,Canada,2023-06-15,Active
104527,James,Taylor,1999-07-25,Female,Mississauga,Ontario,Canada,2022-07-14,Inactive
104528,John,Smith,1962-08-15,Female,Laval,Quebec,Canada,2009-08-22,Active
104529,Daniel,Garcia,1996-01-01,Male,Ottawa,Ontario,Canada,2018-08-17,Active
104530,Emily,Harris,1980-02-15,Male,Winnipeg,Manitoba,Canada,2016-12-06,Active
104531,James,Wilson,1970-04-14,Male,Montreal,Quebec,Canada,1991-03-28,Active
104532,John,Smith,2002-03-23,Male,Toronto,Ontario,Canada,2024-06-22,Active
104533,Olivia,Lee,1960-09-22,Female,Quebec City,Quebec,Canada,1997-12-20,Active
104534,Sophia,Anderson,1986-11-23,Male,Regina,Saskatchewan,Canada,2017-10-10,Active
104535,James,Anderson,1966-05-30,Female,Victoria,British Columbia,Canada,2026-02-19,Inactive
104536,Sarah,Martin,2004-03-05,Female,Ottawa,Ontario,Canada,2024-02-23,Active
104537,John,Thomas,1978-06-11,Male,Montreal,Quebec,Canada,2016-11-27,Active
104538,Olivia,Lewis,1980-06-27,Female,Laval,Quebec,Canada,2019-05-08,Active
104539,Emma,Thompson,1963-12-12,Female,Ottawa,Ontario,Canada,1989-06-18,Active
104540,Mia,Thomas,1945-05-03,Female,Vancouver,British Columbia,Canada,2025-03-09,Closed
104541,Emily,Taylor,2006-06-26,Female,Ottawa,Ontario,Canada,2025-09-11,Active
104542,Jessica,Clark,1972-03-21,Female,Quebec City,Quebec,Canada,2017-05-26,Active
104543,Mia,Harris,1985-08-20,Female,Quebec City,Quebec,Canada,2006-07-22,Active
104544,Jessica,Lewis,2000-11-27,Female,Montreal,Quebec,Canada,2021-04-22,Active
104545,Daniel,Thomas,1966-04-20,Male,Quebec City,Quebec,Canada,2024-01-30,Active
104546,Sophia,Smith,1946-02-15,Female,Vancouver,British Columbia,Canada,1995-06-03,Active
104547,Emily,Lewis,1993-03-07,Female,Hamilton,Ontario,Canada,2011-07-06,Active
104548,Emma,Taylor,1982-12-07,Male,Toronto,Ontario,Canada,2016-04-18,Active
104549,Sarah,Clark,1984-07-23,Male,Calgary,Alberta,Canada,2023-02-05,Active
104550,Mia,Thompson,1967-10-23,Male,Winnipeg,Manitoba,Canada,1989-03-02,Inactive
104551,James,Taylor,2001-03-23,Male,Toronto,Ontario,Canada,2020-08-21,Active
104552,James,Garcia,1969-06-05,Male,Brampton,Ontario,Canada,2006-09-24,Active
104553,John,Brown,1946-03-15,Male,Regina,Saskatchewan,Canada,1989-03-23,Active
104554,Emily,Thomas,1979-10-04,Female,Hamilton,Ontario,Canada,2000-09-19,Active
104555,Olivia,Thomas,1992-12-17,Female,Moncton,New Brunswick,Canada,2013-12-22,Active
104556,David,Martin,1969-12-05,Female,Calgary,Alberta,Canada,2007-09-14,Active
104557,Michael,Harris,1972-09-05,Male,Toronto,Ontario,Canada,2012-03-31,Active
104558,Emma,Martin,2001-12-20,Female,Hamilton,Ontario,Canada,2020-07-19,Active
104559,Sophia,White,1981-01-14,Male,Saint John,New Brunswick,Canada,2018-11-15,Closed
104560,Jessica,Garcia,1963-02-18,Male,Brampton,Ontario,Canada,1997-08-02,Inactive
104561,Sarah,Wilson,1966-10-03,Female,Laval,Quebec,Canada,2026-08-11,Active
104562,Daniel,Thompson,1991-11-01,Female,Toronto,Ontario,Canada,2025-11-25,Active
104563,James,Smith,1991-01-16,Female,Victoria,British Columbia,Canada,2019-12-11,Active
104564,Michael,Brown,1949-10-19,Female,Calgary,Alberta,Canada,1968-03-27,Active
104565,Mia,Thompson,1992-09-30,Female,Surrey,British Columbia,Canada,2012-10-06,Active
104566,William,Wilson,1964-12-20,Female,Toronto,Ontario,Canada,1994-12-14,Active
104567,Olivia,Garcia,1952-06-02,Female,Montreal,Quebec,Canada,1995-03-15,Inactive
104568,Olivia,Brown,1953-12-11,Male,Surrey,British Columbia,Canada,1992-04-14,Active
104569,Robert,Wilson,1999-08-03,Male,Mississauga,Ontario,Canada,2024-08-16,Active
104570,David,Lewis,1957-11-06,Female,Edmonton,Alberta,Canada,2005-10-31,Active
104571,Olivia,Wilson,1976-05-13,Female,Surrey,British Columbia,Canada,2003-12-10,Active
104572,John,Lewis,1979-07-25,Male,Hamilton,Ontario,Canada,2025-08-29,Active
104573,Sarah,Thomas,1975-06-02,Male,Halifax,Nova Scotia,Canada,2023-03-06,Active
104574,Mia,Garcia,1965-07-19,Male,Montreal,Quebec,Canada,2011-02-18,Active
104575,Olivia,Lee,1945-08-04,Male,Hamilton,Ontario,Canada,1977-05-20,Active
104576,Sophia,Brown,1947-01-26,Male,Toronto,Ontario,Canada,2020-02-15,Active
104577,John,Anderson,1974-04-23,Female,Hamilton,Ontario,Canada,2017-05-27,Active
104578,Michael,Harris,1998-05-24,Male,Hamilton,Ontario,Canada,2018-01-24,Active
104579,Robert,Clark,1997-02-08,Male,Mississauga,Ontario,Canada,2017-02-12,Active
104580,Robert,Wilson,1986-07-20,Male,Calgary,Alberta,Canada,2010-12-07,Active
104581,Michael,Wilson,1961-10-23,Female,Surrey,British Columbia,Canada,2009-04-26,Active
104582,Ava,Thomas,2004-03-06,Male,Brampton,Ontario,Canada,2026-02-27,Active
104583,Michael,Taylor,1968-02-13,Male,Surrey,British Columbia,Canada,1991-10-02,Active
104584,Olivia,Anderson,1994-06-06,Female,Vancouver,British Columbia,Canada,2012-07-02,Active
104585,Emily,Brown,1952-08-06,Female,Montreal,Quebec,Canada,2008-11-20,Active
104586,Jessica,Clark,1979-03-29,Male,Charlottetown,Prince Edward Island,Canada,2010-08-05,Active
104587,David,Garcia,1957-10-11,Female,Hamilton,Ontario,Canada,1979-10-02,Active
104588,Robert,Wilson,1973-01-01,Male,Hamilton,Ontario,Canada,2007-02-25,Inactive
104589,Jessica,Harris,1993-03-29,Female,Mississauga,Ontario,Canada,2011-11-08,Active
104590,Robert,Martin,2003-08-21,Male,Hamilton,Ontario,Canada,2026-05-25,Active
104591,Olivia,Martin,1948-04-07,Female,Laval,Quebec,Canada,2018-05-12,Active
104592,James,Lee,1970-09-17,Female,Hamilton,Ontario,Canada,2005-10-05,Active
104593,John,Martin,1948-07-16,Female,Laval,Quebec,Canada,2016-01-25,Active
104594,Olivia,Thompson,1978-04-30,Female,Winnipeg,Manitoba,Canada,2023-10-29,Active
104595,Jessica,Smith,2006-09-19,Male,Calgary,Alberta,Canada,2024-10-10,Closed
104596,James,Brown,1965-01-09,Female,Victoria,British Columbia,Canada,2008-07-26,Active
104597,Mia,Martin,1968-01-11,Male,Victoria,British Columbia,Canada,1995-01-19,Active
104598,James,Lewis,1961-09-05,Male,Vancouver,British Columbia,Canada,1993-10-09,Active
104599,Ava,Thomas,1997-05-18,Female,Montreal,Quebec,Canada,2022-07-19,Active
104600,Olivia,Martin,1997-04-09,Female,Quebec City,Quebec,Canada,2016-12-16,Active
104601,Ava,Taylor,1995-01-01,Female,Hamilton,Ontario,Canada,2025-07-23,Active
104602,Ava,Jackson,1959-07-24,Female,Hamilton,Ontario,Canada,2001-08-19,Active
104603,Robert,Garcia,1957-08-10,Female,Quebec City,Quebec,Canada,2020-01-06,Active
104604,Sophia,Martin,1953-01-27,Female,Laval,Quebec,Canada,1972-01-20,Active
104605,David,Brown,1955-12-03,Female,Toronto,Ontario,Canada,2015-08-31,Active
104606,Sarah,Lewis,1989-11-12,Female,Hamilton,Ontario,Canada,2014-03-02,Active
104607,David,Lewis,1978-07-06,Male,Red Deer,Alberta,Canada,2017-10-20,Active
104608,Sarah,White,1996-12-28,Female,Hamilton,Ontario,Canada,2021-02-04,Active
104609,Mia,Thomas,1985-06-11,Female,Montreal,Quebec,Canada,2016-10-19,Active
104610,Daniel,White,2002-06-12,Female,Ottawa,Ontario,Canada,2023-12-02,Closed
104611,John,Clark,1947-04-20,Male,Brampton,Ontario,Canada,1994-11-21,Active
104612,Robert,Jackson,1986-01-08,Male,Edmonton,Alberta,Canada,2014-01-27,Active
104613,Sophia,Smith,1951-06-13,Male,Hamilton,Ontario,Canada,2025-02-10,Active
104614,Sarah,Brown,1965-12-12,Male,Mississauga,Ontario,Canada,2025-02-15,Active
104615,Emily,Clark,1972-08-11,Female,St. John's,Newfoundland and Labrador,Canada,2011-10-19,Active
104616,Daniel,Garcia,1976-03-04,Male,Laval,Quebec,Canada,1998-12-27,Active
104617,Robert,Garcia,1957-04-16,Male,Surrey,British Columbia,Canada,1978-01-04,Inactive
104618,Emily,Brown,1955-09-26,Female,Vancouver,British Columbia,Canada,2026-07-14,Inactive
104619,Jessica,Wilson,1953-04-30,Male,Toronto,Ontario,Canada,1981-07-14,Active
104620,Mia,Thomas,1957-05-12,Male,Ottawa,Ontario,Canada,2010-10-31,Active
104621,Jessica,Taylor,1987-07-05,Female,Montreal,Quebec,Canada,2020-07-16,Active
104622,Ava,Thomas,2000-06-18,Female,Brampton,Ontario,Canada,2025-03-25,Active
104623,Emma,Harris,1965-06-28,Female,Toronto,Ontario,Canada,1996-09-19,Active
104624,John,Anderson,1997-06-23,Female,Victoria,British Columbia,Canada,2022-07-29,Active
104625,William,Brown,1995-05-14,Female,Toronto,Ontario,Canada,2019-06-06,Active
104626,William,Jackson,1961-07-29,Male,Mississauga,Ontario,Canada,1989-09-11,Active
104627,James,Thompson,1956-02-17,Female,Montreal,Quebec,Canada,2012-05-15,Inactive
104628,Michael,Martin,1967-12-19,Female,Laval,Quebec,Canada,2016-07-08,Active
104629,Sophia,Anderson,1951-05-06,Female,Surrey,British Columbia,Canada,1999-01-13,Active
104630,William,Anderson,2004-05-27,Male,Toronto,Ontario,Canada,2026-01-07,Active
104631,Michael,Harris,1995-02-21,Male,Surrey,British Columbia,Canada,2021-07-19,Active
104632,Robert,Wilson,1968-09-10,Male,Calgary,Alberta,Canada,2016-09-30,Active
104633,Robert,Clark,1976-02-14,Female,Quebec City,Quebec,Canada,2018-07-15,Active
104634,Michael,Lewis,1964-08-17,Female,Calgary,Alberta,Canada,2021-02-11,Active
104635,John,Smith,1944-03-01,Male,Ottawa,Ontario,Canada,2003-04-27,Active
104636,Sophia,Lee,1956-08-21,Female,Mississauga,Ontario,Canada,1977-12-10,Closed
104637,Emma,Smith,1947-01-24,Female,Mississauga,Ontario,Canada,2024-04-15,Active
104638,Sarah,Jackson,1969-09-06,Female,Laval,Quebec,Canada,2025-03-08,Active
104639,Jessica,Thompson,1970-04-09,Male,Edmonton,Alberta,Canada,2016-03-23,Active
104640,Mia,Anderson,1966-11-28,Female,Brampton,Ontario,Canada,2024-02-16,Active
104641,Emma,Taylor,1987-04-07,Female,Mississauga,Ontario,Canada,2009-09-04,Active
104642,James,Smith,1990-04-17,Female,Winnipeg,Manitoba,Canada,2024-10-09,Active
104643,Ava,Thompson,1978-10-01,Female,Hamilton,Ontario,Canada,2000-08-06,Active
104644,John,Smith,1965-11-10,Female,Vancouver,British Columbia,Canada,2011-02-22,Active
104645,James,White,1965-12-23,Male,Brampton,Ontario,Canada,2005-11-01,Inactive
104646,Daniel,Thomas,1972-11-15,Female,Halifax,Nova Scotia,Canada,2021-03-06,Active
104647,Sophia,Lee,1990-03-17,Male,Mississauga,Ontario,Canada,2018-01-20,Active
104648,John,Lewis,1964-03-30,Female,Vancouver,British Columbia,Canada,2009-02-11,Active
104649,Robert,Clark,1988-12-06,Female,Laval,Quebec,Canada,2013-03-07,Active
104650,David,Thompson,1964-02-14,Female,Moncton,New Brunswick,Canada,2004-01-18,Active
104651,William,Harris,1978-04-18,Female,Charlottetown,Prince Edward Island,Canada,2007-06-27,Active
104652,Ava,Thomas,1959-10-29,Male,Calgary,Alberta,Canada,2023-04-19,Active
104653,Robert,Wilson,1949-09-01,Male,Mississauga,Ontario,Canada,1999-10-05,Active
104654,David,Lee,1975-05-20,Female,Laval,Quebec,Canada,2000-04-16,Closed
104655,John,Thomas,1988-06-14,Male,Edmonton,Alberta,Canada,2007-05-13,Active
104656,Michael,Jackson,1971-01-11,Male,Vancouver,British Columbia,Canada,2021-01-29,Inactive
104657,John,Wilson,1993-01-14,Female,Winnipeg,Manitoba,Canada,2020-10-17,Active
104658,Emily,Anderson,1947-08-17,Male,Red Deer,Alberta,Canada,1992-07-07,Active
104659,Daniel,Martin,1946-11-19,Male,Mississauga,Ontario,Canada,1982-06-22,Inactive
104660,Sarah,Jackson,2002-08-16,Male,Brampton,Ontario,Canada,2022-05-22,Active
104661,Emma,Harris,1979-09-09,Female,Hamilton,Ontario,Canada,2015-09-13,Active
104662,Emily,Taylor,1965-12-22,Male,Vancouver,British Columbia,Canada,2005-08-01,Active
104663,Michael,Brown,1984-09-09,Female,Laval,Quebec,Canada,2015-06-23,Active
104664,William,Lewis,1991-09-22,Female,Hamilton,Ontario,Canada,2020-07-09,Active
104665,Robert,Jackson,1999-08-09,Male,Surrey,British Columbia,Canada,2026-01-03,Active
104666,Emma,Thomas,2001-02-19,Male,Hamilton,Ontario,Canada,2020-07-05,Active
104667,Robert,Anderson,1966-03-22,Male,Quebec City,Quebec,Canada,2010-12-06,Active
104668,Michael,Martin,1944-09-19,Female,Quebec City,Quebec,Canada,2010-10-02,Active
104669,Sophia,Harris,1969-09-09,Male,Montreal,Quebec,Canada,2006-10-05,Active
104670,Daniel,Thomas,1951-10-08,Male,Toronto,Ontario,Canada,1992-03-22,Active
104671,John,Lewis,1976-07-06,Male,Victoria,British Columbia,Canada,2011-06-14,Active
104672,Olivia,Lewis,1956-01-02,Male,Red Deer,Alberta,Canada,2011-01-23,Active
104673,David,Wilson,1986-04-02,Female,Surrey,British Columbia,Canada,2011-12-07,Active
104674,Mia,Martin,1999-10-22,Male,Halifax,Nova Scotia,Canada,2019-03-14,Active
104675,Emma,Lee,1956-08-18,Female,Brampton,Ontario,Canada,1978-12-23,Active
104676,William,White,1978-05-18,Male,Toronto,Ontario,Canada,1998-01-27,Active
104677,Emily,Smith,2004-04-21,Female,Toronto,Ontario,Canada,2026-03-31,Active
104678,Emily,Brown,1963-08-04,Female,Vancouver,British Columbia,Canada,1988-11-14,Active
104679,Jessica,Thompson,1993-11-17,Male,Brampton,Ontario,Canada,2021-08-22,Active
104680,John,Lewis,1946-10-12,Female,Regina,Saskatchewan,Canada,1975-12-14,Active
104681,Robert,Brown,1984-01-05,Female,Laval,Quebec,Canada,2014-12-16,Active
104682,Michael,Harris,1946-03-27,Female,Calgary,Alberta,Canada,2011-10-12,Active
104683,Olivia,White,1948-07-11,Female,Montreal,Quebec,Canada,1975-05-01,Active
104684,John,Anderson,1980-05-20,Female,Victoria,British Columbia,Canada,2012-04-24,Active
104685,Sarah,Martin,1998-12-19,Male,Quebec City,Quebec,Canada,2021-01-28,Inactive
104686,Olivia,Lewis,1988-04-18,Female,Montreal,Quebec,Canada,2021-11-10,Active
104687,Ava,Taylor,1970-01-02,Male,Calgary,Alberta,Canada,2009-11-25,Active
104688,Robert,Smith,1968-04-16,Female,Brampton,Ontario,Canada,2016-06-13,Active
104689,James,Thomas,1973-09-06,Female,Winnipeg,Manitoba,Canada,2012-03-22,Active
104690,Olivia,Anderson,1962-02-12,Female,Surrey,British Columbia,Canada,1991-07-14,Active
104691,James,Thompson,1945-01-07,Female,Surrey,British Columbia,Canada,1999-02-03,Active
104692,James,Harris,1994-10-24,Male,Mississauga,Ontario,Canada,2025-06-07,Active
104693,Ava,Smith,1977-05-15,Female,Ottawa,Ontario,Canada,2008-01-24,Active
104694,Emma,Thomas,1998-07-13,Male,Brampton,Ontario,Canada,2024-04-29,Closed
104695,Olivia,Garcia,1980-08-15,Female,Surrey,British Columbia,Canada,2017-04-14,Inactive
104696,Emma,White,1968-02-28,Female,Hamilton,Ontario,Canada,1989-08-14,Active
104697,John,Harris,1947-11-11,Male,Charlottetown,Prince Edward Island,Canada,1971-02-12,Inactive
104698,John,Taylor,1991-02-19,Female,Moncton,New Brunswick,Canada,2019-03-03,Active
104699,Robert,Anderson,1982-03-13,Male,Hamilton,Ontario,Canada,2005-05-05,Active
104700,James,Brown,1998-10-10,Female,Surrey,British Columbia,Canada,2020-11-09,Active
104701,Mia,Brown,1959-06-03,Female,Brampton,Ontario,Canada,1999-05-23,Active
104702,James,Smith,1967-12-23,Female,Ottawa,Ontario,Canada,2004-09-02,Active
104703,Emily,Martin,1959-03-21,Female,Brampton,Ontario,Canada,2013-02-04,Active
104704,Emma,Wilson,1954-02-15,Male,Edmonton,Alberta,Canada,1992-02-23,Active
104705,Sophia,Harris,2000-02-20,Male,Winnipeg,Manitoba,Canada,2019-01-04,Active
104706,David,Lee,1967-03-18,Male,Brampton,Ontario,Canada,2005-10-13,Active
104707,Sarah,Thompson,1944-04-27,Male,Mississauga,Ontario,Canada,2018-01-16,Active
104708,Emily,Harris,1947-12-02,Male,Montreal,Quebec,Canada,1987-07-10,Active
104709,Sophia,Brown,1965-05-27,Female,Quebec City,Quebec,Canada,2016-06-11,Active
104710,Daniel,White,1946-03-29,Female,Ottawa,Ontario,Canada,1993-02-18,Active
104711,Robert,Lewis,1999-12-07,Male,Calgary,Alberta,Canada,2019-08-17,Active
104712,Sophia,Thomas,1995-12-20,Female,Regina,Saskatchewan,Canada,2020-11-19,Active
104713,Mia,Clark,2001-02-05,Female,Montreal,Quebec,Canada,2022-09-28,Active
104714,Sarah,Thompson,1997-09-22,Male,Red Deer,Alberta,Canada,2023-09-20,Active
104715,James,Anderson,1947-02-04,Female,Vancouver,British Columbia,Canada,2007-05-31,Active
104716,Sarah,Wilson,1984-10-12,Male,Laval,Quebec,Canada,2006-05-25,Active
104717,Mia,Smith,1997-10-15,Female,Red Deer,Alberta,Canada,2016-05-29,Active
104718,Ava,Anderson,1997-12-21,Female,Quebec City,Quebec,Canada,2017-05-25,Active
104719,Daniel,Anderson,1972-12-13,Male,Laval,Quebec,Canada,2014-10-17,Active
104720,Michael,Martin,2002-12-08,Male,Hamilton,Ontario,Canada,2023-10-16,Inactive
104721,Emily,Harris,1954-07-25,Female,Vancouver,British Columbia,Canada,1992-12-27,Active
104722,Emma,White,1987-03-31,Male,Mississauga,Ontario,Canada,2015-06-03,Active
104723,Ava,Thompson,1960-10-20,Female,Toronto,Ontario,Canada,1978-10-30,Active
104724,James,Garcia,2001-06-07,Female,Laval,Quebec,Canada,2023-07-06,Active
104725,Robert,Thompson,2000-06-18,Male,Hamilton,Ontario,Canada,2019-10-15,Active
104726,Sarah,Lewis,2001-12-07,Female,Mississauga,Ontario,Canada,2024-01-23,Closed
104727,John,Thomas,1947-12-16,Female,Brampton,Ontario,Canada,1975-07-14,Active
104728,Mia,Clark,1961-04-16,Male,Red Deer,Alberta,Canada,1992-04-10,Active
104729,John,Jackson,1968-08-12,Female,Quebec City,Quebec,Canada,2024-06-07,Active
104730,Jessica,Wilson,2003-11-06,Male,Ottawa,Ontario,Canada,2024-12-20,Inactive
104731,Mia,Wilson,1985-11-11,Female,Edmonton,Alberta,Canada,2024-01-12,Active
104732,Olivia,Brown,2005-12-25,Male,Calgary,Alberta,Canada,2025-04-24,Active
104733,Sophia,Lee,1998-08-09,Male,Brampton,Ontario,Canada,2023-11-20,Active
104734,David,Wilson,1961-08-16,Female,Laval,Quebec,Canada,2002-12-13,Active
104735,Emma,Clark,1955-11-29,Female,Mississauga,Ontario,Canada,2007-02-19,Active
104736,Daniel,Garcia,1983-07-13,Male,Quebec City,Quebec,Canada,2016-06-16,Inactive
104737,James,Jackson,1993-05-09,Female,Victoria,British Columbia,Canada,2011-06-02,Active
104738,William,Lewis,1957-11-14,Female,Mississauga,Ontario,Canada,2006-12-18,Active
104739,William,Lewis,1986-04-13,Male,Quebec City,Quebec,Canada,2007-03-17,Active
104740,Sarah,Lewis,1968-10-21,Female,Brampton,Ontario,Canada,2011-05-25,Active
104741,David,White,1993-03-21,Female,Laval,Quebec,Canada,2013-01-24,Active
104742,Daniel,Anderson,1983-04-26,Female,Toronto,Ontario,Canada,2022-05-16,Active
104743,Daniel,Smith,1987-11-17,Female,Calgary,Alberta,Canada,2018-01-20,Active
104744,Robert,Clark,1946-05-11,Female,Laval,Quebec,Canada,1995-06-25,Active
104745,Olivia,Lewis,1997-02-09,Female,Brampton,Ontario,Canada,2025-12-10,Active
104746,Robert,Harris,1984-09-21,Female,Red Deer,Alberta,Canada,2025-04-03,Active
104747,Sophia,Brown,1956-08-27,Male,Hamilton,Ontario,Canada,1989-03-16,Active
104748,David,Clark,1974-08-15,Male,Quebec City,Quebec,Canada,2024-11-03,Active
104749,Emma,Anderson,1961-08-06,Female,Laval,Quebec,Canada,1999-07-09,Active
104750,William,Harris,1951-10-19,Female,Ottawa,Ontario,Canada,1988-11-13,Active
104751,James,Martin,1973-12-21,Male,Hamilton,Ontario,Canada,2024-08-23,Inactive
104752,Michael,Wilson,1987-02-17,Male,Mississauga,Ontario,Canada,2024-02-09,Active
104753,Emma,Smith,1993-06-20,Male,Vancouver,British Columbia,Canada,2024-06-13,Active
104754,Mia,Brown,2003-05-18,Female,Surrey,British Columbia,Canada,2023-08-09,Closed
104755,David,Lee,1983-08-07,Female,Hamilton,Ontario,Canada,2016-05-21,Active
104756,Jessica,Lee,1944-02-21,Female,Toronto,Ontario,Canada,2025-01-03,Closed
104757,Emily,Jackson,1969-01-30,Male,Winnipeg,Manitoba,Canada,1988-09-15,Active
104758,Michael,Jackson,1971-07-31,Female,Toronto,Ontario,Canada,2023-12-22,Active
104759,Daniel,Jackson,2005-11-09,Male,Hamilton,Ontario,Canada,2026-06-25,Active
104760,Olivia,Thomas,1951-12-12,Male,Surrey,British Columbia,Canada,1994-11-16,Active
104761,Ava,Harris,1999-09-10,Male,Mississauga,Ontario,Canada,2018-01-11,Active
104762,Emma,Thomas,1957-01-15,Female,Halifax,Nova Scotia,Canada,1993-01-29,Active
104763,John,Martin,1986-02-17,Female,Ottawa,Ontario,Canada,2006-07-08,Active
104764,David,Thomas,1974-12-21,Male,Red Deer,Alberta,Canada,2016-02-01,Active
104765,Daniel,Martin,2005-03-30,Male,Mississauga,Ontario,Canada,2024-06-16,Active
104766,Michael,Lee,1962-05-09,Female,Ottawa,Ontario,Canada,1997-05-17,Active
104767,Emily,Taylor,1973-12-19,Male,Mississauga,Ontario,Canada,2011-07-26,Active
104768,James,Smith,1984-11-23,Male,Moncton,New Brunswick,Canada,2018-08-04,Active
104769,John,White,1955-10-06,Male,Laval,Quebec,Canada,1980-08-26,Active
104770,James,Brown,1960-08-19,Male,Brampton,Ontario,Canada,1998-11-14,Active
104771,Robert,Taylor,1991-04-07,Male,Halifax,Nova Scotia,Canada,2010-11-24,Active
104772,Sophia,Garcia,1992-11-26,Female,Hamilton,Ontario,Canada,2018-10-24,Active
104773,Michael,Jackson,1986-06-21,Male,Brampton,Ontario,Canada,2011-10-29,Active
104774,Ava,Harris,1955-07-23,Male,Toronto,Ontario,Canada,1993-09-02,Active
104775,Robert,Garcia,1957-07-11,Female,Red Deer,Alberta,Canada,1984-10-15,Active
104776,James,Brown,2001-02-26,Male,Toronto,Ontario,Canada,2025-02-20,Active
104777,William,White,2000-09-16,Female,Hamilton,Ontario,Canada,2020-12-09,Active
104778,Sophia,Smith,1969-03-17,Male,Halifax,Nova Scotia,Canada,2010-12-08,Active
104779,John,White,1978-10-05,Female,Surrey,British Columbia,Canada,2016-01-21,Active
104780,John,Taylor,1947-06-30,Male,Mississauga,Ontario,Canada,2007-04-16,Active
104781,Emma,Lewis,1985-04-21,Female,Montreal,Quebec,Canada,2003-06-18,Active
104782,Emily,Taylor,1950-04-13,Female,Brampton,Ontario,Canada,2016-03-18,Active
104783,William,Taylor,1949-05-30,Female,Montreal,Quebec,Canada,2006-01-16,Active
104784,Sophia,Smith,1977-07-29,Female,Hamilton,Ontario,Canada,2020-04-30,Active
104785,Emma,Brown,1997-07-11,Male,Vancouver,British Columbia,Canada,2023-10-07,Active
104786,William,Taylor,2001-05-24,Male,Calgary,Alberta,Canada,2023-02-05,Active
104787,Emily,Taylor,1971-01-22,Female,Toronto,Ontario,Canada,2017-01-02,Active
104788,James,Garcia,1976-06-19,Female,Ottawa,Ontario,Canada,2002-08-26,Active
104789,Robert,Lewis,1978-04-15,Male,Mississauga,Ontario,Canada,2006-08-20,Active
104790,Emily,Clark,1972-05-12,Female,Edmonton,Alberta,Canada,2003-07-22,Active
104791,Michael,Lee,1989-06-04,Female,Red Deer,Alberta,Canada,2014-12-01,Active
104792,Ava,Lewis,1992-09-07,Female,Edmonton,Alberta,Canada,2019-07-04,Inactive
104793,Ava,Jackson,1973-04-17,Female,Saint John,New Brunswick,Canada,2017-04-23,Active
104794,David,Thomas,1958-04-15,Female,Calgary,Alberta,Canada,1988-04-25,Active
104795,William,Martin,1996-11-08,Male,Saint John,New Brunswick,Canada,2018-09-23,Inactive
104796,Michael,Anderson,1986-08-18,Female,Vancouver,British Columbia,Canada,2021-11-01,Active
104797,Sarah,Martin,1969-09-06,Male,Toronto,Ontario,Canada,2018-02-18,Active
104798,John,Lee,1957-10-01,Male,Victoria,British Columbia,Canada,1987-06-05,Inactive
104799,William,Wilson,1969-09-06,Female,Ottawa,Ontario,Canada,1991-09-17,Active
104800,Emily,Garcia,1997-04-03,Female,Mississauga,Ontario,Canada,2019-01-29,Active
104801,Jessica,Lee,1964-11-08,Male,Mississauga,Ontario,Canada,1988-01-25,Active
104802,Emily,Harris,1999-07-11,Female,Brampton,Ontario,Canada,2023-04-23,Active
104803,David,Thomas,1959-07-15,Male,Victoria,British Columbia,Canada,2012-12-01,Active
104804,Sophia,Taylor,1956-04-04,Male,Toronto,Ontario,Canada,2010-10-27,Active
104805,Olivia,Wilson,1948-02-11,Female,Mississauga,Ontario,Canada,1986-09-12,Active
104806,Sophia,Anderson,1953-01-16,Female,Regina,Saskatchewan,Canada,1992-12-28,Active
104807,Sarah,Garcia,1960-06-04,Female,Laval,Quebec,Canada,2001-10-27,Active
104808,Mia,White,1989-07-27,Male,Hamilton,Ontario,Canada,2021-12-31,Active
104809,William,Taylor,1977-05-07,Female,Brampton,Ontario,Canada,2025-02-22,Active
104810,Emma,Harris,1985-02-16,Male,Toronto,Ontario,Canada,2024-05-11,Inactive
104811,David,Clark,1950-03-03,Female,Winnipeg,Manitoba,Canada,1987-12-30,Active
104812,David,Smith,1983-03-01,Male,Hamilton,Ontario,Canada,2005-05-10,Active
104813,Sarah,Smith,1984-12-03,Female,Halifax,Nova Scotia,Canada,2004-02-28,Active
104814,Emily,Lee,1976-02-03,Male,Mississauga,Ontario,Canada,2023-12-05,Active
104815,Sophia,Garcia,1984-03-18,Male,Red Deer,Alberta,Canada,2025-04-07,Active
104816,Robert,Harris,1952-02-17,Male,Hamilton,Ontario,Canada,2000-07-20,Active
104817,Mia,Lewis,1975-03-17,Female,Quebec City,Quebec,Canada,1995-07-01,Active
104818,Robert,Harris,1989-04-29,Female,Toronto,Ontario,Canada,2016-01-03,Active
104819,Emily,White,1952-09-17,Female,Hamilton,Ontario,Canada,2011-02-21,Active
104820,Mia,Taylor,1954-03-24,Male,Charlottetown,Prince Edward Island,Canada,2015-07-21,Active
104821,Emily,Clark,1991-02-28,Male,Vancouver,British Columbia,Canada,2022-10-31,Active
104822,Olivia,Garcia,1978-03-14,Female,Toronto,Ontario,Canada,2020-02-02,Active
104823,Mia,Anderson,1958-01-27,Male,Edmonton,Alberta,Canada,1980-11-25,Active
104824,Ava,Garcia,1965-11-01,Female,Toronto,Ontario,Canada,2013-01-25,Active
104825,Sarah,Thompson,1999-06-25,Male,Saskatoon,Saskatchewan,Canada,2026-08-05,Active
104826,Daniel,Brown,1964-11-22,Female,Laval,Quebec,Canada,2000-10-09,Active
104827,Michael,Wilson,1966-08-10,Female,Toronto,Ontario,Canada,2006-03-09,Active
104828,Emily,Harris,1996-06-07,Male,Ottawa,Ontario,Canada,2017-09-13,Active
104829,Mia,Martin,1956-10-30,Male,Mississauga,Ontario,Canada,2016-05-15,Active
104830,Sarah,Martin,1972-09-27,Female,Saskatoon,Saskatchewan,Canada,2003-09-08,Active
104831,William,Thomas,1963-08-25,Male,Hamilton,Ontario,Canada,2026-02-07,Active
104832,John,Clark,1975-02-01,Female,Toronto,Ontario,Canada,2012-05-03,Active
104833,William,Jackson,1960-08-10,Female,Edmonton,Alberta,Canada,1995-01-05,Active
104834,David,Taylor,2000-06-17,Male,Toronto,Ontario,Canada,2023-02-01,Active
104835,Ava,Brown,1952-08-08,Female,Mississauga,Ontario,Canada,1972-11-01,Active
104836,Sarah,Lewis,1979-03-08,Male,Vancouver,British Columbia,Canada,2024-06-03,Active
104837,Michael,Thompson,1983-12-10,Female,Hamilton,Ontario,Canada,2013-04-05,Active
104838,John,Jackson,1994-06-25,Male,Edmonton,Alberta,Canada,2018-12-17,Active
104839,Emma,Taylor,1950-03-02,Female,Montreal,Quebec,Canada,1992-02-17,Active
104840,Mia,Brown,1998-05-12,Male,Toronto,Ontario,Canada,2023-03-26,Active
104841,Sophia,Wilson,1959-09-21,Male,Quebec City,Quebec,Canada,2015-12-11,Active
104842,John,Brown,1987-10-18,Male,Mississauga,Ontario,Canada,2019-07-28,Active
104843,John,White,1947-04-25,Male,Montreal,Quebec,Canada,1973-01-17,Active
104844,Michael,Wilson,1953-01-27,Female,Quebec City,Quebec,Canada,2011-10-01,Active
104845,Sophia,Brown,1977-06-09,Male,Red Deer,Alberta,Canada,2015-07-23,Active
104846,Sophia,Anderson,1951-07-07,Male,Laval,Quebec,Canada,2026-03-06,Active
104847,Emma,Thompson,1972-02-21,Male,Red Deer,Alberta,Canada,1999-11-07,Inactive
104848,John,White,1971-05-10,Male,Hamilton,Ontario,Canada,2019-04-13,Active
104849,Michael,Wilson,1973-11-15,Male,Saskatoon,Saskatchewan,Canada,2022-05-13,Inactive
104850,Mia,Garcia,1947-12-25,Male,Toronto,Ontario,Canada,1968-05-21,Active
104851,Mia,White,1990-03-06,Female,Calgary,Alberta,Canada,2025-02-13,Active
104852,Olivia,Wilson,1962-12-11,Female,Montreal,Quebec,Canada,2018-01-19,Active
104853,John,Thompson,1989-02-15,Female,Brampton,Ontario,Canada,2022-10-25,Active
104854,John,Lee,1957-02-18,Male,Toronto,Ontario,Canada,2026-08-29,Active
104855,James,Harris,1957-03-02,Female,Regina,Saskatchewan,Canada,1985-07-05,Active
104856,Olivia,Wilson,1946-06-08,Female,Edmonton,Alberta,Canada,1966-10-17,Active
104857,Emma,Anderson,1997-11-10,Female,Vancouver,British Columbia,Canada,2022-06-30,Active
104858,Jessica,Harris,1969-02-22,Male,Mississauga,Ontario,Canada,2010-09-29,Active
104859,David,Lee,1952-06-23,Male,Quebec City,Quebec,Canada,2018-08-01,Active
104860,Sophia,Lewis,1959-09-10,Male,Toronto,Ontario,Canada,2007-01-18,Closed
104861,James,Lewis,1952-08-23,Male,Victoria,British Columbia,Canada,1976-11-16,Active
104862,Emma,Clark,1950-06-03,Female,Ottawa,Ontario,Canada,1998-12-29,Closed
104863,Mia,Harris,1948-08-06,Male,Red Deer,Alberta,Canada,1989-10-13,Active
104864,Olivia,Martin,1990-01-03,Male,Victoria,British Columbia,Canada,2024-05-04,Active
104865,Mia,Garcia,1980-09-22,Male,Hamilton,Ontario,Canada,2018-06-08,Active
104866,Emily,Thompson,2001-06-29,Male,Vancouver,British Columbia,Canada,2025-05-02,Active
104867,Sarah,Martin,2005-06-03,Male,Ottawa,Ontario,Canada,2025-10-19,Active
104868,Robert,Wilson,1983-02-09,Male,Toronto,Ontario,Canada,2005-07-04,Active
104869,Mia,Lewis,1977-12-08,Female,Brampton,Ontario,Canada,2022-05-08,Active
104870,Olivia,Smith,2002-07-19,Male,Ottawa,Ontario,Canada,2021-03-06,Active
104871,Michael,Jackson,2003-06-02,Female,Ottawa,Ontario,Canada,2022-10-22,Active
104872,Ava,Jackson,1954-06-27,Female,Victoria,British Columbia,Canada,1981-07-06,Active
104873,James,Lee,1981-09-09,Female,Victoria,British Columbia,Canada,2002-02-10,Active
104874,Emily,Brown,1992-05-22,Female,Montreal,Quebec,Canada,2024-10-27,Closed
104875,Michael,White,1998-12-13,Male,St. John's,Newfoundland and Labrador,Canada,2018-04-01,Active
104876,Jessica,Thomas,1969-09-28,Female,Winnipeg,Manitoba,Canada,1991-07-28,Active
104877,Daniel,Brown,1984-02-25,Female,Mississauga,Ontario,Canada,2004-06-17,Closed
104878,Daniel,Taylor,1974-11-03,Male,Quebec City,Quebec,Canada,2014-09-12,Closed
104879,Olivia,Jackson,1983-08-20,Male,Winnipeg,Manitoba,Canada,2007-05-17,Active
104880,Sophia,Lewis,1985-11-06,Female,Toronto,Ontario,Canada,2019-06-10,Active
104881,William,Thomas,1980-10-03,Male,Brampton,Ontario,Canada,2006-02-23,Active
104882,Ava,Lewis,1993-05-13,Female,Halifax,Nova Scotia,Canada,2014-09-13,Active
104883,Sarah,Garcia,1948-08-10,Male,Edmonton,Alberta,Canada,1976-08-03,Active
104884,Michael,Clark,1947-10-08,Male,Edmonton,Alberta,Canada,1979-10-05,Active
104885,James,Clark,1996-07-15,Female,Winnipeg,Manitoba,Canada,2017-05-25,Active
104886,David,Thompson,1968-06-15,Female,Hamilton,Ontario,Canada,2020-01-22,Active
104887,Olivia,Garcia,1968-04-05,Female,Victoria,British Columbia,Canada,2007-10-08,Active
104888,Emily,Wilson,1992-03-11,Female,Red Deer,Alberta,Canada,2017-02-10,Active
104889,William,Thompson,1978-06-19,Female,Brampton,Ontario,Canada,2023-09-09,Active
104890,Sarah,Smith,1977-09-13,Male,Brampton,Ontario,Canada,2011-03-02,Active
104891,Emma,Garcia,2002-11-05,Female,Brampton,Ontario,Canada,2025-12-10,Active
104892,Emily,Martin,1965-07-11,Male,Victoria,British Columbia,Canada,2000-08-28,Active
104893,James,Garcia,1960-08-07,Male,Surrey,British Columbia,Canada,2025-10-08,Active
104894,James,Martin,1946-07-21,Female,Winnipeg,Manitoba,Canada,1975-12-07,Active
104895,Sarah,Thomas,2003-06-02,Male,Mississauga,Ontario,Canada,2024-02-14,Active
104896,Daniel,Thomas,1944-06-18,Female,Surrey,British Columbia,Canada,1990-08-31,Active
104897,Emma,Harris,1970-03-29,Male,Brampton,Ontario,Canada,2022-05-25,Active
104898,Emily,White,1970-10-13,Male,Regina,Saskatchewan,Canada,1998-12-26,Active
104899,Sophia,Thomas,2002-05-18,Male,Quebec City,Quebec,Canada,2022-07-15,Active
104900,Emily,White,1974-06-19,Female,Surrey,British Columbia,Canada,2002-09-24,Active
104901,William,Harris,1944-06-12,Female,Ottawa,Ontario,Canada,2002-04-18,Active
104902,Jessica,Taylor,1958-06-10,Male,Ottawa,Ontario,Canada,1986-07-28,Active
104903,Jessica,Martin,1976-03-06,Male,Brampton,Ontario,Canada,2009-09-03,Active
104904,Olivia,Anderson,1994-05-18,Male,Red Deer,Alberta,Canada,2021-04-30,Active
104905,Michael,Anderson,1947-06-22,Male,Ottawa,Ontario,Canada,1978-08-26,Active
104906,Jessica,Jackson,1989-07-30,Female,Edmonton,Alberta,Canada,2013-01-19,Active
104907,Robert,Brown,1954-12-09,Female,Toronto,Ontario,Canada,1980-06-21,Closed
104908,Sophia,Martin,1955-11-09,Male,Montreal,Quebec,Canada,1982-08-09,Active
104909,Sophia,Garcia,1952-12-03,Male,Toronto,Ontario,Canada,2022-05-28,Active
104910,Jessica,Lee,1955-11-04,Female,Brampton,Ontario,Canada,2016-07-18,Active
104911,Ava,Anderson,1982-10-03,Male,Montreal,Quebec,Canada,2005-10-08,Active
104912,Emily,Harris,1998-06-27,Male,Mississauga,Ontario,Canada,2022-05-08,Active
104913,James,White,1948-04-20,Female,Laval,Quebec,Canada,1972-09-06,Active
104914,Jessica,Thompson,2001-11-27,Male,Vancouver,British Columbia,Canada,2025-09-17,Active
104915,Sophia,Martin,1957-12-09,Male,Brampton,Ontario,Canada,2014-07-15,Active
104916,John,Clark,2006-01-10,Male,Montreal,Quebec,Canada,2026-02-02,Active
104917,John,Clark,1994-12-11,Female,Vancouver,British Columbia,Canada,2017-03-28,Active
104918,Robert,Brown,1987-03-30,Male,Toronto,Ontario,Canada,2013-03-17,Active
104919,Emma,Thomas,1974-12-10,Female,Ottawa,Ontario,Canada,2022-06-11,Active
104920,Sarah,Martin,2002-07-10,Male,Hamilton,Ontario,Canada,2023-12-22,Active
104921,Ava,Harris,1973-11-26,Male,Ottawa,Ontario,Canada,2012-02-17,Active
104922,Mia,White,1953-05-10,Female,Ottawa,Ontario,Canada,2025-12-12,Active
104923,Emily,Wilson,1964-10-21,Male,Montreal,Quebec,Canada,2018-11-12,Active
104924,Olivia,Harris,1953-10-23,Male,Hamilton,Ontario,Canada,1991-06-13,Active
104925,Robert,Garcia,1960-07-16,Male,Edmonton,Alberta,Canada,1980-12-14,Active
104926,John,Smith,1946-08-13,Female,Red Deer,Alberta,Canada,1979-06-24,Active
104927,William,Harris,1973-08-02,Male,Brampton,Ontario,Canada,2018-02-12,Active
104928,Emily,Lewis,1977-12-05,Female,Laval,Quebec,Canada,2000-12-10,Active
104929,Michael,Harris,1976-02-09,Male,Mississauga,Ontario,Canada,2004-01-06,Inactive
104930,David,Lee,1957-12-09,Male,Mississauga,Ontario,Canada,2023-08-14,Inactive
104931,James,Thomas,1960-09-27,Male,St. John's,Newfoundland and Labrador,Canada,1999-10-08,Active
104932,Sophia,Smith,1979-11-01,Male,Montreal,Quebec,Canada,2005-01-11,Active
104933,Mia,Thompson,1964-07-15,Female,Mississauga,Ontario,Canada,2006-09-21,Active
104934,Emma,Taylor,1944-06-25,Male,Calgary,Alberta,Canada,2022-01-08,Active
104935,William,Smith,1989-05-04,Female,Regina,Saskatchewan,Canada,2011-07-01,Active
104936,Emily,Wilson,1977-04-28,Male,Laval,Quebec,Canada,2013-11-14,Active
104937,Ava,Lee,1956-01-13,Female,Victoria,British Columbia,Canada,2015-11-11,Active
104938,Emily,Garcia,2000-01-01,Male,Edmonton,Alberta,Canada,2023-02-11,Active
104939,Robert,Anderson,1960-02-18,Female,Victoria,British Columbia,Canada,2020-11-08,Active
104940,William,Harris,1989-09-24,Male,Laval,Quebec,Canada,2015-04-23,Active
104941,Olivia,Thomas,1946-11-20,Female,Edmonton,Alberta,Canada,2013-10-23,Active
104942,Daniel,Wilson,1967-02-14,Female,Laval,Quebec,Canada,2001-07-28,Active
104943,Emma,Lee,1959-09-20,Female,Ottawa,Ontario,Canada,1980-08-28,Active
104944,Emma,Clark,1948-04-19,Male,Brampton,Ontario,Canada,1985-08-29,Active
104945,James,Thomas,1971-03-23,Female,Mississauga,Ontario,Canada,1994-08-01,Active
104946,Olivia,Thomas,1959-06-11,Male,Toronto,Ontario,Canada,2013-05-07,Active
104947,William,Clark,1959-10-11,Male,Brampton,Ontario,Canada,1997-05-20,Active
104948,Sarah,Jackson,1975-09-17,Male,Quebec City,Quebec,Canada,2018-01-21,Active
104949,David,Thomas,1999-02-13,Female,Halifax,Nova Scotia,Canada,2024-04-03,Active
104950,William,Thomas,1960-03-19,Male,Brampton,Ontario,Canada,2003-12-14,Active
104951,Robert,Jackson,1953-11-10,Female,Brampton,Ontario,Canada,2022-09-20,Active
104952,James,White,1992-11-29,Female,Calgary,Alberta,Canada,2017-12-25,Active
104953,Sophia,Smith,1970-03-20,Male,Quebec City,Quebec,Canada,2014-10-12,Active
104954,Michael,White,2002-12-01,Male,Calgary,Alberta,Canada,2024-07-27,Active
104955,William,Jackson,1988-09-10,Female,Montreal,Quebec,Canada,2020-11-21,Active
104956,Michael,Anderson,1955-02-06,Male,Victoria,British Columbia,Canada,1999-06-04,Active
104957,Michael,Thomas,1992-05-01,Male,Hamilton,Ontario,Canada,2017-04-26,Active
104958,William,Jackson,1944-05-08,Male,Toronto,Ontario,Canada,2015-05-11,Active
104959,Mia,Thomas,1972-10-04,Female,Surrey,British Columbia,Canada,2023-02-11,Active
104960,Ava,Lewis,1949-04-18,Male,Hamilton,Ontario,Canada,1971-02-28,Active
104961,William,White,1992-09-21,Male,Ottawa,Ontario,Canada,2026-04-24,Active
104962,Sarah,White,1994-07-31,Male,Toronto,Ontario,Canada,2025-04-17,Active
104963,Ava,Taylor,2003-03-02,Male,Victoria,British Columbia,Canada,2024-05-18,Active
104964,David,Lewis,1947-05-20,Female,Montreal,Quebec,Canada,1997-07-11,Active
104965,Ava,Smith,1997-05-19,Female,Surrey,British Columbia,Canada,2020-07-17,Active
104966,John,Harris,1991-01-07,Female,Surrey,British Columbia,Canada,2018-01-02,Active
104967,David,Wilson,1997-09-27,Female,Mississauga,Ontario,Canada,2017-08-30,Active
104968,William,Garcia,1969-07-12,Male,Winnipeg,Manitoba,Canada,2002-10-30,Active
104969,James,Thomas,1985-02-18,Female,Calgary,Alberta,Canada,2025-05-31,Active
104970,Emma,Anderson,1970-11-04,Female,Hamilton,Ontario,Canada,2008-12-22,Active
104971,Emma,Smith,1986-09-09,Female,Montreal,Quebec,Canada,2012-09-01,Active
104972,William,Garcia,1990-01-14,Female,Hamilton,Ontario,Canada,2012-02-21,Active
104973,Emma,Thomas,1962-06-19,Male,Winnipeg,Manitoba,Canada,2016-02-04,Active
104974,Sophia,Taylor,1964-02-29,Female,Toronto,Ontario,Canada,2004-04-17,Active
104975,Emma,Clark,2005-12-27,Male,Brampton,Ontario,Canada,2025-07-15,Active
104976,Emma,Smith,1995-01-23,Female,Regina,Saskatchewan,Canada,2018-06-24,Active
104977,Emily,White,1947-05-20,Male,Surrey,British Columbia,Canada,1967-07-08,Active
104978,John,Wilson,1949-12-11,Female,Brampton,Ontario,Canada,1985-03-16,Closed
104979,Mia,Brown,1993-12-24,Female,Vancouver,British Columbia,Canada,2020-09-04,Active
104980,Jessica,Smith,1989-04-11,Female,Edmonton,Alberta,Canada,2011-05-22,Active
104981,Mia,Wilson,1957-06-21,Male,Toronto,Ontario,Canada,2001-05-21,Active
104982,Ava,Lee,2000-12-06,Female,Montreal,Quebec,Canada,2025-08-01,Active
104983,Michael,Jackson,1945-02-03,Female,Surrey,British Columbia,Canada,1975-02-05,Active
104984,Daniel,Lee,1954-05-07,Female,Montreal,Quebec,Canada,2018-07-12,Active
104985,Michael,Anderson,1978-09-28,Female,Charlottetown,Prince Edward Island,Canada,2000-11-30,Active
104986,James,Garcia,1978-12-15,Female,Montreal,Quebec,Canada,2011-05-15,Active
104987,Ava,Brown,1957-07-04,Female,Vancouver,British Columbia,Canada,2008-09-20,Active
104988,Mia,Brown,1984-05-19,Male,Red Deer,Alberta,Canada,2008-01-01,Active
104989,Mia,Smith,1996-11-20,Male,Toronto,Ontario,Canada,2017-08-07,Active
104990,Mia,Lewis,1952-05-12,Female,Toronto,Ontario,Canada,1995-09-20,Active
104991,Jessica,Thompson,1993-06-11,Female,Saint John,New Brunswick,Canada,2011-10-03,Active
104992,Sarah,Garcia,1978-03-23,Male,Surrey,British Columbia,Canada,2024-05-27,Active
104993,Ava,Lewis,2000-10-06,Male,Mississauga,Ontario,Canada,2020-10-18,Inactive
104994,Emily,Anderson,1959-11-23,Male,Ottawa,Ontario,Canada,2015-11-28,Closed
104995,Jessica,Thompson,1987-03-08,Female,Ottawa,Ontario,Canada,2011-05-17,Active
104996,David,White,1991-06-23,Female,Mississauga,Ontario,Canada,2023-05-11,Active
104997,Sophia,Harris,1966-09-02,Female,Hamilton,Ontario,Canada,1992-05-23,Active
104998,Emma,Martin,1979-10-14,Male,Montreal,Quebec,Canada,2018-01-30,Active
104999,Olivia,White,1990-03-21,Male,Brampton,Ontario,Canada,2021-07-06,Inactive
105000,Sarah,Smith,1969-11-12,Female,Surrey,British Columbia,Canada,2015-12-16,Active
105001,Michael,Brown,1985-08-12,Male,Halifax,Nova Scotia,Canada,2004-11-12,Active
105002,James,White,1990-10-12,Male,Charlottetown,Prince Edward Island,Canada,2011-06-16,Active
105003,Jessica,Harris,1959-01-10,Male,Red Deer,Alberta,Canada,2020-03-24,Active
105004,Olivia,Thompson,1990-02-07,Female,Laval,Quebec,Canada,2014-07-16,Closed
105005,Sophia,Harris,1981-05-09,Male,Laval,Quebec,Canada,2021-04-10,Active
105006,Ava,Wilson,1957-04-05,Male,Montreal,Quebec,Canada,2018-01-10,Active
105007,Sarah,Thomas,1997-01-16,Male,Ottawa,Ontario,Canada,2023-02-07,Inactive
105008,Emma,Jackson,1945-08-12,Female,Calgary,Alberta,Canada,1974-10-15,Active
105009,Olivia,Lee,1982-04-14,Male,Victoria,British Columbia,Canada,2009-02-10,Active
105010,Robert,White,1959-08-23,Male,Vancouver,British Columbia,Canada,1981-04-29,Active
105011,Emma,Martin,1988-09-01,Male,Toronto,Ontario,Canada,2006-10-13,Active
105012,James,Garcia,1999-08-09,Male,Mississauga,Ontario,Canada,2025-04-10,Active
105013,Emily,Thomas,1985-12-08,Female,Winnipeg,Manitoba,Canada,2014-10-09,Active
105014,Ava,Lee,1968-12-31,Female,Mississauga,Ontario,Canada,2017-12-20,Inactive
105015,Jessica,Thompson,1984-04-22,Male,Brampton,Ontario,Canada,2006-02-12,Active
105016,Ava,Clark,1956-09-09,Female,Surrey,British Columbia,Canada,1982-11-28,Active
105017,James,Garcia,1949-05-01,Male,Victoria,British Columbia,Canada,2000-10-04,Active
105018,Sarah,Martin,1967-03-28,Female,Ottawa,Ontario,Canada,2007-02-12,Closed
105019,Sophia,Smith,1982-09-06,Male,Ottawa,Ontario,Canada,2011-06-05,Active
105020,Jessica,Harris,1968-02-20,Male,Calgary,Alberta,Canada,1987-10-30,Closed
105021,Mia,Brown,1951-01-17,Female,Regina,Saskatchewan,Canada,1984-03-20,Active
105022,Daniel,Martin,1972-08-09,Female,Montreal,Quebec,Canada,1995-12-17,Active
105023,Olivia,Thompson,1998-10-28,Female,Calgary,Alberta,Canada,2018-06-16,Active
105024,Daniel,Harris,1972-05-08,Female,Hamilton,Ontario,Canada,1999-09-10,Active
105025,Mia,Anderson,1972-12-20,Female,Vancouver,British Columbia,Canada,2014-10-07,Active
105026,John,Smith,1962-10-12,Female,Quebec City,Quebec,Canada,2013-01-31,Active
105027,David,Thompson,1974-01-08,Male,Edmonton,Alberta,Canada,2019-10-23,Active
105028,John,Thompson,1962-11-13,Male,Calgary,Alberta,Canada,1994-11-01,Active
105029,Olivia,White,2004-04-20,Female,Toronto,Ontario,Canada,2024-08-29,Active
105030,David,Thompson,1994-05-21,Female,Toronto,Ontario,Canada,2023-12-17,Active
105031,Robert,Garcia,1988-03-12,Female,Red Deer,Alberta,Canada,2016-03-04,Active
105032,Emma,White,1985-10-08,Male,Mississauga,Ontario,Canada,2004-04-21,Active
105033,William,Smith,1964-06-27,Male,Surrey,British Columbia,Canada,2004-06-04,Active
105034,Michael,Lewis,1986-10-20,Male,Montreal,Quebec,Canada,2004-11-23,Active
105035,James,White,2004-07-27,Female,Mississauga,Ontario,Canada,2024-02-26,Active
105036,David,Thompson,1956-01-01,Male,Vancouver,British Columbia,Canada,1989-10-15,Active
105037,Mia,Lewis,1998-03-21,Female,Montreal,Quebec,Canada,2025-10-12,Active
105038,Emily,Thomas,2006-06-27,Male,Red Deer,Alberta,Canada,2026-01-29,Active
105039,Ava,Martin,1947-11-29,Male,Mississauga,Ontario,Canada,2005-12-04,Active
105040,David,Smith,1949-06-23,Female,Toronto,Ontario,Canada,2023-10-19,Active
105041,William,Lewis,1974-08-27,Male,Mississauga,Ontario,Canada,2024-09-13,Active
105042,Michael,Smith,1986-12-31,Female,Toronto,Ontario,Canada,2011-11-01,Closed
105043,William,Harris,1976-11-03,Male,Vancouver,British Columbia,Canada,2012-05-23,Active
105044,Emily,Thomas,1990-11-01,Female,Ottawa,Ontario,Canada,2018-10-07,Inactive
105045,Emma,Smith,1995-10-29,Female,Ottawa,Ontario,Canada,2014-02-16,Active
105046,William,Jackson,1960-10-30,Female,St. John's,Newfoundland and Labrador,Canada,1980-10-21,Inactive
105047,Sophia,Lee,1976-10-27,Male,Brampton,Ontario,Canada,2005-08-13,Active
105048,Jessica,Wilson,1948-11-08,Male,Ottawa,Ontario,Canada,1966-12-05,Active
105049,Robert,Anderson,1951-06-14,Female,Winnipeg,Manitoba,Canada,2008-12-05,Active
105050,Mia,Wilson,1990-06-16,Female,Vancouver,British Columbia,Canada,2008-09-28,Active
105051,Daniel,Brown,2000-07-01,Female,Mississauga,Ontario,Canada,2020-05-09,Active
105052,Michael,Taylor,1979-08-19,Female,Saint John,New Brunswick,Canada,2000-06-16,Active
105053,Ava,Harris,1989-12-07,Female,Montreal,Quebec,Canada,2017-04-19,Active
105054,Mia,Garcia,2004-11-01,Female,Ottawa,Ontario,Canada,2026-03-09,Active
105055,James,Thompson,1948-11-26,Female,Mississauga,Ontario,Canada,1970-02-20,Active
105056,Mia,Garcia,1989-11-04,Female,Halifax,Nova Scotia,Canada,2019-12-01,Active
105057,Ava,Thompson,1983-04-09,Female,Mississauga,Ontario,Canada,2015-01-13,Closed
105058,Emma,Thomas,2002-07-27,Female,Red Deer,Alberta,Canada,2026-01-17,Active
105059,David,Lewis,1962-12-28,Female,Ottawa,Ontario,Canada,2008-03-14,Active
105060,Jessica,Wilson,1983-12-17,Male,Mississauga,Ontario,Canada,2022-08-03,Active
105061,Emily,Thompson,1997-01-26,Male,Red Deer,Alberta,Canada,2023-02-01,Active
105062,Jessica,Brown,1975-05-17,Female,Charlottetown,Prince Edward Island,Canada,2018-11-05,Active
105063,Jessica,Garcia,1961-01-07,Female,Toronto,Ontario,Canada,2002-02-28,Active
105064,Jessica,Brown,2003-07-09,Male,Ottawa,Ontario,Canada,2023-05-04,Active
105065,Sarah,Taylor,1953-11-13,Female,Vancouver,British Columbia,Canada,1999-12-02,Active
105066,Olivia,Thomas,1995-08-03,Female,Quebec City,Quebec,Canada,2015-05-05,Active
105067,Sarah,Thompson,1996-10-22,Female,Quebec City,Quebec,Canada,2023-04-02,Active
105068,James,Smith,1946-03-17,Female,Hamilton,Ontario,Canada,1970-08-31,Active
105069,James,Taylor,1966-02-27,Male,Halifax,Nova Scotia,Canada,2023-10-23,Active
105070,Ava,Thomas,1980-09-24,Male,Mississauga,Ontario,Canada,1999-06-06,Active
105071,Mia,Thompson,1950-05-31,Male,Toronto,Ontario,Canada,1974-12-16,Inactive
105072,Emily,Lee,1953-05-31,Female,Hamilton,Ontario,Canada,1981-03-26,Active
105073,Michael,Martin,1964-11-02,Male,Mississauga,Ontario,Canada,1990-11-18,Active
105074,Sophia,White,2003-09-22,Female,Montreal,Quebec,Canada,2021-10-26,Inactive
105075,Michael,Thomas,1970-12-18,Female,Toronto,Ontario,Canada,2026-02-05,Active
105076,William,Clark,1986-07-31,Female,Vancouver,British Columbia,Canada,2019-10-09,Active
105077,Robert,Brown,1982-02-24,Female,Brampton,Ontario,Canada,2008-02-11,Inactive
105078,James,Brown,1972-06-07,Female,Brampton,Ontario,Canada,2004-07-09,Active
105079,Emma,Taylor,1949-05-26,Female,Winnipeg,Manitoba,Canada,1980-10-28,Active
105080,Sarah,Anderson,2004-06-21,Male,Laval,Quebec,Canada,2024-09-07,Active
105081,Robert,Jackson,1977-11-02,Male,Hamilton,Ontario,Canada,2008-01-18,Closed
105082,Sarah,Lee,1965-03-10,Female,Toronto,Ontario,Canada,2004-01-03,Active
105083,James,Martin,1971-11-25,Male,Quebec City,Quebec,Canada,2004-08-07,Active
105084,Daniel,Thomas,1971-12-25,Female,Calgary,Alberta,Canada,2000-05-18,Active
105085,Sarah,Taylor,2005-09-04,Male,Surrey,British Columbia,Canada,2025-03-08,Active
105086,William,Martin,1969-02-20,Female,Calgary,Alberta,Canada,1991-08-31,Active
105087,Emma,Taylor,2006-01-26,Male,Brampton,Ontario,Canada,2025-07-07,Inactive
105088,David,Lee,1952-04-22,Female,Saint John,New Brunswick,Canada,2000-11-13,Active
105089,Michael,White,1956-08-24,Male,Mississauga,Ontario,Canada,1980-11-18,Active
105090,Sarah,Harris,1953-06-11,Female,Hamilton,Ontario,Canada,2019-02-21,Closed
105091,Mia,Lewis,2003-08-24,Male,Laval,Quebec,Canada,2026-06-03,Active
105092,William,Anderson,1981-03-26,Female,Brampton,Ontario,Canada,2019-10-19,Active
105093,James,White,1974-12-03,Male,Laval,Quebec,Canada,2024-12-14,Active
105094,Ava,White,1948-05-18,Female,Hamilton,Ontario,Canada,2022-07-14,Inactive
105095,Daniel,Anderson,1954-06-27,Female,Surrey,British Columbia,Canada,2012-07-13,Closed
105096,Michael,Smith,2002-08-29,Female,Edmonton,Alberta,Canada,2022-10-19,Active
105097,Jessica,Anderson,2004-09-13,Female,Surrey,British Columbia,Canada,2023-07-12,Active
105098,Robert,Brown,1964-08-22,Female,Laval,Quebec,Canada,2019-11-15,Active
105099,Ava,Thompson,1988-10-16,Female,Ottawa,Ontario,Canada,2016-06-25,Active
105100,Robert,Smith,1964-03-21,Male,Red Deer,Alberta,Canada,2014-05-02,Active
105101,Emily,Anderson,2004-09-20,Female,Laval,Quebec,Canada,2026-03-27,Active
105102,Emily,Lewis,1952-10-19,Male,Montreal,Quebec,Canada,2023-06-25,Active
105103,David,Harris,1949-09-12,Female,Brampton,Ontario,Canada,2007-12-21,Active
105104,Sarah,Thompson,1966-02-09,Male,Hamilton,Ontario,Canada,1996-05-09,Active
105105,John,Thompson,1955-03-23,Male,Mississauga,Ontario,Canada,1977-08-04,Active
105106,Jessica,Anderson,1987-07-18,Female,Vancouver,British Columbia,Canada,2022-07-09,Inactive
105107,Sophia,Martin,2001-10-09,Male,Calgary,Alberta,Canada,2019-12-08,Active
105108,Ava,Taylor,2004-04-24,Male,Charlottetown,Prince Edward Island,Canada,2024-07-10,Active
105109,Robert,Martin,2005-11-20,Male,Quebec City,Quebec,Canada,2024-09-13,Active
105110,Robert,Thompson,1956-02-18,Female,Quebec City,Quebec,Canada,1997-01-28,Active
105111,Emily,Lewis,1947-04-04,Male,Calgary,Alberta,Canada,2019-03-18,Active
105112,Olivia,Lewis,1955-03-10,Male,Brampton,Ontario,Canada,1998-02-04,Inactive
105113,Ava,Smith,1991-10-11,Female,Quebec City,Quebec,Canada,2012-04-11,Active
105114,James,Anderson,1952-10-03,Female,Vancouver,British Columbia,Canada,1994-12-10,Active
105115,David,Harris,1987-01-29,Male,Hamilton,Ontario,Canada,2007-04-05,Active
105116,David,Anderson,1980-02-29,Female,Toronto,Ontario,Canada,2023-03-01,Active
105117,David,Martin,1993-10-09,Male,Ottawa,Ontario,Canada,2012-05-10,Active
105118,Daniel,Clark,1951-05-14,Female,Montreal,Quebec,Canada,2023-06-25,Active
105119,Mia,Taylor,1971-08-31,Male,Mississauga,Ontario,Canada,1997-11-11,Active
105120,James,Lewis,1949-07-20,Male,Brampton,Ontario,Canada,2006-09-28,Active
105121,Emma,Lewis,1945-05-26,Male,Hamilton,Ontario,Canada,2019-04-07,Active
105122,Jessica,Lewis,1990-11-13,Female,Red Deer,Alberta,Canada,2012-04-19,Active
105123,Jessica,Brown,1978-10-18,Male,Winnipeg,Manitoba,Canada,2024-07-31,Active
105124,Olivia,Anderson,1993-12-20,Female,Winnipeg,Manitoba,Canada,2018-02-23,Active
105125,John,Brown,1948-12-12,Male,Edmonton,Alberta,Canada,1997-05-25,Inactive
105126,Sophia,Brown,1963-10-26,Female,Toronto,Ontario,Canada,1997-10-06,Active
105127,David,Smith,1952-08-15,Female,Toronto,Ontario,Canada,2025-11-29,Active
105128,Sarah,Jackson,1980-08-19,Male,Laval,Quebec,Canada,2017-06-10,Active
105129,Olivia,Brown,1979-06-05,Male,Laval,Quebec,Canada,2007-11-26,Active
105130,Jessica,Anderson,1990-10-08,Male,Vancouver,British Columbia,Canada,2010-01-10,Closed
105131,Robert,Lee,1949-08-20,Female,Toronto,Ontario,Canada,2020-04-25,Active
105132,William,Lewis,1947-01-31,Male,Saskatoon,Saskatchewan,Canada,2005-05-14,Active
105133,Sarah,Lee,1997-11-07,Female,Hamilton,Ontario,Canada,2017-03-18,Active
105134,James,Smith,1983-12-27,Female,Laval,Quebec,Canada,2013-07-04,Active
105135,Olivia,Martin,1951-06-14,Female,Calgary,Alberta,Canada,1984-08-07,Active
105136,John,Martin,1962-01-11,Female,Laval,Quebec,Canada,1992-03-14,Active
105137,Daniel,Brown,1969-10-05,Male,Calgary,Alberta,Canada,2006-05-27,Active
105138,Jessica,Lewis,1969-10-10,Male,Vancouver,British Columbia,Canada,1990-03-30,Active
105139,John,Jackson,1990-03-12,Female,Edmonton,Alberta,Canada,2012-09-26,Active
105140,Ava,Lee,1966-06-11,Male,Red Deer,Alberta,Canada,1986-09-06,Active
105141,William,Brown,1981-08-07,Female,Brampton,Ontario,Canada,2025-01-15,Active
105142,James,Martin,1989-04-03,Female,Ottawa,Ontario,Canada,2024-07-28,Active
105143,Jessica,Brown,1950-05-25,Male,Calgary,Alberta,Canada,1977-11-16,Active
105144,Emily,Lee,1973-07-14,Male,Montreal,Quebec,Canada,2011-10-18,Active
105145,Jessica,Martin,1960-01-22,Male,Vancouver,British Columbia,Canada,1988-12-21,Inactive
105146,Sophia,Brown,1991-11-19,Male,Quebec City,Quebec,Canada,2019-02-21,Inactive
105147,Sarah,Taylor,1952-04-09,Female,Toronto,Ontario,Canada,1996-01-04,Closed
105148,Emma,Thomas,1963-11-05,Female,Quebec City,Quebec,Canada,1982-08-18,Active
105149,William,Smith,1983-01-24,Male,Saint John,New Brunswick,Canada,2021-05-17,Active
105150,Emily,Smith,1978-02-06,Female,Mississauga,Ontario,Canada,2019-09-01,Active
105151,Michael,Lewis,1946-06-22,Male,Mississauga,Ontario,Canada,1968-03-14,Active
105152,Jessica,Lee,2001-02-20,Female,Toronto,Ontario,Canada,2020-09-21,Closed
105153,David,Harris,1948-11-11,Female,Montreal,Quebec,Canada,1973-09-22,Active
105154,Olivia,Lewis,1971-08-07,Male,Toronto,Ontario,Canada,2003-10-23,Active
105155,Emma,Martin,1947-10-20,Female,Vancouver,British Columbia,Canada,1993-01-19,Active
105156,Emma,Smith,1980-04-22,Female,Mississauga,Ontario,Canada,2016-08-23,Active
105157,Mia,Thompson,1966-05-08,Male,Brampton,Ontario,Canada,2011-02-20,Active
105158,John,Smith,1986-03-29,Male,Ottawa,Ontario,Canada,2007-04-04,Active
105159,Michael,Clark,1983-07-06,Female,Brampton,Ontario,Canada,2013-07-28,Active
105160,Mia,Thomas,2001-06-23,Male,Calgary,Alberta,Canada,2025-03-15,Inactive
105161,William,Wilson,1946-11-07,Male,Winnipeg,Manitoba,Canada,2019-10-23,Active
105162,James,Taylor,1984-01-29,Male,Edmonton,Alberta,Canada,2022-08-13,Active
105163,Robert,Thompson,1965-06-07,Female,Edmonton,Alberta,Canada,1996-05-11,Active
105164,Emma,Clark,1982-07-31,Male,Toronto,Ontario,Canada,2014-02-17,Active
105165,William,Harris,2004-08-04,Female,Winnipeg,Manitoba,Canada,2023-03-06,Active
105166,John,Wilson,1996-07-06,Male,Montreal,Quebec,Canada,2018-12-14,Active
105167,Olivia,Lewis,2005-04-23,Male,Red Deer,Alberta,Canada,2024-04-01,Active
105168,Michael,Garcia,2006-06-26,Female,Vancouver,British Columbia,Canada,2025-01-12,Active
105169,William,Jackson,1993-01-22,Male,Brampton,Ontario,Canada,2024-10-04,Active
105170,James,Harris,2000-08-19,Female,Mississauga,Ontario,Canada,2024-06-12,Active
105171,Jessica,Lee,1987-03-28,Male,Mississauga,Ontario,Canada,2023-06-17,Closed
105172,Daniel,Thomas,1951-11-13,Female,Laval,Quebec,Canada,1989-03-18,Active
105173,Mia,Smith,2000-04-24,Male,Laval,Quebec,Canada,2021-08-13,Active
105174,William,Wilson,1986-08-13,Female,St. John's,Newfoundland and Labrador,Canada,2022-06-19,Inactive
105175,David,Martin,1998-06-18,Male,Ottawa,Ontario,Canada,2016-11-22,Active
105176,Michael,Lee,1964-09-12,Female,Montreal,Quebec,Canada,2014-11-26,Active
105177,David,Garcia,1980-12-08,Male,Laval,Quebec,Canada,2017-10-15,Active
105178,Daniel,Martin,1970-02-10,Male,Toronto,Ontario,Canada,2001-09-19,Active
105179,John,Anderson,1944-09-28,Female,Brampton,Ontario,Canada,2022-12-24,Active
105180,Daniel,Jackson,1984-08-28,Male,Quebec City,Quebec,Canada,2008-02-25,Active
105181,Emma,Smith,1963-02-04,Male,Quebec City,Quebec,Canada,1996-06-15,Inactive
105182,Sophia,Thomas,1953-02-21,Female,Mississauga,Ontario,Canada,1991-01-02,Active
105183,Jessica,Martin,1957-04-13,Female,Toronto,Ontario,Canada,1994-02-28,Active
105184,Mia,Lewis,1987-08-22,Female,Hamilton,Ontario,Canada,2012-11-01,Active
105185,Sophia,Lewis,1988-12-01,Female,Calgary,Alberta,Canada,2016-04-27,Active
105186,Jessica,Clark,1962-06-28,Male,Edmonton,Alberta,Canada,2024-08-30,Active
105187,Emma,Smith,1965-06-22,Male,Mississauga,Ontario,Canada,2004-05-05,Active
105188,John,Clark,1995-08-12,Female,Victoria,British Columbia,Canada,2021-10-20,Active
105189,Emma,Taylor,1973-11-14,Male,Regina,Saskatchewan,Canada,2015-02-08,Active
105190,Robert,Martin,1967-06-02,Male,Mississauga,Ontario,Canada,2012-07-16,Active
105191,Olivia,Lee,1997-11-16,Male,Brampton,Ontario,Canada,2019-06-14,Inactive
105192,Mia,Lewis,1947-02-23,Male,Ottawa,Ontario,Canada,1982-08-04,Inactive
105193,Sarah,Martin,1986-10-02,Male,Mississauga,Ontario,Canada,2012-09-30,Active
105194,John,Anderson,1981-09-21,Male,Calgary,Alberta,Canada,2009-07-15,Active
105195,William,White,1969-01-17,Female,Edmonton,Alberta,Canada,2019-09-26,Inactive
105196,Daniel,Thompson,1991-03-28,Female,Laval,Quebec,Canada,2017-05-12,Active
105197,Ava,White,1961-08-16,Female,Hamilton,Ontario,Canada,2023-06-13,Active
105198,Ava,Jackson,1982-11-07,Male,Calgary,Alberta,Canada,2026-01-24,Inactive
105199,Emily,Jackson,1960-03-20,Male,Ottawa,Ontario,Canada,2011-02-22,Active
105200,Ava,Harris,1993-01-23,Female,Brampton,Ontario,Canada,2021-06-24,Active
105201,Daniel,Smith,1970-04-23,Male,Ottawa,Ontario,Canada,1993-02-05,Active
105202,Daniel,Lee,1994-08-29,Male,Edmonton,Alberta,Canada,2014-10-26,Active
105203,Emma,Brown,1980-07-30,Female,Vancouver,British Columbia,Canada,2018-07-16,Active
105204,Olivia,Lee,1946-08-30,Female,Victoria,British Columbia,Canada,2026-02-07,Active
105205,Sarah,Smith,1982-10-16,Male,Vancouver,British Columbia,Canada,2021-08-01,Active
105206,Daniel,White,1944-02-12,Female,Brampton,Ontario,Canada,1979-07-02,Closed
105207,Olivia,Jackson,1990-03-12,Female,Hamilton,Ontario,Canada,2020-09-21,Active
105208,Sophia,Harris,1958-02-17,Female,Calgary,Alberta,Canada,2007-07-20,Active
105209,Sarah,Jackson,2005-11-20,Male,Saskatoon,Saskatchewan,Canada,2024-01-14,Active
105210,James,Lewis,1958-02-26,Female,Laval,Quebec,Canada,2020-05-11,Active
105211,John,Smith,1972-08-03,Female,Mississauga,Ontario,Canada,2003-02-06,Active
105212,Michael,Lee,1979-06-20,Male,Saint John,New Brunswick,Canada,2015-06-13,Active
105213,Daniel,Thompson,1952-12-26,Female,Toronto,Ontario,Canada,1989-11-04,Active
105214,Jessica,Garcia,1958-06-07,Female,Ottawa,Ontario,Canada,2022-12-11,Active
105215,Emma,Wilson,2005-04-02,Male,Toronto,Ontario,Canada,2024-11-06,Active
105216,David,Smith,1966-12-26,Male,Mississauga,Ontario,Canada,2020-05-02,Active
105217,Sophia,Thomas,1992-08-08,Male,Vancouver,British Columbia,Canada,2025-09-13,Active
105218,Jessica,Anderson,1972-07-31,Female,Surrey,British Columbia,Canada,1991-11-04,Active
105219,James,Garcia,1957-05-20,Male,Brampton,Ontario,Canada,1997-01-04,Active
105220,William,Lewis,1981-11-07,Female,Hamilton,Ontario,Canada,2018-04-08,Active
105221,Robert,Jackson,1952-09-26,Male,Quebec City,Quebec,Canada,2017-11-14,Inactive
105222,Mia,Garcia,2006-10-18,Female,Montreal,Quebec,Canada,2026-02-22,Active
105223,Mia,Smith,1986-07-25,Female,Mississauga,Ontario,Canada,2019-02-20,Active
105224,Emma,Garcia,1987-05-18,Female,Ottawa,Ontario,Canada,2013-04-17,Active
105225,Sarah,Brown,1945-08-19,Female,Edmonton,Alberta,Canada,1973-12-29,Active
105226,Sarah,Thompson,1960-09-29,Male,St. John's,Newfoundland and Labrador,Canada,2022-05-01,Active
105227,Robert,Thomas,1968-05-10,Male,Ottawa,Ontario,Canada,1988-02-18,Active
105228,Sophia,Jackson,1966-02-06,Female,Surrey,British Columbia,Canada,2018-03-11,Active
105229,John,Anderson,1951-03-02,Male,Red Deer,Alberta,Canada,1971-03-18,Active
105230,Robert,Jackson,1946-10-01,Female,Ottawa,Ontario,Canada,1987-06-24,Active
105231,Michael,Lewis,1981-07-10,Female,Winnipeg,Manitoba,Canada,2022-11-07,Inactive
105232,Sarah,Clark,1970-06-06,Female,Quebec City,Quebec,Canada,1996-12-16,Closed
105233,Robert,Thomas,1959-02-01,Male,Laval,Quebec,Canada,1990-03-07,Active
105234,Michael,Anderson,1981-02-11,Female,Montreal,Quebec,Canada,2004-12-20,Active
105235,William,White,2006-06-02,Male,Ottawa,Ontario,Canada,2025-12-13,Active
105236,Emma,Thompson,2003-10-25,Female,Red Deer,Alberta,Canada,2022-11-19,Active
105237,Emily,Wilson,1999-04-17,Female,Surrey,British Columbia,Canada,2023-10-31,Active
105238,Emma,Thompson,1960-11-17,Female,Hamilton,Ontario,Canada,2007-01-13,Active
105239,Mia,Lee,1954-09-20,Female,Montreal,Quebec,Canada,2020-11-23,Active
105240,Mia,Clark,1959-05-05,Male,Halifax,Nova Scotia,Canada,2009-01-17,Inactive
105241,William,Harris,1963-07-17,Female,Winnipeg,Manitoba,Canada,1999-09-15,Active
105242,Mia,Anderson,1945-01-31,Female,Victoria,British Columbia,Canada,1972-07-19,Active
105243,Mia,Anderson,1963-10-12,Male,Toronto,Ontario,Canada,2001-09-06,Closed
105244,Ava,Garcia,1980-03-15,Female,Brampton,Ontario,Canada,2013-10-25,Active
105245,William,Jackson,1959-09-29,Female,Brampton,Ontario,Canada,2023-05-18,Active
105246,David,Brown,2006-09-27,Female,Edmonton,Alberta,Canada,2025-03-22,Active
105247,Emily,Thompson,1997-06-24,Female,Edmonton,Alberta,Canada,2019-10-04,Active
105248,Mia,Wilson,1967-05-19,Male,Regina,Saskatchewan,Canada,2022-12-19,Active
105249,Mia,Lee,1969-12-21,Female,Mississauga,Ontario,Canada,2023-07-01,Active
105250,Emily,Jackson,1975-05-13,Male,Saint John,New Brunswick,Canada,2021-11-18,Active
105251,Michael,Thomas,1964-11-24,Female,Moncton,New Brunswick,Canada,1990-09-29,Active
105252,Daniel,Smith,1947-09-02,Male,Vancouver,British Columbia,Canada,1972-09-21,Active
105253,Olivia,Wilson,1968-03-16,Female,Winnipeg,Manitoba,Canada,2001-05-31,Active
105254,Emily,Lee,1979-12-24,Male,Quebec City,Quebec,Canada,2005-03-20,Active
105255,William,Harris,1960-01-13,Male,Toronto,Ontario,Canada,1993-04-09,Active
105256,William,Lewis,1957-03-26,Male,Toronto,Ontario,Canada,2023-10-24,Closed
105257,James,Lee,1976-10-26,Female,Toronto,Ontario,Canada,2011-12-15,Active
105258,Robert,Smith,1944-12-21,Male,Brampton,Ontario,Canada,1982-01-05,Active
105259,Olivia,Thomas,1990-08-13,Male,Vancouver,British Columbia,Canada,2021-10-04,Active
105260,David,Clark,1987-01-30,Male,Toronto,Ontario,Canada,2022-09-09,Active
105261,Ava,White,2004-10-30,Male,Brampton,Ontario,Canada,2024-06-26,Active
105262,John,White,1953-04-22,Female,Brampton,Ontario,Canada,1974-02-05,Inactive
105263,Emily,Harris,1994-04-15,Male,Victoria,British Columbia,Canada,2018-12-31,Active
105264,Sarah,Thompson,1950-05-16,Male,Regina,Saskatchewan,Canada,1990-12-23,Active
105265,Emma,Lee,1992-06-20,Male,Laval,Quebec,Canada,2013-07-17,Active
105266,Mia,Lewis,1958-05-17,Male,Red Deer,Alberta,Canada,2007-04-18,Active
105267,Emily,Martin,1995-10-05,Male,Moncton,New Brunswick,Canada,2023-04-05,Active
105268,Jessica,Harris,1952-08-30,Male,Surrey,British Columbia,Canada,1993-01-14,Active
105269,Olivia,Thomas,1995-02-05,Male,Surrey,British Columbia,Canada,2018-04-14,Active
105270,Sarah,Brown,1983-03-29,Male,Victoria,British Columbia,Canada,2021-05-05,Active
105271,Michael,Thompson,1946-11-14,Male,Moncton,New Brunswick,Canada,1975-11-27,Active
105272,Daniel,Smith,1960-10-28,Female,Brampton,Ontario,Canada,2025-09-15,Active
105273,David,Thompson,1973-12-17,Male,Red Deer,Alberta,Canada,2006-07-02,Active
105274,Daniel,White,1986-04-10,Female,Montreal,Quebec,Canada,2015-10-10,Active
105275,Jessica,Garcia,1990-04-15,Female,Hamilton,Ontario,Canada,2019-02-26,Inactive
105276,David,Lee,1978-05-25,Female,Surrey,British Columbia,Canada,2010-06-06,Active
105277,David,Harris,1987-07-15,Male,Calgary,Alberta,Canada,2006-07-25,Active
105278,Emma,Harris,1966-04-12,Female,Edmonton,Alberta,Canada,2014-02-21,Active
105279,William,White,1964-08-04,Female,Regina,Saskatchewan,Canada,2022-01-24,Active
105280,Michael,Thomas,1956-03-10,Female,Surrey,British Columbia,Canada,2013-09-28,Active
105281,Olivia,Brown,1986-01-05,Female,Montreal,Quebec,Canada,2019-08-07,Active
105282,Olivia,Smith,1986-05-20,Male,Saskatoon,Saskatchewan,Canada,2005-09-18,Active
105283,Emma,Thompson,2001-07-19,Female,Ottawa,Ontario,Canada,2025-02-20,Active
105284,Sophia,Lewis,1977-01-14,Female,Toronto,Ontario,Canada,2008-11-16,Active
105285,Ava,Smith,1982-09-07,Male,Laval,Quebec,Canada,2008-08-02,Active
105286,Emily,Anderson,1989-05-31,Male,Laval,Quebec,Canada,2017-01-12,Active
105287,Robert,Martin,1998-12-12,Female,Victoria,British Columbia,Canada,2019-03-02,Active
105288,Emma,Thompson,1975-11-20,Male,Red Deer,Alberta,Canada,2003-12-18,Active
105289,David,Garcia,1991-01-20,Female,Toronto,Ontario,Canada,2023-05-03,Active
105290,Robert,Thompson,1994-07-13,Male,Red Deer,Alberta,Canada,2023-04-06,Inactive
105291,Emma,Brown,1980-09-19,Female,Vancouver,British Columbia,Canada,2014-05-12,Active
105292,Mia,Taylor,1978-08-20,Male,Halifax,Nova Scotia,Canada,2023-04-10,Active
105293,William,White,1986-01-06,Female,Toronto,Ontario,Canada,2007-07-21,Active
105294,Olivia,Smith,1995-03-29,Female,Vancouver,British Columbia,Canada,2024-08-03,Active
105295,Mia,Thomas,1979-02-11,Female,Calgary,Alberta,Canada,2011-03-17,Active
105296,Sophia,Thomas,1978-08-19,Male,Montreal,Quebec,Canada,2015-09-01,Active
105297,James,Lee,1957-09-18,Male,Hamilton,Ontario,Canada,2018-05-11,Active
105298,Jessica,Anderson,2004-08-03,Male,Toronto,Ontario,Canada,2025-10-29,Active
105299,Michael,Lee,1947-08-05,Male,Ottawa,Ontario,Canada,2026-02-07,Active
105300,Emma,Thompson,1997-10-01,Female,Montreal,Quebec,Canada,2018-04-15,Active
105301,John,Thompson,1968-02-25,Male,Victoria,British Columbia,Canada,1993-01-03,Active
105302,Ava,Clark,1960-01-04,Male,Quebec City,Quebec,Canada,1979-04-05,Active
105303,Michael,Clark,1958-04-11,Female,Surrey,British Columbia,Canada,2010-03-05,Active
105304,Daniel,Taylor,1989-11-15,Male,Toronto,Ontario,Canada,2017-07-09,Active
105305,David,Jackson,1962-03-30,Male,Hamilton,Ontario,Canada,2011-02-28,Active
105306,Emma,White,1952-04-25,Female,Edmonton,Alberta,Canada,1993-06-01,Active
105307,William,Lee,1973-01-06,Male,Calgary,Alberta,Canada,2003-06-19,Active
105308,Sophia,Smith,2001-05-26,Female,Victoria,British Columbia,Canada,2025-10-21,Active
105309,John,White,1998-09-23,Female,Victoria,British Columbia,Canada,2018-07-14,Active
105310,Daniel,Taylor,1965-10-08,Male,Moncton,New Brunswick,Canada,2017-08-14,Inactive
105311,Mia,Taylor,1984-09-16,Female,Halifax,Nova Scotia,Canada,2005-04-03,Active
105312,Mia,Garcia,1974-01-29,Female,Vancouver,British Columbia,Canada,2005-04-14,Active
105313,David,Taylor,1969-02-02,Male,Ottawa,Ontario,Canada,1988-12-19,Inactive
105314,William,Garcia,1945-04-18,Female,Toronto,Ontario,Canada,1964-05-25,Active
105315,Daniel,Lee,1953-10-23,Male,Victoria,British Columbia,Canada,1973-10-05,Active
105316,Emily,Garcia,1998-08-29,Female,Quebec City,Quebec,Canada,2019-05-30,Active
105317,Emily,Wilson,2004-08-31,Female,Mississauga,Ontario,Canada,2026-06-10,Active
105318,John,Wilson,2003-09-22,Male,Brampton,Ontario,Canada,2023-07-04,Inactive
105319,Sophia,Jackson,2004-03-19,Male,Saskatoon,Saskatchewan,Canada,2024-12-12,Inactive
105320,David,Harris,1973-08-22,Male,Toronto,Ontario,Canada,2015-04-24,Active
105321,Robert,Garcia,1948-02-23,Female,Red Deer,Alberta,Canada,2019-02-21,Active
105322,Emma,Jackson,1955-11-02,Female,Winnipeg,Manitoba,Canada,2021-07-22,Active
105323,Olivia,Wilson,1994-01-19,Male,Surrey,British Columbia,Canada,2012-08-11,Active
105324,William,Lee,1987-09-16,Male,Mississauga,Ontario,Canada,2010-05-04,Active
105325,Mia,Lewis,2006-04-15,Female,Red Deer,Alberta,Canada,2026-02-11,Active
105326,William,Martin,1962-09-16,Male,Surrey,British Columbia,Canada,2016-10-29,Active
105327,Emily,Thompson,1969-02-12,Male,Mississauga,Ontario,Canada,2025-11-28,Active
105328,David,Lee,2004-06-24,Male,Victoria,British Columbia,Canada,2025-07-12,Active
105329,Michael,White,2001-08-15,Female,Hamilton,Ontario,Canada,2023-05-25,Active
105330,Sarah,Wilson,1963-08-09,Male,Victoria,British Columbia,Canada,1997-07-08,Active
105331,Emily,Martin,2004-04-24,Female,Winnipeg,Manitoba,Canada,2024-05-12,Active
105332,Emma,Jackson,1980-04-08,Female,Quebec City,Quebec,Canada,1998-09-22,Active
105333,William,Garcia,2006-07-17,Male,Halifax,Nova Scotia,Canada,2025-12-30,Active
105334,Mia,Garcia,1947-02-11,Female,Quebec City,Quebec,Canada,1967-02-16,Inactive
105335,Jessica,White,1980-04-13,Male,Calgary,Alberta,Canada,2016-09-02,Active
105336,John,Thomas,2006-05-11,Male,Edmonton,Alberta,Canada,2025-10-15,Active
105337,Sophia,Jackson,2004-08-17,Female,Hamilton,Ontario,Canada,2026-08-09,Active
105338,Emily,Martin,1980-04-19,Male,Regina,Saskatchewan,Canada,2022-04-30,Active
105339,William,Martin,1946-09-01,Female,Saskatoon,Saskatchewan,Canada,2009-11-15,Active
105340,Sarah,White,2005-06-11,Female,Mississauga,Ontario,Canada,2025-06-24,Active
105341,Robert,White,1953-12-17,Male,Red Deer,Alberta,Canada,1988-03-15,Active
105342,Jessica,Lee,1962-12-11,Female,Ottawa,Ontario,Canada,2016-04-26,Active
105343,Emily,Taylor,1999-03-20,Female,Hamilton,Ontario,Canada,2022-06-12,Active
105344,Daniel,Wilson,1977-03-18,Male,Toronto,Ontario,Canada,2011-01-10,Active
105345,Robert,Garcia,1960-03-29,Female,Quebec City,Quebec,Canada,2008-04-29,Active
105346,William,Lee,1945-02-27,Female,Toronto,Ontario,Canada,1979-11-07,Active
105347,Sarah,Martin,1955-06-20,Male,Ottawa,Ontario,Canada,1987-04-27,Active
105348,Sarah,Jackson,1992-07-24,Male,Halifax,Nova Scotia,Canada,2011-03-14,Closed
105349,Robert,Thomas,1989-02-25,Male,Quebec City,Quebec,Canada,2014-09-14,Active
105350,Emily,White,1954-06-28,Male,Edmonton,Alberta,Canada,2016-10-08,Active
105351,David,Smith,2000-10-07,Male,Hamilton,Ontario,Canada,2019-06-08,Closed
105352,Sarah,White,1970-10-18,Female,Hamilton,Ontario,Canada,2006-10-03,Active
105353,John,Anderson,1988-01-22,Female,Calgary,Alberta,Canada,2023-07-30,Active
105354,Sarah,Taylor,1986-03-19,Female,Hamilton,Ontario,Canada,2023-11-22,Active
105355,Sophia,Harris,1951-04-10,Male,Laval,Quebec,Canada,2022-09-24,Active
105356,Emma,Lee,1949-03-04,Male,Charlottetown,Prince Edward Island,Canada,1989-03-12,Active
105357,Olivia,Taylor,1982-08-16,Male,Toronto,Ontario,Canada,2009-05-15,Active
105358,Sophia,Lewis,1993-05-15,Male,Laval,Quebec,Canada,2015-08-04,Active
105359,James,White,2003-02-26,Female,Vancouver,British Columbia,Canada,2023-06-11,Active
105360,William,Lee,1994-10-07,Male,Ottawa,Ontario,Canada,2022-01-14,Active
105361,Jessica,Thomas,1980-12-12,Female,Victoria,British Columbia,Canada,2017-10-10,Active
105362,Emma,Lee,1977-06-21,Male,Laval,Quebec,Canada,2014-04-28,Active
105363,Emily,Martin,1969-06-18,Female,Mississauga,Ontario,Canada,2005-08-15,Active
105364,Emma,Thompson,1982-02-10,Female,Montreal,Quebec,Canada,2018-10-24,Active
105365,Robert,Harris,2004-05-06,Female,Laval,Quebec,Canada,2023-10-28,Closed
105366,Michael,Jackson,1949-12-07,Female,Vancouver,British Columbia,Canada,1973-04-12,Active
105367,John,White,1974-02-22,Female,Saskatoon,Saskatchewan,Canada,2025-05-05,Active
105368,Emily,Clark,1972-04-10,Female,Calgary,Alberta,Canada,1993-04-22,Inactive
105369,Jessica,Garcia,1963-02-28,Male,Hamilton,Ontario,Canada,2019-11-12,Active
105370,Robert,Smith,1996-12-28,Male,Moncton,New Brunswick,Canada,2021-08-27,Active
105371,Sophia,Thompson,1978-06-15,Female,Calgary,Alberta,Canada,2026-02-26,Active
105372,Sophia,Clark,1949-08-17,Male,Toronto,Ontario,Canada,1999-12-30,Active
105373,William,Garcia,1987-11-01,Female,Toronto,Ontario,Canada,2006-12-07,Active
105374,David,White,2006-04-16,Male,Ottawa,Ontario,Canada,2024-07-05,Active
105375,Sophia,Thomas,1955-11-02,Female,Toronto,Ontario,Canada,1978-05-25,Active
105376,Olivia,Thompson,1974-08-12,Male,Laval,Quebec,Canada,2007-04-06,Active
105377,Michael,Martin,1959-02-18,Female,Mississauga,Ontario,Canada,2014-09-29,Active
105378,David,Thomas,1944-10-21,Male,Moncton,New Brunswick,Canada,2003-04-08,Active
105379,Sarah,Jackson,1971-02-17,Male,Laval,Quebec,Canada,2019-09-10,Active
105380,Sarah,Thomas,1965-05-31,Female,Mississauga,Ontario,Canada,2006-11-09,Active
105381,Michael,Smith,2000-10-28,Male,Moncton,New Brunswick,Canada,2019-10-20,Active
105382,Ava,Smith,1975-07-16,Male,Laval,Quebec,Canada,1999-09-19,Inactive
105383,William,Brown,1983-09-25,Female,Ottawa,Ontario,Canada,2005-09-23,Active
105384,William,Jackson,2004-06-01,Female,Ottawa,Ontario,Canada,2026-05-11,Active
105385,James,White,1977-05-19,Male,Surrey,British Columbia,Canada,2020-06-21,Active
105386,Mia,Jackson,1988-06-06,Female,Laval,Quebec,Canada,2007-02-15,Active
105387,David,Lee,1977-01-30,Male,Surrey,British Columbia,Canada,2001-12-11,Inactive
105388,Ava,Taylor,1980-08-09,Male,Calgary,Alberta,Canada,2006-04-02,Active
105389,Sarah,Thomas,1957-02-24,Female,Vancouver,British Columbia,Canada,2011-11-25,Active
105390,Mia,Taylor,2004-11-21,Male,Calgary,Alberta,Canada,2023-02-22,Inactive
105391,Michael,Anderson,1963-04-18,Male,Victoria,British Columbia,Canada,2025-10-04,Active
105392,Michael,Harris,1962-08-01,Male,Victoria,British Columbia,Canada,1993-08-22,Active
105393,Emma,Anderson,1965-04-16,Female,Brampton,Ontario,Canada,2020-04-12,Inactive
105394,Emma,Anderson,1967-12-03,Female,Montreal,Quebec,Canada,2013-11-04,Active
105395,Emily,Thompson,1966-03-11,Male,Laval,Quebec,Canada,2000-05-09,Active
105396,James,Clark,1992-05-25,Female,Laval,Quebec,Canada,2010-10-13,Active
105397,Ava,Taylor,1989-07-16,Female,Toronto,Ontario,Canada,2018-01-27,Active
105398,William,Brown,1981-06-14,Male,Vancouver,British Columbia,Canada,2000-07-03,Active
105399,Ava,Taylor,1962-11-02,Female,Brampton,Ontario,Canada,2013-09-25,Active
105400,Mia,Harris,1957-10-18,Male,Quebec City,Quebec,Canada,1986-04-08,Active
105401,Emma,Lee,1986-12-28,Male,Toronto,Ontario,Canada,2025-08-03,Closed
105402,Olivia,Wilson,1991-04-26,Male,Winnipeg,Manitoba,Canada,2009-10-18,Active
105403,Olivia,Smith,1969-04-28,Male,Mississauga,Ontario,Canada,2001-01-16,Active
105404,Sarah,White,1960-10-31,Female,Surrey,British Columbia,Canada,1997-06-28,Active
105405,James,Lee,1972-09-16,Female,Victoria,British Columbia,Canada,2018-05-03,Active
105406,William,Harris,1979-03-18,Female,Hamilton,Ontario,Canada,2003-12-28,Active
105407,Olivia,Lewis,1947-09-13,Male,Calgary,Alberta,Canada,2013-03-28,Active
105408,Emma,Martin,1997-12-10,Male,Saskatoon,Saskatchewan,Canada,2019-05-25,Active
105409,Emily,Smith,1989-03-24,Male,Red Deer,Alberta,Canada,2008-10-23,Active
105410,Olivia,Jackson,1961-05-01,Male,Halifax,Nova Scotia,Canada,2018-12-17,Active
105411,James,Garcia,1996-06-13,Female,Montreal,Quebec,Canada,2016-10-18,Active
105412,Sarah,White,1991-12-15,Female,Regina,Saskatchewan,Canada,2017-03-06,Active
105413,Sarah,Wilson,1975-11-21,Female,Winnipeg,Manitoba,Canada,2013-09-28,Active
105414,Mia,Wilson,1998-04-07,Female,Edmonton,Alberta,Canada,2016-06-03,Active
105415,Robert,Martin,1956-11-15,Male,Red Deer,Alberta,Canada,2008-05-23,Active
105416,David,Jackson,1963-12-24,Male,Surrey,British Columbia,Canada,2006-06-01,Active
105417,William,Harris,2006-10-09,Male,Laval,Quebec,Canada,2026-03-30,Active
105418,Michael,Thomas,1956-05-21,Female,Montreal,Quebec,Canada,1980-02-07,Active
105419,Emily,Thomas,1997-09-29,Male,Laval,Quebec,Canada,2025-05-09,Active
105420,Jessica,Martin,1998-07-17,Male,Surrey,British Columbia,Canada,2017-02-21,Active
105421,Emma,Smith,1967-11-12,Female,Ottawa,Ontario,Canada,2024-02-29,Active
105422,Ava,Jackson,1973-05-20,Male,Victoria,British Columbia,Canada,2002-12-06,Active
105423,John,Thomas,2003-01-24,Female,Quebec City,Quebec,Canada,2021-06-21,Inactive
105424,David,Garcia,1963-08-13,Male,Mississauga,Ontario,Canada,1993-11-15,Active
105425,Robert,Thompson,1967-05-14,Female,Hamilton,Ontario,Canada,2005-10-30,Active
105426,David,Jackson,1944-08-26,Male,Mississauga,Ontario,Canada,1969-10-19,Active
105427,Emma,Taylor,1966-07-06,Female,Victoria,British Columbia,Canada,1997-02-09,Active
105428,Michael,Taylor,1956-03-22,Female,Ottawa,Ontario,Canada,1989-11-14,Active
105429,James,Taylor,1956-11-08,Male,Ottawa,Ontario,Canada,1983-05-02,Active
105430,Emma,Anderson,1976-04-19,Female,Mississauga,Ontario,Canada,2009-12-19,Active
105431,Ava,Garcia,1992-07-26,Female,Brampton,Ontario,Canada,2010-12-16,Active
105432,David,Smith,1996-03-23,Female,Ottawa,Ontario,Canada,2017-05-07,Active
105433,Robert,Smith,1967-08-14,Female,Brampton,Ontario,Canada,1991-07-08,Active
105434,Sarah,Harris,1975-08-24,Female,Surrey,British Columbia,Canada,1994-09-17,Active
105435,Sarah,Taylor,1948-11-02,Male,Victoria,British Columbia,Canada,1995-08-23,Active
105436,Ava,Clark,1961-06-01,Male,Halifax,Nova Scotia,Canada,2021-08-04,Inactive
105437,Daniel,Garcia,1963-08-21,Male,Mississauga,Ontario,Canada,1997-05-22,Active
105438,James,Garcia,2002-07-15,Female,Hamilton,Ontario,Canada,2024-07-12,Active
105439,Daniel,Jackson,1997-07-16,Female,Toronto,Ontario,Canada,2017-03-12,Active
105440,Emily,Jackson,1967-04-06,Female,Vancouver,British Columbia,Canada,2014-07-09,Active
105441,Sarah,Jackson,1954-11-12,Male,Brampton,Ontario,Canada,2009-06-26,Active
105442,Sarah,Wilson,1954-04-05,Female,Hamilton,Ontario,Canada,1994-06-18,Active
105443,Mia,Harris,1976-04-06,Female,Quebec City,Quebec,Canada,2003-01-25,Active
105444,Emma,Clark,2003-07-23,Male,Brampton,Ontario,Canada,2024-06-26,Active
105445,David,Taylor,1981-09-20,Female,Laval,Quebec,Canada,2016-01-03,Active
105446,William,Smith,1968-12-22,Male,Surrey,British Columbia,Canada,2014-11-16,Active
105447,Olivia,Harris,1996-03-12,Female,Calgary,Alberta,Canada,2016-09-07,Active
105448,Daniel,Thomas,1974-05-23,Male,Hamilton,Ontario,Canada,2004-08-13,Active
105449,Daniel,Garcia,1957-09-20,Female,Toronto,Ontario,Canada,2017-10-02,Active
105450,Michael,Clark,1996-04-12,Male,Laval,Quebec,Canada,2024-07-29,Active
105451,David,Lee,2001-06-14,Male,Toronto,Ontario,Canada,2025-04-24,Active
105452,Sophia,Thomas,1962-02-16,Female,Mississauga,Ontario,Canada,2016-01-27,Active
105453,Emma,Lewis,2005-10-15,Female,Quebec City,Quebec,Canada,2024-01-10,Active
105454,Sophia,Brown,1977-04-23,Male,Hamilton,Ontario,Canada,2004-04-23,Active
105455,Robert,Thomas,1959-03-10,Male,Hamilton,Ontario,Canada,1991-03-07,Active
105456,Michael,Taylor,1998-07-30,Female,Victoria,British Columbia,Canada,2019-12-08,Active
105457,Michael,Lewis,1952-11-15,Female,Red Deer,Alberta,Canada,1998-01-28,Active
105458,William,Martin,1960-02-19,Male,Hamilton,Ontario,Canada,1987-01-23,Inactive
105459,Sarah,Thomas,1967-02-11,Male,Quebec City,Quebec,Canada,2017-11-11,Active
105460,Mia,Wilson,2000-05-04,Male,St. John's,Newfoundland and Labrador,Canada,2022-07-10,Active
105461,Mia,Garcia,2003-10-24,Female,Hamilton,Ontario,Canada,2022-03-20,Active
105462,James,Martin,1956-01-24,Female,Victoria,British Columbia,Canada,2016-09-27,Active
105463,Olivia,Clark,1945-01-02,Female,Brampton,Ontario,Canada,1982-11-18,Active
105464,Robert,Jackson,1997-10-29,Male,Regina,Saskatchewan,Canada,2021-12-09,Active
105465,Michael,Wilson,1977-08-20,Female,Toronto,Ontario,Canada,2008-08-18,Active
105466,Emily,Thomas,1968-10-15,Male,Toronto,Ontario,Canada,2000-12-06,Active
105467,James,Martin,1944-07-03,Female,Moncton,New Brunswick,Canada,1983-10-12,Active
105468,William,Taylor,1978-07-14,Male,Surrey,British Columbia,Canada,2008-11-23,Active
105469,Emily,Brown,1952-06-12,Male,Toronto,Ontario,Canada,1974-04-15,Inactive
105470,Robert,Clark,1978-09-27,Male,Calgary,Alberta,Canada,2017-06-19,Active
105471,Emily,White,1953-07-31,Male,Winnipeg,Manitoba,Canada,2007-04-08,Active
105472,Daniel,Thomas,1956-11-28,Male,Montreal,Quebec,Canada,2001-07-11,Active
105473,Sophia,Harris,1951-12-07,Female,Brampton,Ontario,Canada,2020-03-24,Active
105474,Michael,Garcia,1954-11-24,Female,Toronto,Ontario,Canada,2002-08-13,Active
105475,James,Smith,1988-02-15,Female,Halifax,Nova Scotia,Canada,2014-02-10,Active
105476,Sarah,Jackson,1988-10-26,Female,Brampton,Ontario,Canada,2018-12-02,Active
105477,David,Taylor,1972-11-18,Male,Brampton,Ontario,Canada,2019-06-26,Active
105478,Olivia,Brown,1996-01-01,Female,Ottawa,Ontario,Canada,2023-05-10,Active
105479,John,Smith,2004-07-21,Male,Mississauga,Ontario,Canada,2024-11-26,Active
105480,Emily,Jackson,1952-08-17,Male,Montreal,Quebec,Canada,2005-09-08,Active
105481,Ava,Harris,1958-07-02,Male,Toronto,Ontario,Canada,2025-10-24,Active
105482,John,White,1991-05-07,Male,Mississauga,Ontario,Canada,2021-03-14,Active
105483,Robert,Garcia,1981-02-11,Female,Brampton,Ontario,Canada,2018-07-05,Inactive
105484,Emma,Jackson,1964-08-05,Male,Ottawa,Ontario,Canada,2011-12-14,Active
105485,Emily,Harris,1980-07-29,Male,Brampton,Ontario,Canada,2025-06-02,Active
105486,Michael,Clark,1981-06-13,Female,Hamilton,Ontario,Canada,2024-08-30,Active
105487,David,Martin,1981-05-02,Male,Vancouver,British Columbia,Canada,2008-10-01,Active
105488,Sophia,Lewis,1977-09-06,Female,Hamilton,Ontario,Canada,2018-07-02,Active
105489,Emma,Taylor,1945-12-17,Male,Ottawa,Ontario,Canada,2004-11-15,Inactive
105490,William,Garcia,1990-10-31,Female,Laval,Quebec,Canada,2018-07-31,Active
105491,Sarah,Thompson,1955-10-28,Female,Victoria,British Columbia,Canada,2001-01-20,Active
105492,Sophia,Harris,1978-02-21,Male,Surrey,British Columbia,Canada,2023-07-21,Active
105493,Michael,Smith,1977-08-21,Female,St. John's,Newfoundland and Labrador,Canada,2023-12-06,Active
105494,David,Harris,1949-11-19,Male,Ottawa,Ontario,Canada,2020-10-23,Active
105495,Sophia,Clark,1962-02-20,Male,Mississauga,Ontario,Canada,1994-05-09,Active
105496,Michael,Martin,1961-08-03,Female,Ottawa,Ontario,Canada,1996-02-19,Active
105497,Sophia,Smith,1956-08-31,Female,Mississauga,Ontario,Canada,1979-04-23,Active
105498,Sarah,Anderson,1969-01-25,Male,Saint John,New Brunswick,Canada,2018-12-15,Active
105499,Ava,Harris,1962-06-11,Male,Montreal,Quebec,Canada,2012-03-22,Active
105500,James,Clark,1980-01-14,Male,Red Deer,Alberta,Canada,2026-03-01,Active
105501,Ava,Jackson,1947-11-22,Female,St. John's,Newfoundland and Labrador,Canada,2010-08-26,Active
105502,David,Clark,1954-09-05,Female,Calgary,Alberta,Canada,1983-11-05,Active
105503,James,Garcia,1976-06-20,Male,Montreal,Quebec,Canada,2003-12-15,Active
105504,Olivia,Anderson,1965-04-04,Female,Winnipeg,Manitoba,Canada,2000-06-27,Active
105505,Sarah,Wilson,1970-02-27,Male,Laval,Quebec,Canada,2017-05-17,Active
105506,Emma,Lewis,1947-12-25,Female,Brampton,Ontario,Canada,1991-03-12,Active
105507,John,Harris,1960-01-07,Female,Montreal,Quebec,Canada,2025-02-02,Active
105508,John,Clark,1964-04-27,Female,Regina,Saskatchewan,Canada,2009-05-25,Active
105509,Emily,Lewis,1945-05-29,Male,Edmonton,Alberta,Canada,1986-08-24,Active
105510,Mia,Jackson,1976-04-08,Male,Quebec City,Quebec,Canada,2025-06-16,Active
105511,Daniel,Smith,1947-03-05,Male,Edmonton,Alberta,Canada,1998-07-14,Active
105512,Sophia,Lewis,2002-12-30,Female,Laval,Quebec,Canada,2022-09-23,Inactive
105513,Mia,Harris,1946-07-06,Female,Vancouver,British Columbia,Canada,1988-10-27,Active
105514,Mia,Brown,1955-03-13,Male,Toronto,Ontario,Canada,2013-07-01,Active
105515,Sarah,White,1976-10-29,Male,Brampton,Ontario,Canada,1997-07-10,Active
105516,Olivia,Smith,1945-09-27,Male,Hamilton,Ontario,Canada,2012-09-24,Active
105517,Sarah,Anderson,1983-04-17,Female,Winnipeg,Manitoba,Canada,2004-01-26,Active
105518,Olivia,Thomas,1967-10-06,Female,St. John's,Newfoundland and Labrador,Canada,2014-03-28,Active
105519,Emily,Jackson,1945-03-24,Male,Ottawa,Ontario,Canada,2008-12-14,Active
105520,Sarah,Harris,1982-04-12,Female,Mississauga,Ontario,Canada,2015-10-20,Active
105521,Daniel,Clark,1948-09-16,Male,Hamilton,Ontario,Canada,1977-10-18,Active
105522,Jessica,Thomas,1982-04-13,Female,Red Deer,Alberta,Canada,2015-05-14,Active
105523,Sophia,Garcia,1985-11-27,Male,Montreal,Quebec,Canada,2022-10-15,Active
105524,Mia,Lee,1965-10-08,Male,Quebec City,Quebec,Canada,1995-11-13,Active
105525,Jessica,Garcia,1982-03-31,Female,Hamilton,Ontario,Canada,2024-07-16,Active
105526,John,Taylor,1946-05-15,Female,Toronto,Ontario,Canada,1972-12-01,Active
105527,Emily,Thompson,1998-11-03,Male,Saskatoon,Saskatchewan,Canada,2025-08-12,Active
105528,Robert,Anderson,2001-11-22,Female,Quebec City,Quebec,Canada,2022-02-25,Active
105529,James,White,1954-09-06,Female,Hamilton,Ontario,Canada,2010-06-25,Active
105530,John,Martin,1975-08-12,Male,Brampton,Ontario,Canada,2001-03-14,Active
105531,Emily,Anderson,1970-02-27,Female,Ottawa,Ontario,Canada,2012-01-15,Active
105532,Ava,Smith,1992-12-02,Female,Brampton,Ontario,Canada,2021-03-12,Active
105533,Sarah,Clark,1957-07-15,Male,Ottawa,Ontario,Canada,2000-08-12,Active
105534,Daniel,Thompson,1969-01-02,Female,Victoria,British Columbia,Canada,2020-11-03,Active
105535,John,Brown,1967-07-03,Female,Toronto,Ontario,Canada,2022-11-22,Active
105536,Olivia,Thomas,1996-05-19,Male,Brampton,Ontario,Canada,2016-04-30,Active
105537,James,Taylor,1976-08-31,Female,Quebec City,Quebec,Canada,2020-10-13,Active
105538,Emma,Lee,1993-06-08,Male,Toronto,Ontario,Canada,2021-06-24,Active
105539,Emma,Lee,1948-09-26,Female,Quebec City,Quebec,Canada,1998-02-18,Active
105540,Ava,Thompson,1950-01-01,Female,Edmonton,Alberta,Canada,1975-02-24,Active
105541,Robert,Jackson,2003-07-18,Male,Toronto,Ontario,Canada,2024-08-23,Active
105542,Michael,Smith,1947-03-25,Female,Edmonton,Alberta,Canada,1988-07-31,Active
105543,Robert,Taylor,1986-03-12,Male,Toronto,Ontario,Canada,2005-01-16,Active
105544,Sophia,Brown,1953-06-02,Female,Brampton,Ontario,Canada,1980-12-25,Active
105545,David,Garcia,1976-07-31,Female,Toronto,Ontario,Canada,1997-06-12,Active
105546,Mia,Brown,1995-11-03,Male,Vancouver,British Columbia,Canada,2017-09-06,Active
105547,Michael,Thompson,1973-11-28,Female,Quebec City,Quebec,Canada,1998-01-01,Active
105548,James,Lee,1960-12-23,Male,Red Deer,Alberta,Canada,2019-12-03,Active
105549,David,Anderson,1954-04-28,Female,Brampton,Ontario,Canada,1987-11-25,Active
105550,Sophia,Thompson,1968-12-07,Female,Vancouver,British Columbia,Canada,2003-08-11,Active
105551,Jessica,Lewis,2003-07-01,Female,Hamilton,Ontario,Canada,2025-05-03,Active
105552,William,Jackson,1980-06-09,Male,Hamilton,Ontario,Canada,2001-07-02,Active
105553,Jessica,Jackson,1973-04-08,Female,Vancouver,British Columbia,Canada,2003-11-02,Active
105554,Jessica,Taylor,1985-01-25,Female,Toronto,Ontario,Canada,2007-10-05,Active
105555,Emily,Jackson,1977-06-07,Female,Ottawa,Ontario,Canada,2011-08-08,Active
105556,Sarah,Lewis,1970-11-10,Female,Quebec City,Quebec,Canada,2020-10-02,Active
105557,John,Martin,1954-06-15,Female,Victoria,British Columbia,Canada,2002-01-16,Inactive
105558,David,Taylor,1972-04-18,Male,Surrey,British Columbia,Canada,2005-03-18,Closed
105559,Sarah,White,1961-01-28,Male,Hamilton,Ontario,Canada,1983-03-04,Active
105560,Michael,Thompson,1964-09-02,Female,Toronto,Ontario,Canada,2023-11-07,Active
105561,Sarah,Brown,1963-01-28,Male,Toronto,Ontario,Canada,2002-03-18,Active
105562,John,Garcia,1949-12-03,Female,Ottawa,Ontario,Canada,2000-11-21,Active
105563,Sophia,Taylor,1976-10-26,Female,Ottawa,Ontario,Canada,2010-10-20,Active
105564,John,Anderson,1953-05-05,Female,Brampton,Ontario,Canada,1999-05-25,Active
105565,John,Jackson,1969-09-27,Female,Mississauga,Ontario,Canada,1991-08-26,Inactive
105566,Jessica,White,2000-01-24,Female,Quebec City,Quebec,Canada,2021-12-27,Active
105567,David,Lewis,1997-03-24,Female,Toronto,Ontario,Canada,2020-01-12,Active
105568,William,Taylor,2005-06-01,Female,Hamilton,Ontario,Canada,2025-12-05,Active
105569,Robert,Taylor,1953-05-23,Male,Hamilton,Ontario,Canada,1995-01-15,Active
105570,David,Thomas,1996-01-02,Male,Hamilton,Ontario,Canada,2024-08-02,Active
105571,Sophia,Clark,1995-04-20,Male,Edmonton,Alberta,Canada,2022-01-22,Active
105572,Olivia,Lee,1963-04-07,Female,Toronto,Ontario,Canada,1987-01-12,Active
105573,David,Jackson,1966-12-04,Male,Mississauga,Ontario,Canada,2021-10-21,Active
105574,Olivia,Thompson,1955-03-28,Female,Red Deer,Alberta,Canada,1995-01-22,Active
105575,Olivia,Lewis,2004-11-22,Female,Toronto,Ontario,Canada,2025-07-21,Active
105576,Emily,Clark,1976-01-29,Male,Toronto,Ontario,Canada,2003-04-17,Active
105577,Emily,Thompson,1962-03-09,Female,Red Deer,Alberta,Canada,2015-02-11,Active
105578,Ava,Harris,1949-12-17,Male,Vancouver,British Columbia,Canada,2020-10-04,Active
105579,Daniel,Lee,1975-07-08,Female,Halifax,Nova Scotia,Canada,1994-06-09,Inactive
105580,William,Taylor,2001-08-23,Male,Winnipeg,Manitoba,Canada,2024-10-20,Active
105581,Emily,Thomas,1968-01-23,Male,Surrey,British Columbia,Canada,2016-06-20,Active
105582,Emma,Thompson,1992-05-20,Male,Toronto,Ontario,Canada,2015-02-21,Active
105583,Olivia,Smith,1965-04-14,Female,Montreal,Quebec,Canada,2000-06-27,Active
105584,John,White,2005-05-03,Male,Ottawa,Ontario,Canada,2024-09-10,Active
105585,Daniel,Clark,1984-01-12,Female,Montreal,Quebec,Canada,2013-01-16,Active
105586,Sophia,Wilson,1997-12-03,Female,Regina,Saskatchewan,Canada,2020-06-04,Active
105587,David,Clark,1981-10-29,Male,Hamilton,Ontario,Canada,2024-01-31,Active
105588,Ava,Jackson,1969-10-03,Male,Winnipeg,Manitoba,Canada,2024-01-05,Active
105589,Emma,Clark,1946-12-16,Male,Quebec City,Quebec,Canada,2023-03-16,Active
105590,Emma,Martin,1963-10-18,Female,Toronto,Ontario,Canada,2003-01-19,Active
105591,John,Wilson,1958-04-08,Female,Red Deer,Alberta,Canada,2011-05-07,Active
105592,Emily,Garcia,1996-07-22,Male,Quebec City,Quebec,Canada,2014-10-11,Active
105593,Sarah,Smith,1979-10-01,Female,Laval,Quebec,Canada,1998-04-11,Active
105594,Jessica,Taylor,1981-01-14,Male,Montreal,Quebec,Canada,2019-03-18,Active
105595,Emma,Lewis,2005-06-10,Female,Toronto,Ontario,Canada,2025-07-31,Active
105596,William,Lewis,1999-05-11,Male,Ottawa,Ontario,Canada,2018-04-04,Active
105597,Emily,Smith,1986-04-29,Male,Vancouver,British Columbia,Canada,2019-02-22,Active
105598,Olivia,Thomas,1964-06-27,Male,Winnipeg,Manitoba,Canada,2010-05-09,Active
105599,Sophia,Brown,1950-11-06,Female,Surrey,British Columbia,Canada,2011-12-30,Active
105600,Sophia,Anderson,1978-06-05,Female,Edmonton,Alberta,Canada,2011-12-15,Active
105601,William,Lee,2006-04-14,Male,Calgary,Alberta,Canada,2026-02-05,Active
105602,Ava,Wilson,1973-02-15,Male,Brampton,Ontario,Canada,2018-03-26,Active
105603,James,Martin,2005-10-31,Female,Calgary,Alberta,Canada,2025-07-07,Active
105604,Sarah,Clark,1955-07-18,Male,Calgary,Alberta,Canada,2002-10-08,Active
105605,Jessica,Lewis,1947-11-18,Female,Hamilton,Ontario,Canada,2014-05-09,Active
105606,James,Thomas,1978-02-01,Male,Montreal,Quebec,Canada,2001-06-11,Active
105607,Daniel,Thompson,1967-07-21,Male,Victoria,British Columbia,Canada,2025-12-19,Active
105608,Emily,White,1949-04-03,Female,St. John's,Newfoundland and Labrador,Canada,2020-05-13,Active
105609,Jessica,Brown,2003-05-27,Male,St. John's,Newfoundland and Labrador,Canada,2024-03-18,Active
105610,John,Taylor,1967-08-17,Female,Quebec City,Quebec,Canada,2022-09-12,Closed
105611,Robert,Garcia,1960-01-09,Male,Calgary,Alberta,Canada,2013-02-20,Active
105612,David,Thompson,1977-08-09,Male,Quebec City,Quebec,Canada,2008-09-02,Active
105613,Jessica,White,1997-04-03,Female,Red Deer,Alberta,Canada,2020-03-07,Closed
105614,Robert,Garcia,1953-02-24,Male,Surrey,British Columbia,Canada,2004-12-24,Active
105615,Emily,Thompson,1967-01-15,Female,Saskatoon,Saskatchewan,Canada,1995-06-23,Active
105616,Olivia,Thomas,1991-06-25,Female,Charlottetown,Prince Edward Island,Canada,2018-12-22,Active
105617,Sophia,Anderson,1986-01-03,Female,Ottawa,Ontario,Canada,2013-04-27,Active
105618,Michael,Lee,1956-01-08,Male,Saint John,New Brunswick,Canada,2002-02-22,Active
105619,Mia,Lee,1945-09-23,Male,Victoria,British Columbia,Canada,1989-04-05,Active
105620,Michael,Smith,1989-11-24,Male,Brampton,Ontario,Canada,2009-08-03,Active
105621,James,Garcia,1957-03-13,Female,Hamilton,Ontario,Canada,2012-01-31,Active
105622,James,Brown,1945-07-05,Male,Surrey,British Columbia,Canada,1994-09-15,Inactive
105623,David,Clark,1999-05-24,Male,Brampton,Ontario,Canada,2019-03-19,Active
105624,Mia,Harris,1987-05-26,Female,Ottawa,Ontario,Canada,2010-03-09,Inactive
105625,David,Thompson,1972-08-14,Male,Quebec City,Quebec,Canada,2009-03-21,Active
105626,Olivia,Thompson,1969-03-23,Female,Brampton,Ontario,Canada,2018-09-10,Active
105627,Daniel,Martin,1998-11-20,Male,Montreal,Quebec,Canada,2019-05-18,Active
105628,James,Taylor,1993-10-11,Female,Edmonton,Alberta,Canada,2024-05-31,Active
105629,Daniel,Clark,1977-04-02,Female,Hamilton,Ontario,Canada,2020-04-18,Active
105630,James,Harris,1979-05-28,Male,Vancouver,British Columbia,Canada,1997-12-13,Active
105631,Sarah,Harris,1977-10-19,Female,Mississauga,Ontario,Canada,2000-01-19,Active
105632,Emily,Anderson,1967-12-11,Female,Calgary,Alberta,Canada,2015-12-12,Closed
105633,Sarah,Smith,1975-07-14,Male,Brampton,Ontario,Canada,2011-10-30,Active
105634,Robert,Harris,1985-10-26,Female,Red Deer,Alberta,Canada,2006-06-10,Inactive
105635,Sophia,Thomas,1984-09-30,Female,Victoria,British Columbia,Canada,2026-06-12,Active
105636,Emily,Martin,1968-06-09,Female,Winnipeg,Manitoba,Canada,1986-10-31,Active
105637,David,Thomas,1996-02-13,Female,Quebec City,Quebec,Canada,2019-03-07,Active
105638,Daniel,Lee,1966-06-10,Male,Quebec City,Quebec,Canada,1985-01-06,Active
105639,John,Thompson,1990-06-30,Male,Mississauga,Ontario,Canada,2024-12-20,Active
105640,Mia,Jackson,1970-10-25,Male,Laval,Quebec,Canada,2006-06-15,Active
105641,Sophia,Thompson,2003-06-02,Male,Laval,Quebec,Canada,2024-09-05,Active
105642,Robert,Martin,1988-10-02,Male,Vancouver,British Columbia,Canada,2022-12-18,Active
105643,Olivia,Martin,1989-03-01,Male,Hamilton,Ontario,Canada,2012-04-07,Active
105644,Olivia,Harris,1982-09-28,Male,Quebec City,Quebec,Canada,2008-10-24,Active
105645,Jessica,Lewis,1955-04-06,Female,Quebec City,Quebec,Canada,2006-11-03,Active
105646,James,Anderson,2001-09-27,Male,Laval,Quebec,Canada,2026-02-22,Active
105647,Mia,Jackson,1988-05-12,Female,Surrey,British Columbia,Canada,2010-02-27,Active
105648,Ava,Taylor,1944-01-09,Female,Mississauga,Ontario,Canada,1989-03-31,Active
105649,Ava,Harris,1962-11-14,Female,Quebec City,Quebec,Canada,1993-01-07,Active
105650,Ava,Lee,1954-02-20,Male,Brampton,Ontario,Canada,1982-06-04,Active
105651,Mia,Martin,1952-06-26,Female,Calgary,Alberta,Canada,1981-08-21,Active
105652,Sophia,Taylor,1975-02-14,Female,Edmonton,Alberta,Canada,2008-07-09,Active
105653,James,Lewis,1994-01-20,Female,Brampton,Ontario,Canada,2013-08-31,Active
105654,Daniel,Garcia,1986-03-10,Male,Ottawa,Ontario,Canada,2018-04-13,Inactive
105655,David,Jackson,2002-10-27,Male,Vancouver,British Columbia,Canada,2021-11-23,Active
105656,David,Wilson,1949-08-24,Female,Calgary,Alberta,Canada,1997-06-29,Active
105657,Emma,Jackson,1983-05-29,Male,Toronto,Ontario,Canada,2007-04-22,Active
105658,Emma,Clark,1962-07-14,Female,Montreal,Quebec,Canada,2000-11-11,Active
105659,Sarah,Harris,1944-12-02,Female,Toronto,Ontario,Canada,1972-04-20,Active
105660,Sophia,Wilson,2006-04-13,Female,Calgary,Alberta,Canada,2024-09-24,Active
105661,John,Wilson,1952-01-04,Female,Mississauga,Ontario,Canada,1988-08-25,Active
105662,David,Lee,1964-08-22,Female,Calgary,Alberta,Canada,2013-06-06,Active
105663,Emma,Jackson,1976-07-18,Female,Surrey,British Columbia,Canada,2008-02-29,Active
105664,Daniel,Thompson,1967-12-12,Female,Edmonton,Alberta,Canada,2000-03-19,Active
105665,Emily,Thomas,1953-09-13,Male,Charlottetown,Prince Edward Island,Canada,2003-05-01,Active
105666,Daniel,Brown,1959-01-16,Female,Montreal,Quebec,Canada,2025-03-16,Inactive
105667,David,Jackson,1986-12-25,Female,Surrey,British Columbia,Canada,2022-07-15,Active
105668,Emma,Thompson,1945-02-05,Female,Vancouver,British Columbia,Canada,1988-07-25,Active
105669,Sophia,Thomas,1947-10-17,Male,Red Deer,Alberta,Canada,1996-10-30,Active
105670,Olivia,Martin,1961-12-24,Male,Quebec City,Quebec,Canada,1990-04-28,Active
105671,William,Jackson,2005-06-27,Female,Mississauga,Ontario,Canada,2025-10-21,Active
105672,Jessica,Thomas,1954-02-23,Male,Moncton,New Brunswick,Canada,2019-01-06,Inactive
105673,Ava,Taylor,1985-02-14,Female,Mississauga,Ontario,Canada,2023-05-23,Closed
105674,Jessica,Taylor,1968-01-02,Female,Saint John,New Brunswick,Canada,1994-06-28,Active
105675,Sarah,Taylor,1976-02-19,Male,Brampton,Ontario,Canada,2018-07-01,Active
105676,Robert,Thompson,1958-08-23,Male,Laval,Quebec,Canada,1985-01-19,Active
105677,Sarah,Thomas,2001-12-31,Female,Halifax,Nova Scotia,Canada,2020-01-23,Active
105678,William,Garcia,1969-06-11,Male,Surrey,British Columbia,Canada,2015-08-17,Active
105679,Jessica,Anderson,1946-10-04,Female,Montreal,Quebec,Canada,1991-01-28,Active
105680,James,Anderson,1960-12-22,Female,Toronto,Ontario,Canada,1993-03-11,Active
105681,Michael,Lewis,1964-04-01,Female,Mississauga,Ontario,Canada,2004-09-01,Active
105682,Sophia,Lewis,2001-09-07,Male,Hamilton,Ontario,Canada,2022-08-06,Active
105683,William,Jackson,1945-10-07,Male,Quebec City,Quebec,Canada,1979-01-17,Active
105684,Daniel,Anderson,1962-05-11,Female,Montreal,Quebec,Canada,2001-03-31,Active
105685,Emily,Thompson,1955-04-28,Male,Brampton,Ontario,Canada,1975-03-21,Active
105686,Daniel,Brown,1955-11-19,Male,Hamilton,Ontario,Canada,2015-03-30,Active
105687,Sophia,Jackson,2006-02-11,Female,Halifax,Nova Scotia,Canada,2026-07-04,Active
105688,David,Harris,1992-01-04,Male,Red Deer,Alberta,Canada,2019-07-30,Active
105689,Sophia,Thompson,2003-08-20,Male,Quebec City,Quebec,Canada,2024-10-04,Active
105690,David,Brown,1995-02-21,Female,Saint John,New Brunswick,Canada,2023-03-03,Active
105691,William,Smith,1998-03-07,Male,Laval,Quebec,Canada,2021-04-10,Active
105692,Emily,Anderson,1979-06-21,Male,Mississauga,Ontario,Canada,2026-04-20,Inactive
105693,Mia,Brown,1976-12-23,Male,Hamilton,Ontario,Canada,2004-02-16,Active
105694,David,White,1965-09-22,Female,Winnipeg,Manitoba,Canada,2014-04-03,Active
105695,Emily,Lewis,1948-06-28,Female,Toronto,Ontario,Canada,1983-06-12,Active
105696,James,Anderson,1996-07-22,Female,Hamilton,Ontario,Canada,2017-12-06,Active
105697,John,Jackson,1967-12-15,Female,Saint John,New Brunswick,Canada,2003-08-03,Active
105698,Sophia,Taylor,1986-03-15,Male,Surrey,British Columbia,Canada,2021-06-06,Active
105699,Olivia,Smith,2004-05-20,Female,Red Deer,Alberta,Canada,2024-02-17,Active
105700,William,Thompson,1968-01-03,Male,Vancouver,British Columbia,Canada,2020-07-25,Active
105701,Jessica,Taylor,1952-09-27,Female,Vancouver,British Columbia,Canada,1992-02-29,Active
105702,William,Harris,1968-09-03,Female,Ottawa,Ontario,Canada,2003-11-26,Active
105703,Robert,Thompson,2004-01-19,Male,Red Deer,Alberta,Canada,2024-06-14,Active
105704,Daniel,Clark,1944-02-26,Female,Toronto,Ontario,Canada,2004-09-13,Active
105705,Robert,Wilson,1960-04-09,Female,Mississauga,Ontario,Canada,1999-05-17,Active
105706,Emma,Harris,1947-08-22,Male,St. John's,Newfoundland and Labrador,Canada,1995-07-26,Active
105707,Daniel,Lewis,1992-06-15,Female,Brampton,Ontario,Canada,2011-06-15,Active
105708,Robert,White,1952-06-29,Female,Hamilton,Ontario,Canada,1977-08-28,Active
105709,Emily,Smith,1960-11-10,Male,Hamilton,Ontario,Canada,1985-07-24,Active
105710,Sophia,Taylor,1959-07-31,Male,Calgary,Alberta,Canada,2013-05-09,Active
105711,Robert,Garcia,1946-09-11,Female,Saint John,New Brunswick,Canada,1987-07-08,Active
105712,Ava,Garcia,2002-05-05,Male,Ottawa,Ontario,Canada,2023-02-23,Active
105713,Daniel,Anderson,1968-03-14,Male,Brampton,Ontario,Canada,2007-12-16,Active
105714,Jessica,Wilson,1995-10-06,Female,Victoria,British Columbia,Canada,2018-03-26,Active
105715,Ava,Anderson,1976-11-10,Female,Victoria,British Columbia,Canada,1998-11-01,Active
105716,Daniel,Taylor,1946-07-27,Male,Toronto,Ontario,Canada,1993-08-12,Active
105717,Michael,Garcia,1955-08-19,Male,Toronto,Ontario,Canada,1991-11-19,Active
105718,Sophia,Clark,1944-12-09,Female,Quebec City,Quebec,Canada,2000-01-12,Active
105719,James,Smith,1959-07-05,Male,Hamilton,Ontario,Canada,2008-06-07,Active
105720,Daniel,Garcia,1980-12-01,Female,Red Deer,Alberta,Canada,2019-12-02,Active
105721,Ava,Garcia,1951-11-12,Female,Ottawa,Ontario,Canada,1999-01-22,Active
105722,Daniel,Martin,1967-09-20,Male,Red Deer,Alberta,Canada,2022-12-05,Active
105723,Olivia,Lewis,1945-10-29,Female,Vancouver,British Columbia,Canada,2026-08-01,Active
105724,Sarah,Smith,1994-07-06,Female,Vancouver,British Columbia,Canada,2022-03-13,Active
105725,David,Thompson,1966-03-09,Female,Calgary,Alberta,Canada,2023-10-06,Active
105726,Robert,Brown,2005-04-16,Male,Hamilton,Ontario,Canada,2026-08-24,Active
105727,Sarah,Lewis,1964-08-02,Male,Hamilton,Ontario,Canada,2019-05-29,Active
105728,John,White,1975-02-20,Female,Laval,Quebec,Canada,1998-06-02,Active
105729,Daniel,Brown,1975-06-30,Female,Calgary,Alberta,Canada,2015-10-22,Active
105730,Daniel,Garcia,1955-03-06,Female,Red Deer,Alberta,Canada,1981-06-07,Inactive
105731,Emma,Garcia,1990-07-29,Male,Hamilton,Ontario,Canada,2013-11-25,Active
105732,John,Jackson,2000-03-30,Female,Red Deer,Alberta,Canada,2024-11-25,Active
105733,Emma,Anderson,1998-01-27,Male,Mississauga,Ontario,Canada,2021-10-19,Inactive
105734,Daniel,Smith,1970-08-07,Female,Toronto,Ontario,Canada,2012-09-18,Active
105735,Jessica,Lewis,1992-04-14,Female,Brampton,Ontario,Canada,2016-10-14,Active
105736,Emily,Wilson,1970-04-12,Female,Winnipeg,Manitoba,Canada,2021-05-16,Active
105737,Robert,Clark,1953-03-01,Male,Montreal,Quebec,Canada,1990-06-14,Active
105738,Mia,Harris,1988-05-06,Female,Quebec City,Quebec,Canada,2020-02-21,Active
105739,David,Thompson,1969-09-01,Male,Victoria,British Columbia,Canada,2017-10-30,Active
105740,James,Thompson,1967-04-22,Male,Mississauga,Ontario,Canada,1985-10-29,Active
105741,Sophia,Clark,1948-09-06,Female,Toronto,Ontario,Canada,2017-06-10,Active
105742,Jessica,Smith,1958-10-18,Female,Brampton,Ontario,Canada,2010-05-06,Active
105743,Mia,Lee,1970-03-03,Female,Ottawa,Ontario,Canada,1995-09-27,Active
105744,Daniel,Smith,1990-09-23,Female,Quebec City,Quebec,Canada,2012-07-10,Active
105745,James,Lee,1968-12-02,Male,Toronto,Ontario,Canada,1989-09-07,Active
105746,James,Taylor,1955-09-16,Male,Edmonton,Alberta,Canada,1997-05-18,Inactive
105747,Daniel,Clark,1969-01-19,Female,Edmonton,Alberta,Canada,1989-04-13,Active
105748,David,Brown,1946-06-22,Female,Saskatoon,Saskatchewan,Canada,2007-06-25,Active
105749,Mia,Jackson,1973-01-05,Female,Brampton,Ontario,Canada,1993-08-13,Active
105750,John,Harris,1975-05-08,Male,Laval,Quebec,Canada,2015-03-20,Active
105751,Mia,Lee,1988-04-19,Male,Toronto,Ontario,Canada,2021-03-18,Active
105752,David,Brown,1946-02-19,Female,Mississauga,Ontario,Canada,1988-01-21,Active
105753,John,Smith,1983-11-03,Male,Surrey,British Columbia,Canada,2010-07-09,Active
105754,Robert,Martin,1993-10-30,Female,Laval,Quebec,Canada,2022-05-29,Active
105755,Michael,Smith,1994-12-28,Male,Vancouver,British Columbia,Canada,2025-04-30,Closed
105756,Daniel,Garcia,2005-07-30,Male,Edmonton,Alberta,Canada,2026-06-29,Active
105757,Robert,Smith,1986-09-08,Male,Ottawa,Ontario,Canada,2018-05-10,Active
105758,Sarah,Lee,2003-10-07,Male,Regina,Saskatchewan,Canada,2022-11-24,Active
105759,Emily,White,1965-07-11,Female,Hamilton,Ontario,Canada,1998-09-09,Active
105760,James,Lee,1953-05-19,Male,St. John's,Newfoundland and Labrador,Canada,1977-12-24,Inactive
105761,John,Brown,1944-01-12,Male,Vancouver,British Columbia,Canada,1963-11-09,Active
105762,Michael,Anderson,2002-09-18,Female,Toronto,Ontario,Canada,2021-07-08,Active
105763,Michael,Jackson,1951-06-26,Male,Hamilton,Ontario,Canada,2013-08-06,Active
105764,John,Smith,1951-01-17,Female,Ottawa,Ontario,Canada,1995-05-31,Active
105765,Robert,Brown,1990-03-30,Male,Edmonton,Alberta,Canada,2018-09-07,Active
105766,Emily,Anderson,1966-04-30,Male,Mississauga,Ontario,Canada,1996-12-14,Active
105767,Robert,Garcia,1976-05-16,Male,Red Deer,Alberta,Canada,1996-04-25,Active
105768,Robert,Thompson,1949-04-24,Female,Hamilton,Ontario,Canada,1995-01-21,Active
105769,Sarah,Brown,1970-09-23,Male,St. John's,Newfoundland and Labrador,Canada,2005-03-09,Inactive
105770,Emily,Smith,1995-10-30,Female,Hamilton,Ontario,Canada,2014-11-29,Active
105771,Robert,Martin,1980-03-07,Female,Surrey,British Columbia,Canada,2017-01-30,Active
105772,David,Thomas,1958-02-04,Male,Red Deer,Alberta,Canada,1988-07-31,Active
105773,Daniel,Garcia,1953-07-30,Female,Mississauga,Ontario,Canada,1999-06-03,Active
105774,James,Anderson,1985-11-21,Male,Mississauga,Ontario,Canada,2011-10-18,Active
105775,Sarah,Thomas,1988-03-10,Male,Laval,Quebec,Canada,2008-02-23,Active
105776,Ava,Taylor,1992-01-19,Female,Vancouver,British Columbia,Canada,2025-07-26,Active
105777,William,Taylor,1951-09-24,Male,Red Deer,Alberta,Canada,2005-06-06,Active
105778,John,Thompson,1967-12-27,Female,Brampton,Ontario,Canada,1998-01-26,Active
105779,Olivia,White,1947-12-11,Female,Winnipeg,Manitoba,Canada,1979-10-11,Active
105780,John,Martin,1993-09-22,Male,Regina,Saskatchewan,Canada,2012-06-11,Inactive
105781,Michael,Brown,1959-12-01,Male,Edmonton,Alberta,Canada,2015-10-01,Active
105782,Michael,Harris,1964-07-06,Female,Brampton,Ontario,Canada,1996-03-30,Active
105783,Mia,Jackson,1979-09-09,Male,Brampton,Ontario,Canada,2004-01-21,Active
105784,Ava,Lewis,1953-05-03,Male,Charlottetown,Prince Edward Island,Canada,2023-03-05,Active
105785,Emily,Jackson,1992-08-17,Male,Vancouver,British Columbia,Canada,2026-08-24,Active
105786,Jessica,Brown,1972-12-20,Male,Vancouver,British Columbia,Canada,2006-03-21,Active
105787,Jessica,Thompson,1979-04-02,Female,Winnipeg,Manitoba,Canada,2014-11-15,Active
105788,Jessica,Wilson,1988-10-01,Male,Hamilton,Ontario,Canada,2023-01-20,Active
105789,Emily,Lewis,1985-08-03,Male,Edmonton,Alberta,Canada,2017-07-28,Active
105790,Ava,Thomas,1946-07-02,Female,Victoria,British Columbia,Canada,1981-02-11,Active
105791,Olivia,Garcia,1950-03-16,Female,Calgary,Alberta,Canada,2012-09-16,Active
105792,John,Martin,1994-10-17,Female,Red Deer,Alberta,Canada,2014-09-04,Active
105793,William,Jackson,1999-05-26,Female,Montreal,Quebec,Canada,2022-06-20,Active
105794,Ava,Harris,1960-02-08,Male,Mississauga,Ontario,Canada,2002-03-23,Active
105795,Daniel,Wilson,1945-05-12,Male,Winnipeg,Manitoba,Canada,2000-12-19,Closed
105796,David,Brown,1986-12-01,Female,Edmonton,Alberta,Canada,2020-03-06,Active
105797,Mia,Garcia,2006-01-03,Male,Ottawa,Ontario,Canada,2024-02-29,Active
105798,Jessica,Lee,1951-03-09,Female,St. John's,Newfoundland and Labrador,Canada,2017-10-08,Active
105799,Emily,Clark,1949-09-20,Male,Toronto,Ontario,Canada,1985-08-18,Active
105800,Daniel,Anderson,1968-07-14,Female,Hamilton,Ontario,Canada,1996-03-16,Active
105801,John,Thomas,1982-10-22,Female,Moncton,New Brunswick,Canada,2014-08-02,Active
105802,William,Thomas,1973-04-19,Female,Surrey,British Columbia,Canada,2026-03-12,Inactive
105803,Daniel,Thompson,1973-07-22,Male,Winnipeg,Manitoba,Canada,2020-11-11,Active
105804,Mia,Martin,1973-07-06,Female,Winnipeg,Manitoba,Canada,2008-09-16,Active
105805,Robert,Garcia,2006-04-23,Female,Montreal,Quebec,Canada,2025-09-11,Active
105806,Michael,Lee,1961-03-19,Female,Hamilton,Ontario,Canada,2003-01-18,Active
105807,Daniel,Thomas,1950-01-27,Female,Edmonton,Alberta,Canada,2008-02-22,Active
105808,Ava,Martin,1977-05-04,Male,Laval,Quebec,Canada,2022-03-27,Active
105809,Sarah,White,1974-01-23,Male,Laval,Quebec,Canada,1996-12-08,Active
105810,William,Lee,1961-06-22,Male,Montreal,Quebec,Canada,1998-09-11,Active
105811,Olivia,Thomas,2004-11-22,Female,Brampton,Ontario,Canada,2025-01-13,Active
105812,Jessica,Wilson,1954-06-29,Female,Toronto,Ontario,Canada,2013-07-10,Active
105813,Robert,Thomas,1952-07-06,Male,Victoria,British Columbia,Canada,1975-11-20,Active
105814,Ava,Martin,1952-05-26,Female,Calgary,Alberta,Canada,2002-05-04,Active
105815,Emily,Lee,2003-04-09,Male,Montreal,Quebec,Canada,2025-06-14,Active
105816,James,Clark,2000-05-14,Female,Hamilton,Ontario,Canada,2019-06-28,Active
105817,Daniel,Smith,2004-03-24,Male,Quebec City,Quebec,Canada,2022-12-27,Active
105818,Mia,White,1952-03-25,Male,Edmonton,Alberta,Canada,1972-02-01,Active
105819,William,Wilson,1945-07-14,Male,Toronto,Ontario,Canada,2017-03-19,Active
105820,Emily,Thomas,1968-11-23,Female,Laval,Quebec,Canada,2024-01-19,Active
105821,Jessica,Lee,1974-01-02,Female,Victoria,British Columbia,Canada,2008-04-07,Active
105822,Olivia,Lee,1959-11-14,Male,Montreal,Quebec,Canada,2020-02-25,Active
105823,Mia,Wilson,1982-10-14,Female,Victoria,British Columbia,Canada,2016-03-04,Closed
105824,Michael,Wilson,1982-10-23,Female,Winnipeg,Manitoba,Canada,2026-03-29,Active
105825,Sarah,Thompson,1986-06-12,Male,Brampton,Ontario,Canada,2006-11-09,Active
105826,Emily,Jackson,1965-10-13,Female,Ottawa,Ontario,Canada,2012-09-10,Active
105827,Michael,Jackson,1945-12-22,Male,Brampton,Ontario,Canada,2009-05-23,Active
105828,Olivia,Lewis,1962-01-14,Female,Vancouver,British Columbia,Canada,2010-02-23,Active
105829,John,Lewis,1954-10-09,Female,Winnipeg,Manitoba,Canada,1999-06-04,Active
105830,Daniel,Lewis,2005-01-17,Male,Victoria,British Columbia,Canada,2023-10-19,Active
105831,Robert,Garcia,1996-12-15,Female,Saint John,New Brunswick,Canada,2016-12-08,Active
105832,Michael,Lee,2006-10-18,Male,Victoria,British Columbia,Canada,2025-12-30,Closed
105833,Emma,Thompson,1991-06-21,Female,Toronto,Ontario,Canada,2019-06-08,Active
105834,David,Lewis,1952-05-09,Female,Mississauga,Ontario,Canada,1997-11-09,Inactive
105835,David,Harris,1972-07-31,Male,Surrey,British Columbia,Canada,1991-12-27,Active
105836,Emma,Smith,1987-08-24,Female,Victoria,British Columbia,Canada,2013-07-30,Active
105837,Mia,Clark,1948-02-28,Male,Laval,Quebec,Canada,2018-08-28,Closed
105838,James,Lewis,2000-01-23,Female,Laval,Quebec,Canada,2023-12-07,Active
105839,Robert,Anderson,1997-05-28,Female,Quebec City,Quebec,Canada,2023-12-17,Active
105840,Olivia,Jackson,2005-02-28,Female,Hamilton,Ontario,Canada,2023-06-16,Active
105841,Sophia,Harris,1962-11-12,Female,Victoria,British Columbia,Canada,2001-08-03,Active
105842,Ava,Martin,1962-10-12,Female,Vancouver,British Columbia,Canada,2003-11-26,Active
105843,Emily,Thompson,1983-08-24,Male,Red Deer,Alberta,Canada,2021-02-15,Inactive
105844,James,Thomas,1993-06-02,Male,Toronto,Ontario,Canada,2022-12-23,Active
105845,Mia,Clark,1961-01-21,Female,Red Deer,Alberta,Canada,1983-09-03,Active
105846,Michael,Clark,1964-08-24,Male,Brampton,Ontario,Canada,2019-03-08,Active
105847,John,Lee,1965-11-27,Male,Brampton,Ontario,Canada,1985-08-15,Active
105848,Olivia,Harris,1983-02-28,Male,Edmonton,Alberta,Canada,2013-08-28,Active
105849,Jessica,Brown,1950-10-11,Female,Moncton,New Brunswick,Canada,1983-02-12,Active
105850,James,Clark,1976-04-25,Female,Regina,Saskatchewan,Canada,2005-09-20,Active
105851,Michael,Brown,1959-03-24,Male,Mississauga,Ontario,Canada,1998-04-28,Active
105852,Emily,Wilson,1988-07-28,Male,Ottawa,Ontario,Canada,2018-01-27,Active
105853,David,Anderson,1990-10-24,Female,Edmonton,Alberta,Canada,2009-05-24,Active
105854,Olivia,Wilson,2001-07-02,Male,Calgary,Alberta,Canada,2020-06-01,Active
105855,Daniel,Thompson,1966-10-05,Female,Laval,Quebec,Canada,2013-08-24,Active
105856,Emily,Jackson,1951-02-08,Female,Hamilton,Ontario,Canada,1974-05-16,Active
105857,Sarah,Taylor,1958-08-13,Female,Quebec City,Quebec,Canada,1988-11-04,Active
105858,William,Smith,1958-01-14,Male,Ottawa,Ontario,Canada,2017-07-05,Active
105859,William,Taylor,1944-03-10,Female,Ottawa,Ontario,Canada,1975-11-19,Active
105860,Olivia,Thompson,1980-11-25,Female,Vancouver,British Columbia,Canada,2002-05-30,Active
105861,Sarah,Garcia,1985-06-16,Male,Toronto,Ontario,Canada,2014-07-26,Active
105862,Emily,Anderson,1966-07-03,Female,Surrey,British Columbia,Canada,2002-02-04,Active
105863,Emily,Brown,1961-12-19,Male,Surrey,British Columbia,Canada,1985-10-21,Active
105864,David,Harris,1979-02-22,Female,Laval,Quebec,Canada,2009-04-19,Active
105865,Mia,Garcia,1953-08-18,Female,Hamilton,Ontario,Canada,2018-05-01,Active
105866,Emily,Brown,1993-04-25,Male,Regina,Saskatchewan,Canada,2026-05-29,Inactive
105867,Olivia,Garcia,1958-09-18,Male,Montreal,Quebec,Canada,1979-12-29,Active
105868,Mia,Wilson,1988-01-25,Male,Winnipeg,Manitoba,Canada,2020-08-04,Active
105869,Mia,Taylor,1986-06-27,Male,Montreal,Quebec,Canada,2019-09-29,Active
105870,Olivia,Martin,1992-04-17,Female,Montreal,Quebec,Canada,2022-11-04,Active
105871,Sophia,Smith,1977-10-03,Male,Halifax,Nova Scotia,Canada,2019-07-06,Active
105872,Sarah,Anderson,1954-02-26,Female,Toronto,Ontario,Canada,2008-09-02,Active
105873,Sophia,Wilson,1946-09-03,Male,Ottawa,Ontario,Canada,2018-08-17,Active
105874,Robert,Taylor,1945-11-29,Female,Regina,Saskatchewan,Canada,1981-01-04,Active
105875,Olivia,Garcia,1952-09-26,Female,Montreal,Quebec,Canada,1977-11-17,Active
105876,John,Taylor,1998-12-02,Female,Ottawa,Ontario,Canada,2020-06-09,Active
105877,Mia,Smith,1950-10-09,Female,Charlottetown,Prince Edward Island,Canada,1980-02-07,Active
105878,David,Taylor,1972-06-11,Female,Mississauga,Ontario,Canada,1997-01-29,Active
105879,Jessica,Brown,1974-09-06,Female,Victoria,British Columbia,Canada,1994-03-08,Active
105880,James,Martin,1984-01-18,Female,Red Deer,Alberta,Canada,2015-05-24,Active
105881,Michael,Lee,1951-09-08,Male,Calgary,Alberta,Canada,2016-08-19,Active
105882,Ava,Wilson,1948-08-05,Male,Quebec City,Quebec,Canada,1971-04-10,Active
105883,Emma,Thompson,1997-03-27,Male,Brampton,Ontario,Canada,2022-10-13,Active
105884,David,Thomas,1988-08-02,Female,Red Deer,Alberta,Canada,2024-09-25,Active
105885,John,Brown,1982-05-27,Female,Edmonton,Alberta,Canada,2012-12-31,Active
105886,Emma,Thompson,1950-05-28,Female,Hamilton,Ontario,Canada,1979-11-07,Active
105887,Ava,Taylor,1988-06-06,Female,Mississauga,Ontario,Canada,2020-01-16,Active
105888,Michael,White,1993-08-08,Male,Quebec City,Quebec,Canada,2014-10-25,Active
105889,Jessica,White,1997-03-30,Female,Toronto,Ontario,Canada,2016-09-21,Active
105890,Robert,Harris,1947-10-29,Male,Red Deer,Alberta,Canada,1995-04-23,Active
105891,Sophia,Wilson,1979-07-09,Male,Regina,Saskatchewan,Canada,1997-12-09,Active
105892,Daniel,Taylor,1949-03-29,Female,Brampton,Ontario,Canada,1986-03-30,Active
105893,John,Garcia,1965-02-10,Male,Regina,Saskatchewan,Canada,2017-04-08,Active
105894,Robert,Lewis,1965-08-17,Female,Calgary,Alberta,Canada,1990-10-17,Active
105895,Emily,Smith,1952-08-15,Female,Vancouver,British Columbia,Canada,1999-07-20,Active
105896,Sophia,Jackson,1957-05-10,Female,Saint John,New Brunswick,Canada,2025-12-06,Active
105897,James,Lewis,2002-11-11,Male,Ottawa,Ontario,Canada,2022-02-16,Active
105898,Ava,Anderson,2006-01-08,Male,Regina,Saskatchewan,Canada,2024-10-04,Active
105899,Jessica,Jackson,1976-07-26,Male,Ottawa,Ontario,Canada,2017-02-04,Active
105900,Mia,Lewis,1972-06-07,Male,Montreal,Quebec,Canada,2017-03-24,Active
105901,Mia,Lee,2005-04-19,Male,Montreal,Quebec,Canada,2024-12-08,Active
105902,Michael,Martin,1973-07-15,Male,Brampton,Ontario,Canada,2017-01-16,Active
105903,John,Thompson,1971-04-08,Female,Vancouver,British Columbia,Canada,2012-11-13,Active
105904,Sophia,Martin,1946-12-05,Female,Montreal,Quebec,Canada,1980-01-11,Active
105905,Michael,Anderson,1952-12-09,Female,Montreal,Quebec,Canada,2016-10-21,Active
105906,Michael,Lewis,1974-12-16,Male,Montreal,Quebec,Canada,2002-04-26,Active
105907,Sarah,Smith,1963-10-28,Female,Mississauga,Ontario,Canada,2012-03-09,Active
105908,Mia,Smith,1948-01-11,Male,Brampton,Ontario,Canada,1998-06-14,Active
105909,Sophia,Martin,1990-02-08,Male,Mississauga,Ontario,Canada,2018-01-20,Active
105910,Sarah,Clark,1983-07-28,Male,Halifax,Nova Scotia,Canada,2023-03-07,Active
105911,Michael,Clark,1947-10-23,Female,Red Deer,Alberta,Canada,2020-12-20,Active
105912,William,Thompson,2005-11-02,Female,Montreal,Quebec,Canada,2025-12-05,Active
105913,Olivia,Thomas,1959-11-20,Male,Victoria,British Columbia,Canada,2007-01-09,Active
105914,Michael,Thomas,1964-10-05,Female,Vancouver,British Columbia,Canada,1996-01-25,Active
105915,Sarah,Jackson,1954-12-31,Female,Mississauga,Ontario,Canada,2011-09-10,Active
105916,James,Taylor,1994-11-27,Male,Toronto,Ontario,Canada,2013-07-02,Active
105917,Robert,Jackson,2004-01-25,Female,Quebec City,Quebec,Canada,2022-07-15,Active
105918,David,Brown,2004-10-29,Male,Hamilton,Ontario,Canada,2025-02-27,Active
105919,Olivia,Anderson,1950-03-04,Male,Winnipeg,Manitoba,Canada,1984-02-21,Active
105920,Mia,Lee,2004-12-24,Female,Toronto,Ontario,Canada,2024-09-24,Active
105921,Michael,Thompson,1947-07-05,Male,Quebec City,Quebec,Canada,2023-02-12,Inactive
105922,Sophia,Wilson,1990-12-29,Female,Quebec City,Quebec,Canada,2015-01-26,Active
105923,Jessica,Anderson,1985-04-16,Male,Surrey,British Columbia,Canada,2013-02-27,Active
105924,Ava,Taylor,1998-10-23,Female,Halifax,Nova Scotia,Canada,2023-03-07,Active
105925,Mia,Anderson,1977-08-31,Female,Quebec City,Quebec,Canada,2018-07-05,Closed
105926,John,Thompson,1966-02-21,Female,Brampton,Ontario,Canada,2024-08-11,Active
105927,Sophia,Lewis,1985-07-31,Female,Victoria,British Columbia,Canada,2010-12-04,Active
105928,Emily,Thompson,1980-10-13,Female,Brampton,Ontario,Canada,2023-12-23,Active
105929,John,White,1955-07-05,Male,Brampton,Ontario,Canada,1985-03-15,Active
105930,David,Wilson,1985-10-05,Male,Surrey,British Columbia,Canada,2019-01-03,Active
105931,Mia,Wilson,1987-05-03,Female,Hamilton,Ontario,Canada,2007-01-14,Active
105932,Emily,Clark,1957-09-10,Male,Mississauga,Ontario,Canada,2024-08-03,Active
105933,William,Thompson,1984-01-13,Male,Laval,Quebec,Canada,2021-06-20,Active
105934,Robert,White,1963-09-29,Female,Montreal,Quebec,Canada,1999-07-08,Active
105935,Emma,Harris,1977-03-04,Male,Saskatoon,Saskatchewan,Canada,2023-07-13,Active
105936,Robert,Clark,1966-10-08,Male,Mississauga,Ontario,Canada,1989-01-01,Active
105937,Michael,Clark,1985-12-07,Female,Laval,Quebec,Canada,2012-03-18,Active
105938,Emily,Brown,1948-02-20,Female,Vancouver,British Columbia,Canada,1993-07-06,Active
105939,Ava,Thomas,1956-03-06,Female,Calgary,Alberta,Canada,2008-10-19,Active
105940,Michael,Smith,1972-10-05,Male,Toronto,Ontario,Canada,2014-06-22,Active
105941,David,Thomas,1986-06-17,Male,Victoria,British Columbia,Canada,2005-08-18,Active
105942,Sarah,Martin,1993-05-08,Female,Vancouver,British Columbia,Canada,2023-08-16,Active
105943,Michael,Taylor,1955-11-09,Male,Ottawa,Ontario,Canada,1981-06-16,Active
105944,Jessica,Wilson,1984-12-08,Female,Brampton,Ontario,Canada,2025-03-12,Active
105945,David,White,2006-03-11,Male,Surrey,British Columbia,Canada,2025-03-15,Active
105946,John,White,1983-05-20,Male,Ottawa,Ontario,Canada,2014-06-16,Active
105947,David,Thompson,1947-04-09,Male,Mississauga,Ontario,Canada,1989-04-11,Active
105948,Mia,Smith,1982-03-04,Male,Montreal,Quebec,Canada,2010-01-21,Active
105949,Ava,Taylor,1967-11-21,Male,Mississauga,Ontario,Canada,2004-03-31,Active
105950,Sarah,Garcia,1945-06-02,Female,Toronto,Ontario,Canada,1981-03-26,Active
105951,Daniel,Thompson,1969-12-24,Female,Laval,Quebec,Canada,2022-12-27,Active
105952,Emma,Lewis,1944-03-16,Male,Winnipeg,Manitoba,Canada,2001-04-28,Active
105953,Michael,Clark,1951-05-18,Female,Red Deer,Alberta,Canada,1995-05-12,Active
105954,Jessica,Clark,1954-08-27,Male,Hamilton,Ontario,Canada,2010-01-26,Active
105955,Olivia,White,1958-03-07,Male,Mississauga,Ontario,Canada,1979-02-11,Active
105956,Olivia,Lee,2001-07-15,Female,St. John's,Newfoundland and Labrador,Canada,2024-01-17,Active
105957,David,Jackson,1959-08-06,Female,Surrey,British Columbia,Canada,1985-11-30,Active
105958,Olivia,Lewis,1997-12-31,Female,Surrey,British Columbia,Canada,2018-01-29,Active
105959,Jessica,Thomas,1954-05-08,Male,Hamilton,Ontario,Canada,2008-02-17,Active
105960,Mia,Jackson,1980-05-03,Male,Ottawa,Ontario,Canada,2010-12-23,Active
105961,Michael,Thompson,1964-11-28,Female,Mississauga,Ontario,Canada,1990-08-28,Active
105962,Jessica,Thomas,1968-04-12,Female,Red Deer,Alberta,Canada,1989-04-11,Active
105963,Emma,Wilson,1976-10-07,Female,Saskatoon,Saskatchewan,Canada,2014-03-20,Active
105964,Robert,Lewis,2004-09-15,Female,Ottawa,Ontario,Canada,2024-10-06,Inactive
105965,Sophia,Jackson,1987-09-07,Male,Vancouver,British Columbia,Canada,2010-09-01,Active
105966,John,Lewis,1948-02-27,Female,Winnipeg,Manitoba,Canada,1979-02-13,Active
105967,Olivia,Thomas,2002-08-29,Female,Winnipeg,Manitoba,Canada,2025-02-13,Active
105968,Jessica,Lee,1950-02-12,Male,Quebec City,Quebec,Canada,2020-03-05,Inactive
105969,Michael,Martin,1973-09-29,Male,Hamilton,Ontario,Canada,2024-06-18,Inactive
105970,James,Garcia,1983-02-15,Female,Halifax,Nova Scotia,Canada,2021-10-07,Inactive
105971,Sophia,Garcia,1978-08-13,Male,Brampton,Ontario,Canada,2003-09-28,Active
105972,David,Taylor,1978-06-29,Female,Ottawa,Ontario,Canada,2018-07-25,Closed
105973,Sarah,Clark,1988-07-09,Female,Brampton,Ontario,Canada,2014-04-18,Active
105974,James,Lee,2005-10-27,Male,Quebec City,Quebec,Canada,2024-02-20,Active
105975,Ava,Martin,1957-10-26,Female,Brampton,Ontario,Canada,1984-06-09,Active
105976,Emily,Lee,1994-07-24,Female,Quebec City,Quebec,Canada,2018-11-11,Active
105977,Mia,Clark,1944-06-03,Male,Halifax,Nova Scotia,Canada,1980-06-05,Active
105978,Michael,Martin,2003-02-09,Female,Laval,Quebec,Canada,2022-02-09,Active
105979,David,White,1969-01-09,Male,Saint John,New Brunswick,Canada,2017-07-31,Active
105980,Jessica,Clark,1989-06-20,Female,Winnipeg,Manitoba,Canada,2008-04-21,Active
105981,Jessica,Wilson,1959-11-29,Male,Edmonton,Alberta,Canada,2024-06-28,Active
105982,Sophia,Harris,2002-05-23,Male,Vancouver,British Columbia,Canada,2022-12-01,Active
105983,Mia,Clark,1977-04-12,Female,Winnipeg,Manitoba,Canada,2005-07-22,Active
105984,Emma,Lee,1987-04-09,Male,Laval,Quebec,Canada,2011-12-25,Active
105985,Michael,Anderson,1958-03-08,Male,Brampton,Ontario,Canada,2010-03-19,Active
105986,Robert,Brown,1977-02-12,Male,Regina,Saskatchewan,Canada,2024-02-01,Active
105987,Mia,Thomas,1992-01-06,Female,Quebec City,Quebec,Canada,2014-07-03,Inactive
105988,Emily,Clark,1980-07-17,Female,Winnipeg,Manitoba,Canada,2024-08-02,Active
105989,Mia,White,1954-12-10,Male,Hamilton,Ontario,Canada,2021-10-06,Active
105990,Emily,Smith,2000-10-10,Male,Toronto,Ontario,Canada,2026-02-25,Active
105991,James,Brown,1959-04-11,Male,Calgary,Alberta,Canada,2007-10-14,Active
105992,Sarah,Thomas,1950-08-05,Female,Surrey,British Columbia,Canada,1969-06-05,Active
105993,Emma,Thomas,1983-12-13,Male,Quebec City,Quebec,Canada,2009-08-15,Active
105994,Jessica,Wilson,1979-08-14,Female,Winnipeg,Manitoba,Canada,2012-09-09,Inactive
105995,John,White,1973-03-03,Male,Laval,Quebec,Canada,2019-06-08,Active
105996,David,White,1968-09-17,Female,Mississauga,Ontario,Canada,1987-06-10,Closed
105997,Emma,Wilson,1944-11-16,Female,Vancouver,British Columbia,Canada,2000-01-01,Active
105998,Ava,Taylor,1985-10-07,Male,Toronto,Ontario,Canada,2017-08-10,Active
105999,Sophia,Martin,1957-08-13,Female,Laval,Quebec,Canada,1977-09-22,Active
106000,John,Lee,1982-01-14,Male,Mississauga,Ontario,Canada,2013-07-29,Active
106001,Jessica,Lee,2000-08-26,Female,Hamilton,Ontario,Canada,2021-12-30,Active
106002,Emma,Harris,1969-03-05,Male,Moncton,New Brunswick,Canada,2004-03-03,Active
106003,Jessica,Smith,1979-09-18,Male,Brampton,Ontario,Canada,2019-04-21,Active
106004,Emily,Lewis,1987-06-05,Male,Calgary,Alberta,Canada,2006-07-18,Active
106005,Sarah,Lee,1980-08-29,Male,Surrey,British Columbia,Canada,2019-09-09,Active
106006,David,Anderson,1977-10-07,Female,Toronto,Ontario,Canada,1999-01-02,Active
106007,Robert,Jackson,1972-08-10,Female,Saskatoon,Saskatchewan,Canada,2016-03-15,Active
106008,Sophia,Smith,1955-10-23,Male,Ottawa,Ontario,Canada,1990-05-10,Active
106009,John,Clark,1986-04-09,Female,Laval,Quebec,Canada,2015-12-06,Active
106010,John,Garcia,1984-03-13,Female,Edmonton,Alberta,Canada,2008-02-13,Active
106011,William,Smith,1970-03-12,Male,Edmonton,Alberta,Canada,2026-01-12,Closed
106012,Sophia,Thompson,1945-09-05,Male,Mississauga,Ontario,Canada,1974-12-10,Active
106013,Jessica,Jackson,1944-11-07,Female,Edmonton,Alberta,Canada,1989-01-22,Active
106014,Emily,Harris,1995-11-06,Male,Moncton,New Brunswick,Canada,2024-10-04,Active
106015,Emily,Taylor,1950-12-20,Female,Laval,Quebec,Canada,1990-11-10,Active
106016,John,Clark,2001-02-09,Male,Vancouver,British Columbia,Canada,2019-04-28,Active
106017,Robert,Jackson,1947-07-07,Male,Ottawa,Ontario,Canada,1977-10-16,Active
106018,John,Clark,1948-11-28,Female,Ottawa,Ontario,Canada,1979-12-05,Active
106019,Sophia,Wilson,1957-09-23,Female,Quebec City,Quebec,Canada,1979-10-21,Active
106020,Sophia,Harris,1960-03-05,Female,Brampton,Ontario,Canada,2022-08-23,Active
106021,David,Anderson,1963-11-28,Male,Victoria,British Columbia,Canada,2018-12-15,Active
106022,Robert,Lee,1951-12-28,Female,Hamilton,Ontario,Canada,2019-05-25,Active
106023,Robert,Harris,1950-12-22,Female,Hamilton,Ontario,Canada,2000-09-24,Active
106024,Mia,Thompson,1992-08-16,Female,Montreal,Quebec,Canada,2016-04-27,Active
106025,Sarah,Brown,2002-07-24,Female,Ottawa,Ontario,Canada,2025-10-14,Active
106026,Sophia,Thompson,1948-06-22,Female,Montreal,Quebec,Canada,2014-11-22,Active
106027,Daniel,Brown,1982-10-15,Female,Montreal,Quebec,Canada,2019-08-04,Closed
106028,Olivia,Thomas,1978-02-02,Female,Toronto,Ontario,Canada,2000-09-28,Active
106029,Sarah,Taylor,1987-05-02,Female,Ottawa,Ontario,Canada,2023-04-24,Active
106030,Robert,Smith,1968-06-16,Male,Ottawa,Ontario,Canada,2012-03-16,Closed
106031,Mia,Harris,1958-03-26,Female,Laval,Quebec,Canada,2011-07-08,Inactive
106032,Olivia,Taylor,1991-04-22,Female,Ottawa,Ontario,Canada,2024-08-21,Active
106033,Sophia,White,1984-10-25,Male,Surrey,British Columbia,Canada,2009-03-09,Active
106034,Ava,Garcia,1984-04-07,Male,Vancouver,British Columbia,Canada,2013-10-12,Active
106035,David,Wilson,1953-05-08,Male,Ottawa,Ontario,Canada,1990-02-13,Active
106036,John,Thompson,1978-04-14,Female,Hamilton,Ontario,Canada,2001-05-09,Active
106037,Emily,Anderson,2002-07-05,Male,Brampton,Ontario,Canada,2023-08-24,Closed
106038,Robert,Anderson,1975-09-20,Male,Ottawa,Ontario,Canada,2012-10-15,Active
106039,Daniel,Harris,2000-04-13,Female,Mississauga,Ontario,Canada,2020-07-13,Active
106040,David,Martin,1992-10-29,Male,Halifax,Nova Scotia,Canada,2022-09-04,Active
106041,William,Martin,1968-03-12,Female,Mississauga,Ontario,Canada,1998-06-02,Active
106042,William,Wilson,1974-01-24,Male,Ottawa,Ontario,Canada,2022-01-06,Active
106043,William,Harris,1963-05-03,Male,Calgary,Alberta,Canada,2014-09-26,Active
106044,Sophia,Taylor,1970-06-13,Male,Regina,Saskatchewan,Canada,2002-12-09,Active
106045,Emily,Anderson,1955-09-27,Female,Laval,Quebec,Canada,2012-08-24,Active
106046,Sarah,Lee,1945-08-05,Female,Montreal,Quebec,Canada,1981-07-05,Active
106047,John,Brown,1990-02-26,Male,Mississauga,Ontario,Canada,2019-03-16,Active
106048,Emily,Jackson,1960-12-01,Male,Calgary,Alberta,Canada,2011-08-27,Active
106049,Michael,Jackson,2000-06-07,Female,Quebec City,Quebec,Canada,2020-02-02,Active
106050,Robert,Taylor,1967-04-21,Female,Quebec City,Quebec,Canada,1995-08-21,Active
106051,Daniel,Garcia,1984-09-27,Female,Ottawa,Ontario,Canada,2005-09-23,Active
106052,Michael,White,1980-06-17,Male,Quebec City,Quebec,Canada,2005-04-22,Active
106053,William,Thompson,1960-02-16,Female,Surrey,British Columbia,Canada,2012-01-16,Active
106054,Robert,Thomas,1986-05-31,Female,Ottawa,Ontario,Canada,2008-06-21,Inactive
106055,Emma,Lewis,1972-01-01,Male,Laval,Quebec,Canada,2022-06-24,Active
106056,Emma,Thompson,2004-08-25,Female,Toronto,Ontario,Canada,2024-02-15,Active
106057,James,Anderson,1967-12-20,Female,Edmonton,Alberta,Canada,1998-03-16,Active
106058,Jessica,Lee,1961-06-07,Female,Ottawa,Ontario,Canada,2000-03-06,Active
106059,Jessica,Clark,1945-05-05,Female,Winnipeg,Manitoba,Canada,2003-07-14,Active
106060,William,Harris,1978-04-19,Male,Montreal,Quebec,Canada,2018-04-24,Active
106061,Sarah,Smith,1976-02-08,Female,Quebec City,Quebec,Canada,2016-02-02,Inactive
106062,Sophia,Harris,1991-08-19,Male,Mississauga,Ontario,Canada,2011-06-20,Active
106063,William,Thompson,1955-01-11,Female,Laval,Quebec,Canada,2019-11-10,Active
106064,James,Thomas,1963-07-25,Male,Ottawa,Ontario,Canada,2000-10-10,Active
106065,William,Wilson,1958-12-21,Male,Mississauga,Ontario,Canada,2019-09-25,Active
106066,David,Harris,1978-07-23,Female,Mississauga,Ontario,Canada,2016-05-13,Active
106067,William,Clark,1961-04-12,Male,Ottawa,Ontario,Canada,1982-09-07,Active
106068,David,Anderson,1970-05-15,Female,Edmonton,Alberta,Canada,2009-03-28,Active
106069,Michael,Jackson,2002-06-28,Male,Mississauga,Ontario,Canada,2025-08-17,Active
106070,Ava,Smith,1969-01-10,Male,Edmonton,Alberta,Canada,2018-04-05,Active
106071,John,Thompson,2005-04-28,Male,Edmonton,Alberta,Canada,2025-09-30,Active
106072,Olivia,Clark,1947-12-13,Male,Surrey,British Columbia,Canada,2020-02-16,Active
106073,Olivia,Garcia,1972-06-30,Male,Ottawa,Ontario,Canada,2010-11-15,Active
106074,Jessica,Jackson,1945-07-11,Male,Laval,Quebec,Canada,1976-12-15,Inactive
106075,Mia,Smith,1979-01-14,Female,Edmonton,Alberta,Canada,1997-02-13,Active
106076,James,White,1962-08-10,Male,Ottawa,Ontario,Canada,2022-06-17,Active
106077,Robert,Lee,1955-09-17,Male,Brampton,Ontario,Canada,2008-01-10,Active
106078,Michael,Brown,2001-06-22,Male,Hamilton,Ontario,Canada,2025-11-03,Active
106079,Emily,Taylor,1985-06-30,Male,Laval,Quebec,Canada,2021-11-18,Inactive
106080,Jessica,Clark,1956-02-22,Male,Mississauga,Ontario,Canada,1993-04-02,Active
106081,Mia,Harris,1988-09-20,Male,Ottawa,Ontario,Canada,2010-01-25,Active
106082,William,Wilson,1947-12-20,Female,Surrey,British Columbia,Canada,2015-05-03,Active
106083,David,Smith,1976-06-17,Female,Montreal,Quebec,Canada,2022-01-05,Active
106084,Mia,Jackson,1983-01-27,Female,Hamilton,Ontario,Canada,2014-04-05,Active
106085,Olivia,Harris,1952-09-01,Female,Regina,Saskatchewan,Canada,1984-07-23,Active
106086,Sophia,Clark,2004-05-22,Female,Mississauga,Ontario,Canada,2025-11-09,Active
106087,Daniel,Lewis,1949-07-03,Male,Brampton,Ontario,Canada,2017-03-05,Active
106088,Daniel,Jackson,1947-08-08,Male,Ottawa,Ontario,Canada,2011-04-12,Closed
106089,William,Jackson,1975-04-28,Female,Mississauga,Ontario,Canada,2010-11-19,Active
106090,Sophia,Lewis,1990-12-18,Male,Laval,Quebec,Canada,2025-12-31,Active
106091,David,Garcia,1978-05-19,Male,Brampton,Ontario,Canada,2025-01-08,Active
106092,Ava,Taylor,1950-11-01,Female,Edmonton,Alberta,Canada,1981-08-15,Active
106093,Michael,Thompson,1949-08-15,Male,Winnipeg,Manitoba,Canada,1986-02-01,Active
106094,Daniel,Thompson,1952-07-11,Male,Toronto,Ontario,Canada,2011-11-06,Active
106095,Robert,Taylor,2005-11-26,Female,Red Deer,Alberta,Canada,2024-04-29,Active
106096,Jessica,Lee,2002-12-22,Male,Quebec City,Quebec,Canada,2021-01-19,Active
106097,Olivia,Anderson,1949-02-07,Male,Calgary,Alberta,Canada,1997-10-18,Active
106098,Mia,Harris,1988-03-05,Male,Mississauga,Ontario,Canada,2025-01-23,Active
106099,Sophia,White,1995-06-30,Male,Surrey,British Columbia,Canada,2025-01-23,Active
106100,David,Thompson,1979-03-28,Female,Brampton,Ontario,Canada,2003-02-03,Active
106101,David,Lewis,1953-11-13,Female,Hamilton,Ontario,Canada,1984-04-11,Active
106102,Mia,Thomas,1954-05-16,Male,Winnipeg,Manitoba,Canada,1992-08-24,Inactive
106103,Sarah,Thomas,1987-09-08,Male,Toronto,Ontario,Canada,2025-02-12,Active
106104,John,Garcia,1979-03-22,Male,Montreal,Quebec,Canada,2022-01-17,Active
106105,Emma,Lee,1954-12-30,Female,Brampton,Ontario,Canada,2021-08-27,Active
106106,Jessica,Lewis,1947-12-03,Male,Winnipeg,Manitoba,Canada,1994-12-08,Active
106107,James,Garcia,1971-04-14,Male,Hamilton,Ontario,Canada,1992-03-16,Active
106108,Sophia,Thompson,1968-11-06,Female,Brampton,Ontario,Canada,2013-04-12,Active
106109,Jessica,Garcia,2005-11-10,Female,Vancouver,British Columbia,Canada,2026-05-22,Active
106110,Jessica,Lee,1988-05-19,Female,Mississauga,Ontario,Canada,2013-09-17,Active
106111,Emma,Smith,1970-09-22,Female,Brampton,Ontario,Canada,1997-11-01,Active
106112,Sarah,Harris,1979-10-21,Female,Vancouver,British Columbia,Canada,2013-11-01,Active
106113,Daniel,Smith,1976-09-05,Female,Halifax,Nova Scotia,Canada,2002-05-11,Active
106114,Jessica,Harris,1986-07-15,Female,Calgary,Alberta,Canada,2023-03-31,Active
106115,Michael,Thomas,1980-09-26,Male,Mississauga,Ontario,Canada,2009-12-14,Active
106116,Michael,Anderson,1951-04-19,Male,Ottawa,Ontario,Canada,2020-07-02,Active
106117,Emma,Lewis,1977-01-21,Male,Edmonton,Alberta,Canada,2014-02-14,Active
106118,David,Thompson,1991-10-17,Female,Hamilton,Ontario,Canada,2017-06-29,Active
106119,Sarah,Harris,2001-01-30,Female,Vancouver,British Columbia,Canada,2022-07-12,Active
106120,Robert,Lewis,2004-03-31,Female,Laval,Quebec,Canada,2025-06-06,Active
106121,David,Brown,1986-01-02,Male,Winnipeg,Manitoba,Canada,2009-07-21,Active
106122,Emily,Martin,2001-03-05,Female,Ottawa,Ontario,Canada,2022-09-03,Active
106123,Emma,Wilson,1945-03-10,Male,Saskatoon,Saskatchewan,Canada,2018-01-15,Active
106124,Daniel,Taylor,1949-07-16,Male,Laval,Quebec,Canada,2023-02-05,Active
106125,Michael,Wilson,1956-02-16,Female,Victoria,British Columbia,Canada,1976-05-24,Active
106126,David,Harris,1950-03-18,Female,Ottawa,Ontario,Canada,2010-09-28,Active
106127,Michael,Martin,1985-03-18,Female,Montreal,Quebec,Canada,2022-12-11,Active
106128,Mia,Garcia,1976-05-05,Male,Mississauga,Ontario,Canada,2008-04-13,Active
106129,Robert,Jackson,1978-05-06,Male,Hamilton,Ontario,Canada,2003-05-29,Active
106130,William,Lee,1977-01-06,Male,Montreal,Quebec,Canada,2010-10-12,Active
106131,John,Thomas,1974-09-07,Male,Mississauga,Ontario,Canada,2023-04-22,Active
106132,Daniel,Wilson,1997-12-31,Female,Halifax,Nova Scotia,Canada,2017-12-13,Active
106133,Mia,Smith,1957-02-12,Male,Edmonton,Alberta,Canada,1991-06-10,Active
106134,Daniel,Brown,1967-03-29,Male,Victoria,British Columbia,Canada,2024-03-22,Active
106135,Jessica,Jackson,1949-12-09,Male,Laval,Quebec,Canada,2006-10-16,Active
106136,Michael,Jackson,1976-05-30,Female,Ottawa,Ontario,Canada,2002-08-21,Active
106137,Michael,Clark,1965-12-09,Female,Mississauga,Ontario,Canada,2012-12-07,Active
106138,Olivia,Brown,1956-10-31,Male,Mississauga,Ontario,Canada,1984-03-25,Active
106139,James,Taylor,1978-07-28,Male,Quebec City,Quebec,Canada,2018-03-30,Active
106140,Daniel,Lee,2003-08-21,Female,Calgary,Alberta,Canada,2023-11-29,Active
106141,Robert,Smith,1992-06-11,Female,Mississauga,Ontario,Canada,2024-10-09,Active
106142,James,Jackson,1951-08-14,Male,Brampton,Ontario,Canada,2011-01-17,Active
106143,Sarah,Wilson,1966-01-23,Male,Hamilton,Ontario,Canada,1989-03-15,Active
106144,Ava,Harris,2000-12-15,Female,Laval,Quebec,Canada,2024-03-21,Active
106145,John,Lee,1957-02-21,Female,Brampton,Ontario,Canada,2009-02-22,Active
106146,Emma,Taylor,2000-02-11,Male,Quebec City,Quebec,Canada,2020-04-16,Inactive
106147,Emily,Thomas,2000-05-30,Male,Mississauga,Ontario,Canada,2022-09-04,Active
106148,Olivia,Jackson,1947-03-07,Male,Hamilton,Ontario,Canada,1981-06-21,Active
106149,John,Garcia,2006-04-14,Male,Surrey,British Columbia,Canada,2026-01-17,Active
106150,Mia,Lee,1992-11-07,Male,Charlottetown,Prince Edward Island,Canada,2014-07-30,Active
106151,James,Brown,1975-05-11,Male,Ottawa,Ontario,Canada,2006-12-16,Active
106152,Mia,White,1965-04-06,Male,Ottawa,Ontario,Canada,2009-06-11,Active
106153,Jessica,Garcia,1973-01-29,Male,Hamilton,Ontario,Canada,1992-10-06,Active
106154,William,Smith,1958-02-26,Male,Red Deer,Alberta,Canada,2024-07-01,Active
106155,James,Clark,1992-11-09,Male,Montreal,Quebec,Canada,2011-07-08,Active
106156,Jessica,Taylor,1969-05-09,Female,Laval,Quebec,Canada,2022-04-26,Active
106157,John,White,1971-10-11,Male,Montreal,Quebec,Canada,2013-10-20,Inactive
106158,Jessica,Lee,2002-03-17,Female,Regina,Saskatchewan,Canada,2023-06-20,Active
106159,Sophia,Martin,1947-01-22,Female,Hamilton,Ontario,Canada,1995-03-05,Active
106160,Robert,Lee,1969-02-17,Female,Mississauga,Ontario,Canada,2002-01-25,Active
106161,David,Martin,1982-05-23,Male,Hamilton,Ontario,Canada,2019-04-22,Active
106162,David,Taylor,1959-04-16,Male,Montreal,Quebec,Canada,1996-10-30,Active
106163,David,Thompson,1954-12-20,Female,Mississauga,Ontario,Canada,2001-03-26,Active
106164,John,Martin,1977-01-18,Male,Winnipeg,Manitoba,Canada,2020-07-15,Active
106165,David,Anderson,1955-08-12,Male,Victoria,British Columbia,Canada,2008-03-04,Inactive
106166,Jessica,Brown,1969-10-21,Male,Regina,Saskatchewan,Canada,2013-02-01,Active
106167,Robert,Martin,1949-04-19,Female,Halifax,Nova Scotia,Canada,2001-01-28,Active
106168,Sophia,Harris,1945-03-13,Female,Montreal,Quebec,Canada,1965-10-24,Active
106169,Emma,Garcia,1990-05-01,Male,Edmonton,Alberta,Canada,2009-07-30,Active
106170,Sophia,Brown,1955-09-26,Female,Vancouver,British Columbia,Canada,1977-09-27,Active
106171,Emily,Harris,1945-10-20,Female,Hamilton,Ontario,Canada,1980-11-14,Active
106172,Robert,Clark,1945-01-31,Male,Vancouver,British Columbia,Canada,1993-09-08,Active
106173,Mia,Lewis,1979-09-27,Male,Halifax,Nova Scotia,Canada,2004-09-05,Active
106174,David,Lee,1976-11-24,Male,Edmonton,Alberta,Canada,2011-10-23,Inactive
106175,Daniel,Taylor,1980-09-09,Female,Surrey,British Columbia,Canada,2023-03-09,Active
106176,Daniel,Wilson,1984-05-27,Female,Ottawa,Ontario,Canada,2025-09-16,Active
106177,Sophia,Harris,1985-03-26,Female,Edmonton,Alberta,Canada,2018-08-20,Active
106178,Emily,Jackson,1989-04-03,Female,Toronto,Ontario,Canada,2009-12-28,Active
106179,Sophia,Taylor,1997-09-15,Male,Surrey,British Columbia,Canada,2023-11-13,Active
106180,Mia,Brown,1957-02-05,Female,Victoria,British Columbia,Canada,2016-09-30,Inactive
106181,William,Wilson,1949-10-18,Female,Quebec City,Quebec,Canada,2013-12-21,Active
106182,Mia,Thomas,1994-09-19,Female,Toronto,Ontario,Canada,2025-03-17,Active
106183,Michael,Garcia,1948-04-03,Male,Vancouver,British Columbia,Canada,1966-07-10,Active
106184,Mia,Smith,1969-11-23,Male,Brampton,Ontario,Canada,2002-07-14,Active
106185,Michael,Brown,1982-09-13,Male,Brampton,Ontario,Canada,2016-01-11,Active
106186,Emma,Taylor,1947-02-05,Male,Toronto,Ontario,Canada,1975-01-22,Active
106187,William,Lewis,2005-05-19,Female,Victoria,British Columbia,Canada,2024-09-07,Active
106188,Ava,Lee,2002-06-12,Female,Ottawa,Ontario,Canada,2021-12-23,Active
106189,John,Jackson,1996-10-16,Female,Ottawa,Ontario,Canada,2017-05-15,Inactive
106190,Daniel,Smith,1987-09-08,Male,Winnipeg,Manitoba,Canada,2019-08-04,Active
106191,Mia,Smith,1993-12-24,Male,Laval,Quebec,Canada,2021-10-04,Active
106192,James,Clark,1979-06-10,Male,Winnipeg,Manitoba,Canada,1999-06-25,Active
106193,David,Jackson,1991-05-03,Female,Laval,Quebec,Canada,2021-03-03,Active
106194,John,Brown,1946-07-14,Female,Toronto,Ontario,Canada,2019-07-23,Active
106195,Robert,Clark,1957-01-31,Male,Calgary,Alberta,Canada,1977-03-01,Active
106196,William,White,1944-11-17,Female,Ottawa,Ontario,Canada,2011-02-21,Active
106197,Jessica,Thomas,1951-09-25,Female,Saint John,New Brunswick,Canada,2009-09-29,Active
106198,David,Jackson,1979-08-02,Male,Ottawa,Ontario,Canada,2020-09-08,Active
106199,Michael,Taylor,1992-01-14,Male,Red Deer,Alberta,Canada,2026-01-21,Inactive
106200,Michael,Lewis,1999-05-13,Male,Quebec City,Quebec,Canada,2024-04-01,Active
106201,Ava,Garcia,1954-01-20,Male,Edmonton,Alberta,Canada,1991-08-28,Active
106202,Ava,Wilson,1984-10-15,Female,Toronto,Ontario,Canada,2005-11-10,Active
106203,David,Garcia,1990-11-21,Male,Victoria,British Columbia,Canada,2024-12-21,Active
106204,Michael,Wilson,1944-05-07,Female,Brampton,Ontario,Canada,2009-05-10,Active
106205,James,Jackson,1964-08-04,Female,Calgary,Alberta,Canada,2002-04-04,Active
106206,Ava,Garcia,1984-03-12,Female,Hamilton,Ontario,Canada,2016-11-09,Active
106207,Olivia,Smith,1952-07-24,Female,Quebec City,Quebec,Canada,2000-06-10,Active
106208,Sophia,Thompson,1965-12-17,Male,Surrey,British Columbia,Canada,1986-02-19,Active
106209,Robert,Taylor,1972-11-18,Female,Laval,Quebec,Canada,1999-12-19,Active
106210,Jessica,Thompson,1951-09-09,Male,Red Deer,Alberta,Canada,1985-11-27,Active
106211,James,White,1948-03-27,Female,Surrey,British Columbia,Canada,2003-09-12,Active
106212,Olivia,Smith,1995-02-16,Female,Hamilton,Ontario,Canada,2018-11-09,Active
106213,Emily,Garcia,1949-07-09,Male,Calgary,Alberta,Canada,1992-07-06,Active
106214,Robert,Taylor,1980-04-25,Male,Quebec City,Quebec,Canada,2013-09-15,Active
106215,Olivia,Lee,1970-04-15,Female,Quebec City,Quebec,Canada,2022-06-13,Active
106216,Jessica,Clark,1989-08-17,Female,Toronto,Ontario,Canada,2011-01-23,Active
106217,Daniel,Wilson,2000-05-14,Female,Laval,Quebec,Canada,2019-04-23,Active
106218,Michael,Martin,1954-05-26,Male,Calgary,Alberta,Canada,2001-01-04,Active
106219,James,Thomas,2003-07-04,Female,Regina,Saskatchewan,Canada,2025-12-04,Active
106220,Ava,Martin,1951-04-26,Female,Regina,Saskatchewan,Canada,2024-03-26,Active
106221,Robert,Harris,1999-06-09,Male,Surrey,British Columbia,Canada,2020-07-04,Active
106222,Robert,Anderson,1976-05-31,Female,Brampton,Ontario,Canada,2005-11-06,Active
106223,Olivia,Martin,1946-11-20,Female,Laval,Quebec,Canada,2016-04-19,Active
106224,David,Taylor,1977-04-03,Female,Ottawa,Ontario,Canada,2000-01-05,Inactive
106225,William,Lewis,1999-03-18,Male,Vancouver,British Columbia,Canada,2020-08-20,Active
106226,Olivia,Lee,1980-09-01,Male,Ottawa,Ontario,Canada,2011-10-16,Active
106227,Emily,Wilson,1950-02-08,Female,Moncton,New Brunswick,Canada,1985-06-06,Closed
106228,Jessica,Thompson,1990-11-20,Female,Ottawa,Ontario,Canada,2016-11-24,Active
106229,James,Lewis,1997-03-23,Male,Brampton,Ontario,Canada,2026-07-15,Active
106230,Daniel,Brown,1985-10-22,Female,Edmonton,Alberta,Canada,2024-10-09,Active
106231,Sarah,Garcia,1969-10-21,Male,Hamilton,Ontario,Canada,2002-09-08,Active
106232,Jessica,Lee,1986-08-09,Female,Ottawa,Ontario,Canada,2014-10-21,Active
106233,Michael,Taylor,1965-02-20,Male,Laval,Quebec,Canada,2023-05-21,Active
106234,Michael,Harris,1955-01-09,Male,Saint John,New Brunswick,Canada,1986-01-28,Active
106235,Sophia,Garcia,1997-11-28,Female,Ottawa,Ontario,Canada,2022-01-16,Active
106236,Olivia,Thomas,1970-05-05,Male,Laval,Quebec,Canada,1996-12-11,Active
106237,Emma,Taylor,1992-02-19,Female,Hamilton,Ontario,Canada,2020-08-14,Active
106238,Robert,Thomas,1981-10-19,Male,Laval,Quebec,Canada,2000-09-22,Active
106239,Ava,Thomas,1999-07-07,Male,Mississauga,Ontario,Canada,2019-06-20,Active
106240,Robert,Thompson,1976-09-03,Female,Montreal,Quebec,Canada,2018-05-23,Active
106241,Jessica,Thomas,1963-03-30,Female,Montreal,Quebec,Canada,2012-10-04,Active
106242,Michael,Thomas,1963-03-02,Female,Regina,Saskatchewan,Canada,1993-05-08,Active
106243,Mia,Lee,1976-10-14,Female,Surrey,British Columbia,Canada,2001-04-09,Active
106244,Robert,Harris,2003-06-28,Male,Surrey,British Columbia,Canada,2025-07-27,Active
106245,Emma,Lewis,1955-12-06,Male,Quebec City,Quebec,Canada,2025-08-14,Active
106246,Robert,Thompson,1952-10-30,Male,Ottawa,Ontario,Canada,2001-07-22,Active
106247,Sophia,Lewis,1960-04-20,Female,Mississauga,Ontario,Canada,2013-03-11,Active
106248,Daniel,Wilson,2005-05-27,Male,Montreal,Quebec,Canada,2025-09-21,Inactive
106249,James,Lee,1982-08-24,Male,Toronto,Ontario,Canada,2024-02-05,Active
106250,Michael,Lee,1993-04-09,Female,Brampton,Ontario,Canada,2014-05-25,Active
106251,Olivia,Smith,1979-09-09,Male,Brampton,Ontario,Canada,2014-02-27,Inactive
106252,Michael,Thomas,1981-07-23,Female,Ottawa,Ontario,Canada,2003-10-04,Active
106253,Robert,Jackson,1983-07-15,Male,Mississauga,Ontario,Canada,2009-11-25,Active
106254,Emily,Jackson,1952-01-12,Male,Quebec City,Quebec,Canada,1993-09-17,Active
106255,David,Garcia,1983-08-30,Male,Calgary,Alberta,Canada,2024-12-24,Active
106256,John,Thompson,1979-07-12,Male,Toronto,Ontario,Canada,2007-12-04,Active
106257,Jessica,Taylor,1995-12-04,Female,Red Deer,Alberta,Canada,2014-04-04,Active
106258,Olivia,Martin,1949-07-16,Male,Hamilton,Ontario,Canada,1997-06-19,Active
106259,Olivia,Lee,1976-01-11,Female,Charlottetown,Prince Edward Island,Canada,2007-11-26,Active
106260,Ava,Jackson,2002-09-17,Female,Montreal,Quebec,Canada,2025-03-02,Active
106261,John,Lewis,1995-06-17,Male,Quebec City,Quebec,Canada,2013-06-30,Inactive
106262,Daniel,Martin,1961-12-29,Female,Victoria,British Columbia,Canada,2022-05-31,Active
106263,David,Lewis,1989-11-28,Female,Laval,Quebec,Canada,2021-10-17,Active
106264,Mia,Lewis,1969-03-03,Male,Montreal,Quebec,Canada,2010-08-23,Inactive
106265,Emily,Smith,1993-12-18,Female,Mississauga,Ontario,Canada,2024-08-09,Active
106266,John,Clark,1984-02-12,Male,Saint John,New Brunswick,Canada,2007-08-30,Active
106267,Olivia,Wilson,1974-05-12,Female,Calgary,Alberta,Canada,2006-01-31,Active
106268,James,Clark,1945-03-07,Male,Quebec City,Quebec,Canada,1981-12-07,Active
106269,Robert,Clark,1991-12-09,Female,Calgary,Alberta,Canada,2014-07-17,Active
106270,Olivia,Taylor,1978-02-21,Female,Toronto,Ontario,Canada,2023-10-15,Active
106271,Sarah,Smith,1977-07-27,Female,Laval,Quebec,Canada,2023-09-04,Active
106272,Sophia,Jackson,1989-01-13,Female,Montreal,Quebec,Canada,2011-02-24,Active
106273,Emily,Anderson,2001-06-14,Male,Mississauga,Ontario,Canada,2021-04-01,Active
106274,Emma,Harris,1957-01-21,Female,Saskatoon,Saskatchewan,Canada,1979-12-15,Active
106275,Emily,Brown,2000-10-03,Male,Edmonton,Alberta,Canada,2019-12-22,Active
106276,James,Smith,1953-09-13,Male,Winnipeg,Manitoba,Canada,2022-05-02,Active
106277,John,Jackson,1984-06-10,Male,Victoria,British Columbia,Canada,2007-02-03,Active
106278,Sophia,Garcia,1974-09-21,Female,Mississauga,Ontario,Canada,1993-08-17,Active
106279,James,Anderson,1991-09-11,Female,Calgary,Alberta,Canada,2024-07-15,Active
106280,William,Anderson,1977-10-20,Male,Brampton,Ontario,Canada,2018-12-01,Active
106281,James,Wilson,1980-09-19,Female,Calgary,Alberta,Canada,2018-08-15,Active
106282,Robert,Anderson,1971-08-30,Female,Ottawa,Ontario,Canada,1995-01-19,Active
106283,Emily,Anderson,1985-07-28,Male,Red Deer,Alberta,Canada,2004-01-03,Closed
106284,Michael,Taylor,1962-08-16,Male,Vancouver,British Columbia,Canada,2011-04-22,Active
106285,Daniel,Thomas,1962-04-22,Female,Ottawa,Ontario,Canada,2006-01-24,Closed
106286,Ava,Anderson,1969-10-26,Female,Mississauga,Ontario,Canada,1995-01-22,Active
106287,John,Thompson,1956-09-19,Male,Quebec City,Quebec,Canada,1998-04-15,Active
106288,James,Thomas,1963-09-04,Female,Hamilton,Ontario,Canada,2022-01-14,Active
106289,Robert,Garcia,1949-02-15,Male,Calgary,Alberta,Canada,2020-12-23,Active
106290,Emma,Martin,1959-09-23,Female,Ottawa,Ontario,Canada,1980-03-02,Inactive
106291,Daniel,Martin,1969-11-05,Male,Quebec City,Quebec,Canada,1989-02-27,Active
106292,Jessica,Harris,1973-09-28,Male,Brampton,Ontario,Canada,2002-05-17,Active
106293,James,Lewis,1983-10-16,Male,Brampton,Ontario,Canada,2020-06-11,Active
106294,Sophia,Taylor,1968-12-04,Female,Toronto,Ontario,Canada,2018-01-16,Active
106295,John,Lee,1982-12-19,Male,Edmonton,Alberta,Canada,2014-06-02,Active
106296,Olivia,Taylor,1971-06-06,Male,Surrey,British Columbia,Canada,2010-07-22,Active
106297,Michael,Wilson,1971-08-21,Male,Saskatoon,Saskatchewan,Canada,2007-02-02,Active
106298,Emma,Clark,1944-01-06,Female,Quebec City,Quebec,Canada,1989-04-16,Active
106299,Robert,Lewis,1993-03-22,Male,Hamilton,Ontario,Canada,2013-02-25,Active
106300,Michael,Brown,1987-08-22,Male,Ottawa,Ontario,Canada,2014-10-18,Active
106301,William,Harris,1947-08-15,Male,Quebec City,Quebec,Canada,2025-09-28,Inactive
106302,James,White,1946-12-14,Female,Toronto,Ontario,Canada,1995-12-14,Inactive
106303,Michael,Taylor,1990-06-14,Male,Mississauga,Ontario,Canada,2019-04-14,Inactive
106304,Emily,White,1957-01-08,Male,Surrey,British Columbia,Canada,2026-05-27,Active
106305,Robert,Thompson,2000-06-28,Female,Hamilton,Ontario,Canada,2018-09-21,Active
106306,William,Harris,1994-08-14,Female,Montreal,Quebec,Canada,2022-01-30,Active
106307,Emma,White,1970-01-12,Female,Laval,Quebec,Canada,1997-11-07,Active
106308,John,Lewis,2006-01-01,Male,Victoria,British Columbia,Canada,2025-04-19,Active
106309,William,Taylor,1977-06-08,Female,Ottawa,Ontario,Canada,1995-10-16,Inactive
106310,Michael,Martin,2006-06-18,Female,Surrey,British Columbia,Canada,2025-03-04,Active
106311,Sarah,Anderson,1947-04-10,Female,Mississauga,Ontario,Canada,1998-08-03,Active
106312,Robert,Lee,1981-04-23,Female,Hamilton,Ontario,Canada,2013-02-02,Active
106313,James,Taylor,1995-07-02,Female,Hamilton,Ontario,Canada,2018-09-11,Active
106314,John,Lewis,1960-05-05,Female,Hamilton,Ontario,Canada,2022-12-05,Closed
106315,Emma,Martin,1996-05-18,Male,Montreal,Quebec,Canada,2017-01-17,Active
106316,James,Taylor,1996-08-05,Female,Surrey,British Columbia,Canada,2017-03-27,Active
106317,Sophia,Garcia,1993-04-29,Female,Red Deer,Alberta,Canada,2020-02-05,Active
106318,Mia,Taylor,1984-12-20,Female,Toronto,Ontario,Canada,2011-02-26,Active
106319,Daniel,Taylor,1949-10-31,Male,Ottawa,Ontario,Canada,1984-05-12,Active
106320,Robert,Thomas,2006-02-17,Male,Brampton,Ontario,Canada,2024-04-17,Active
106321,Sophia,Thompson,1999-08-10,Female,St. John's,Newfoundland and Labrador,Canada,2022-05-02,Active
106322,Ava,Thomas,1978-08-05,Female,Mississauga,Ontario,Canada,2015-07-08,Active
106323,John,Harris,1969-02-06,Male,Laval,Quebec,Canada,2009-08-09,Active
106324,Ava,Harris,1977-02-23,Female,Hamilton,Ontario,Canada,2019-04-28,Active
106325,Ava,Wilson,2005-12-30,Male,Edmonton,Alberta,Canada,2025-10-07,Inactive
106326,Michael,Taylor,1946-10-04,Male,Laval,Quebec,Canada,2003-11-20,Active
106327,James,Anderson,1974-04-02,Female,Toronto,Ontario,Canada,2003-01-25,Active
106328,Olivia,Taylor,1956-03-31,Female,Laval,Quebec,Canada,2016-10-20,Active
106329,John,Lewis,1995-05-18,Male,Vancouver,British Columbia,Canada,2025-03-16,Active
106330,Jessica,Thomas,1986-01-06,Male,Laval,Quebec,Canada,2021-06-22,Active
106331,James,Jackson,2001-07-21,Male,Moncton,New Brunswick,Canada,2020-04-18,Active
106332,Olivia,Thompson,2006-08-10,Female,Winnipeg,Manitoba,Canada,2026-08-11,Closed
106333,David,Garcia,1951-05-02,Female,Laval,Quebec,Canada,2001-01-07,Active
106334,John,Thompson,1973-12-18,Female,Halifax,Nova Scotia,Canada,2007-08-31,Active
106335,James,Harris,2002-09-03,Female,Edmonton,Alberta,Canada,2022-01-12,Inactive
106336,Michael,Lee,1945-10-31,Male,Brampton,Ontario,Canada,1969-02-10,Active
106337,Emily,Lewis,1998-11-15,Male,Red Deer,Alberta,Canada,2025-01-28,Active
106338,John,Taylor,1969-03-03,Female,Montreal,Quebec,Canada,2008-04-25,Active
106339,Emma,Wilson,1977-09-24,Female,Laval,Quebec,Canada,2024-01-12,Active
106340,Jessica,Thomas,1951-12-16,Male,Quebec City,Quebec,Canada,2013-09-05,Closed
106341,Robert,Clark,1965-06-21,Female,Edmonton,Alberta,Canada,2018-06-11,Active
106342,Ava,Lee,2004-06-18,Female,Saskatoon,Saskatchewan,Canada,2024-03-04,Active
106343,Jessica,Thompson,2002-05-12,Male,Toronto,Ontario,Canada,2022-09-21,Active
106344,Olivia,Thompson,1952-11-25,Male,Victoria,British Columbia,Canada,1995-12-14,Inactive
106345,Michael,Taylor,1979-06-12,Female,Victoria,British Columbia,Canada,1997-08-09,Active
106346,Olivia,Harris,1951-06-05,Male,Winnipeg,Manitoba,Canada,2011-08-19,Inactive
106347,Emily,Wilson,2006-04-28,Male,Laval,Quebec,Canada,2026-06-05,Active
106348,Ava,Harris,1972-11-02,Female,Hamilton,Ontario,Canada,1991-06-10,Inactive
106349,Sarah,Wilson,1960-04-08,Female,Brampton,Ontario,Canada,2021-06-15,Active
106350,Olivia,Brown,1978-02-20,Male,Mississauga,Ontario,Canada,2016-03-15,Active
106351,William,Lee,1956-09-03,Male,Hamilton,Ontario,Canada,2003-06-15,Active
106352,James,Lewis,1989-03-10,Male,Mississauga,Ontario,Canada,2020-12-17,Active
106353,John,Thompson,1965-11-09,Male,Ottawa,Ontario,Canada,1984-10-08,Active
106354,Mia,Martin,1967-03-08,Female,Winnipeg,Manitoba,Canada,2025-06-13,Active
106355,Sophia,Taylor,1991-08-29,Female,Ottawa,Ontario,Canada,2024-06-17,Active
106356,William,Harris,2000-07-05,Male,Hamilton,Ontario,Canada,2024-06-18,Active
106357,Olivia,Garcia,1956-11-04,Female,Edmonton,Alberta,Canada,1992-01-10,Active
106358,James,Harris,1981-09-17,Male,Toronto,Ontario,Canada,2003-03-28,Active
106359,James,Anderson,1963-05-04,Female,Victoria,British Columbia,Canada,1995-02-05,Active
106360,Sarah,Thomas,1946-12-23,Female,Edmonton,Alberta,Canada,1995-09-19,Active
106361,Jessica,Clark,1960-02-07,Male,Toronto,Ontario,Canada,2026-01-14,Active
106362,Ava,Taylor,1946-02-25,Male,Quebec City,Quebec,Canada,1989-07-12,Active
106363,Sophia,Lee,1993-04-10,Female,Hamilton,Ontario,Canada,2022-07-02,Active
106364,David,Garcia,1973-07-13,Male,Laval,Quebec,Canada,2005-08-13,Active
106365,Emma,Lewis,1978-04-12,Male,Quebec City,Quebec,Canada,1998-03-09,Inactive
106366,Sarah,White,1971-09-07,Male,Hamilton,Ontario,Canada,2018-09-20,Active
106367,Emma,Taylor,1961-01-07,Male,Montreal,Quebec,Canada,1995-02-14,Active
106368,Michael,Smith,1972-07-01,Female,Laval,Quebec,Canada,2011-07-07,Active
106369,James,Harris,1953-08-16,Male,Toronto,Ontario,Canada,1989-12-22,Active
106370,James,Thomas,1947-08-09,Male,Brampton,Ontario,Canada,2010-03-26,Active
106371,Ava,Brown,1953-11-18,Male,Montreal,Quebec,Canada,2016-07-23,Active
106372,John,Lewis,1947-05-10,Female,Mississauga,Ontario,Canada,2011-01-30,Active
106373,Ava,Lee,1978-11-13,Female,Vancouver,British Columbia,Canada,2023-08-19,Active
106374,Olivia,Thomas,1947-10-30,Female,Winnipeg,Manitoba,Canada,2007-09-15,Active
106375,Michael,Thompson,1968-07-08,Female,Red Deer,Alberta,Canada,2007-09-24,Inactive
106376,Emma,Jackson,1990-03-28,Female,Toronto,Ontario,Canada,2022-03-15,Closed
106377,Michael,White,1980-04-15,Male,Montreal,Quebec,Canada,2017-09-07,Active
106378,Michael,Martin,1981-11-22,Male,Vancouver,British Columbia,Canada,2005-09-28,Active
106379,Emily,Jackson,1962-02-09,Male,Victoria,British Columbia,Canada,1993-10-16,Inactive
106380,Robert,Clark,1952-08-06,Male,Moncton,New Brunswick,Canada,1976-02-17,Active
106381,Robert,Wilson,1953-10-04,Female,Laval,Quebec,Canada,2013-09-14,Active
106382,Michael,Thompson,1971-02-25,Male,Ottawa,Ontario,Canada,1995-03-15,Active
106383,Jessica,Lee,2000-02-20,Female,Hamilton,Ontario,Canada,2018-11-14,Active
106384,James,Clark,2003-05-28,Male,Saskatoon,Saskatchewan,Canada,2025-08-29,Active
106385,David,Smith,1952-08-03,Male,Victoria,British Columbia,Canada,1973-05-23,Active
106386,Emily,Brown,1948-05-09,Male,Edmonton,Alberta,Canada,2024-01-07,Active
106387,Sarah,Martin,1973-04-12,Male,Vancouver,British Columbia,Canada,1999-02-06,Active
106388,Olivia,Lewis,1955-12-01,Male,Saint John,New Brunswick,Canada,2023-05-02,Active
106389,David,Clark,1952-08-27,Female,Quebec City,Quebec,Canada,2007-06-14,Active
106390,Jessica,Lewis,1968-07-18,Male,Halifax,Nova Scotia,Canada,1987-01-22,Active
106391,Sophia,Wilson,2004-08-13,Female,Winnipeg,Manitoba,Canada,2025-10-10,Active
106392,William,White,1958-11-11,Female,Calgary,Alberta,Canada,2026-06-03,Active
106393,David,Thompson,1949-05-11,Male,Regina,Saskatchewan,Canada,2022-03-02,Active
106394,Emily,Martin,1953-12-26,Female,Montreal,Quebec,Canada,2020-06-17,Active
106395,Emily,Garcia,1983-02-17,Male,Victoria,British Columbia,Canada,2007-04-20,Active
106396,John,Taylor,2005-04-27,Male,Montreal,Quebec,Canada,2023-12-26,Active
106397,Emily,Jackson,2004-07-12,Male,Red Deer,Alberta,Canada,2023-10-26,Active
106398,Michael,Jackson,1992-04-14,Female,Red Deer,Alberta,Canada,2019-06-01,Active
106399,Emily,Lee,1977-05-02,Female,Calgary,Alberta,Canada,2019-09-10,Active
106400,Mia,Taylor,1989-12-09,Female,Quebec City,Quebec,Canada,2026-05-18,Active
106401,Emily,Anderson,1947-11-25,Female,Edmonton,Alberta,Canada,1995-03-02,Active
106402,Sophia,Smith,2002-09-26,Male,Winnipeg,Manitoba,Canada,2023-07-13,Active
106403,Robert,Wilson,1993-07-09,Female,Victoria,British Columbia,Canada,2024-05-22,Active
106404,Mia,Lee,1955-10-14,Female,Montreal,Quebec,Canada,2024-03-15,Active
106405,Emma,Clark,1962-08-24,Male,Edmonton,Alberta,Canada,2000-05-16,Active
106406,Mia,Taylor,2000-01-20,Male,Edmonton,Alberta,Canada,2022-09-26,Active
106407,Sophia,Thompson,1978-02-21,Male,Quebec City,Quebec,Canada,2004-01-29,Inactive
106408,Jessica,Harris,2005-11-28,Male,Laval,Quebec,Canada,2024-11-09,Active
106409,Sarah,Lewis,1969-02-05,Female,Surrey,British Columbia,Canada,2017-03-24,Active
106410,Mia,Anderson,1980-12-08,Male,Vancouver,British Columbia,Canada,2003-05-22,Active
106411,Emma,Lee,1944-04-08,Male,Hamilton,Ontario,Canada,1980-10-03,Active
106412,Daniel,Thomas,2000-11-26,Female,Toronto,Ontario,Canada,2019-09-17,Active
106413,John,Thompson,1996-07-08,Female,Winnipeg,Manitoba,Canada,2017-08-05,Active
106414,James,Thomas,1995-06-01,Female,Regina,Saskatchewan,Canada,2022-10-12,Active
106415,David,Thompson,1991-08-01,Female,Quebec City,Quebec,Canada,2024-03-28,Active
106416,James,Thomas,1964-01-10,Female,Regina,Saskatchewan,Canada,1996-08-25,Active
106417,David,Clark,1946-03-06,Male,Laval,Quebec,Canada,2020-04-11,Active
106418,John,Martin,1964-12-08,Female,Hamilton,Ontario,Canada,2000-10-06,Active
106419,Ava,Anderson,1986-06-07,Male,Vancouver,British Columbia,Canada,2010-05-05,Active
106420,John,Lee,1986-07-30,Male,Mississauga,Ontario,Canada,2025-04-12,Active
106421,Jessica,Thompson,1998-03-21,Female,Toronto,Ontario,Canada,2021-08-03,Active
106422,William,Jackson,1978-10-14,Female,Halifax,Nova Scotia,Canada,2002-10-04,Active
106423,Michael,Wilson,1965-07-07,Female,Quebec City,Quebec,Canada,1993-01-27,Active
106424,Olivia,Lee,1968-04-01,Male,Mississauga,Ontario,Canada,2001-05-02,Active
106425,Ava,Garcia,2005-10-16,Female,Laval,Quebec,Canada,2024-02-07,Active
106426,Sophia,Thompson,1946-12-18,Male,Quebec City,Quebec,Canada,2021-01-31,Active
106427,Ava,Clark,1985-05-14,Male,Surrey,British Columbia,Canada,2017-10-11,Active
106428,Emily,Martin,1945-06-12,Male,Toronto,Ontario,Canada,2022-11-29,Active
106429,Olivia,Taylor,1973-03-15,Male,Brampton,Ontario,Canada,1999-09-13,Inactive
106430,Michael,Taylor,1950-03-04,Male,Laval,Quebec,Canada,2015-02-16,Active
106431,Emma,Brown,1958-03-01,Female,Vancouver,British Columbia,Canada,2010-04-21,Active
106432,Sophia,Smith,1969-06-17,Male,Regina,Saskatchewan,Canada,2002-06-25,Active
106433,David,Thompson,1964-06-09,Female,Ottawa,Ontario,Canada,1997-11-29,Active
106434,William,Clark,1945-09-22,Female,Winnipeg,Manitoba,Canada,1971-08-15,Active
106435,Jessica,Wilson,1993-06-27,Male,Charlottetown,Prince Edward Island,Canada,2023-08-14,Active
106436,James,Harris,1953-05-02,Female,Mississauga,Ontario,Canada,2015-01-05,Active
106437,Emma,Brown,1988-11-14,Male,Mississauga,Ontario,Canada,2017-12-19,Active
106438,Robert,Jackson,2004-12-27,Female,Vancouver,British Columbia,Canada,2026-01-27,Active
106439,John,Garcia,1959-08-09,Male,Winnipeg,Manitoba,Canada,2008-01-11,Active
106440,Robert,Clark,1972-05-21,Male,Brampton,Ontario,Canada,2016-04-27,Active
106441,Emma,Lee,1984-09-11,Male,Mississauga,Ontario,Canada,2026-08-07,Active
106442,Robert,Anderson,2002-10-18,Female,Surrey,British Columbia,Canada,2022-10-11,Active
106443,Emily,Lee,1967-12-04,Male,Calgary,Alberta,Canada,2012-07-22,Active
106444,Emma,Garcia,1955-12-20,Female,Hamilton,Ontario,Canada,2008-05-07,Active
106445,James,Thomas,1950-12-14,Male,Mississauga,Ontario,Canada,2021-05-10,Active
106446,Sophia,Anderson,1966-08-03,Female,Brampton,Ontario,Canada,2014-02-20,Active
106447,Robert,Brown,1996-05-18,Male,Saint John,New Brunswick,Canada,2017-08-25,Active
106448,Olivia,Lewis,1986-04-15,Male,Vancouver,British Columbia,Canada,2024-02-23,Active
106449,Michael,Taylor,1958-05-24,Male,Montreal,Quebec,Canada,2017-04-17,Closed
106450,Michael,Anderson,2006-05-12,Male,Calgary,Alberta,Canada,2024-09-06,Active
106451,Sophia,Jackson,1984-06-02,Female,Montreal,Quebec,Canada,2020-04-19,Active
106452,Emma,Wilson,1988-02-03,Female,Saskatoon,Saskatchewan,Canada,2011-07-09,Active
106453,Ava,Clark,1944-02-25,Male,Toronto,Ontario,Canada,1979-08-27,Inactive
106454,Olivia,Thompson,2000-11-02,Male,Ottawa,Ontario,Canada,2021-12-30,Active
106455,Daniel,Wilson,1948-06-20,Male,Montreal,Quebec,Canada,1985-05-22,Active
106456,Michael,Wilson,1947-02-04,Female,Brampton,Ontario,Canada,2015-01-26,Active
106457,Robert,Smith,1987-08-06,Female,Calgary,Alberta,Canada,2009-09-15,Active
106458,Jessica,Lee,1963-02-21,Female,Quebec City,Quebec,Canada,2021-10-29,Active
106459,William,Jackson,2002-10-21,Female,Mississauga,Ontario,Canada,2021-02-16,Active
106460,Sarah,Martin,1999-08-13,Male,Red Deer,Alberta,Canada,2020-02-19,Active
106461,Michael,Wilson,1978-05-26,Male,Laval,Quebec,Canada,2010-02-04,Active
106462,Daniel,Taylor,1976-12-17,Female,Quebec City,Quebec,Canada,2010-12-11,Active
106463,David,Harris,1954-07-09,Male,Toronto,Ontario,Canada,2020-06-07,Active
106464,John,Taylor,1954-09-13,Male,Charlottetown,Prince Edward Island,Canada,2005-06-30,Active
106465,John,Martin,1944-10-04,Male,Victoria,British Columbia,Canada,1996-07-26,Closed
106466,Sarah,Lewis,1954-09-12,Female,Edmonton,Alberta,Canada,1981-08-17,Active
106467,William,Anderson,1971-11-09,Female,Edmonton,Alberta,Canada,1991-06-06,Active
106468,John,Martin,1991-10-18,Female,Laval,Quebec,Canada,2023-03-01,Active
106469,Sarah,Lewis,1948-08-13,Male,Ottawa,Ontario,Canada,2001-03-04,Active
106470,Michael,Lewis,1953-12-13,Male,Surrey,British Columbia,Canada,1997-09-18,Active
106471,James,Smith,1967-09-28,Male,Brampton,Ontario,Canada,2006-05-10,Active
106472,John,Brown,1975-05-09,Female,Saint John,New Brunswick,Canada,2023-02-27,Active
106473,Daniel,Lee,1970-10-06,Male,Toronto,Ontario,Canada,2006-02-03,Active
106474,Ava,Lewis,1955-06-03,Female,Mississauga,Ontario,Canada,2002-08-14,Active
106475,David,Anderson,1991-07-11,Female,Quebec City,Quebec,Canada,2018-05-12,Active
106476,Robert,White,1957-02-13,Female,Montreal,Quebec,Canada,2018-01-22,Active
106477,David,Harris,1951-05-26,Female,Vancouver,British Columbia,Canada,1982-03-31,Active
106478,William,Thompson,1969-01-10,Male,Calgary,Alberta,Canada,1988-12-20,Active
106479,Olivia,Garcia,2006-05-05,Female,Calgary,Alberta,Canada,2026-07-27,Active
106480,Robert,Thomas,1951-06-10,Male,Winnipeg,Manitoba,Canada,1994-07-22,Active
106481,Jessica,Lewis,1951-12-14,Female,Laval,Quebec,Canada,2002-09-02,Active
106482,Mia,Smith,1985-07-15,Female,Laval,Quebec,Canada,2013-03-25,Active
106483,Ava,Smith,1983-02-27,Female,Winnipeg,Manitoba,Canada,2008-09-01,Active
106484,Emily,Lee,1954-06-19,Male,Hamilton,Ontario,Canada,1982-12-23,Inactive
106485,Olivia,Wilson,1984-12-15,Female,Toronto,Ontario,Canada,2019-01-09,Active
106486,Mia,Lee,1991-05-18,Female,Mississauga,Ontario,Canada,2019-02-01,Active
106487,Sophia,Anderson,1984-02-19,Female,Surrey,British Columbia,Canada,2017-06-20,Active
106488,Robert,Thomas,1976-11-03,Female,Surrey,British Columbia,Canada,2018-09-22,Active
106489,John,Smith,1972-12-23,Female,Toronto,Ontario,Canada,2001-09-04,Active
106490,John,Lee,1965-10-30,Male,Mississauga,Ontario,Canada,2004-12-16,Active
106491,Mia,Thomas,1948-04-24,Male,Toronto,Ontario,Canada,2002-07-15,Active
106492,Emily,Wilson,1982-09-12,Male,Montreal,Quebec,Canada,2022-04-21,Active
106493,Robert,White,1993-11-11,Female,Ottawa,Ontario,Canada,2013-04-21,Active
106494,William,Wilson,1969-09-05,Female,Calgary,Alberta,Canada,1999-02-06,Active
106495,Robert,Garcia,1990-04-13,Male,Halifax,Nova Scotia,Canada,2011-11-27,Active
106496,Emma,Brown,1949-03-13,Male,Calgary,Alberta,Canada,1984-12-08,Active
106497,Jessica,White,1950-04-11,Female,Red Deer,Alberta,Canada,2022-11-11,Active
106498,Mia,Thomas,1963-06-22,Female,Charlottetown,Prince Edward Island,Canada,1989-01-04,Active
106499,Robert,Smith,1965-10-31,Female,Victoria,British Columbia,Canada,2015-12-19,Active
106500,Sarah,Smith,1977-01-20,Male,Montreal,Quebec,Canada,2019-11-04,Active
106501,John,White,1945-12-25,Female,Edmonton,Alberta,Canada,2010-08-30,Active
106502,Ava,Thomas,1950-07-26,Male,Quebec City,Quebec,Canada,1977-03-01,Active
106503,Sarah,Brown,1989-10-17,Male,Quebec City,Quebec,Canada,2009-05-11,Active
106504,Emily,Wilson,1990-02-20,Female,Ottawa,Ontario,Canada,2010-11-29,Active
106505,Daniel,Clark,1992-06-25,Male,Vancouver,British Columbia,Canada,2024-01-05,Active
106506,Robert,Thompson,1966-06-16,Female,Winnipeg,Manitoba,Canada,1984-10-02,Active
106507,Ava,Martin,1986-05-15,Male,Surrey,British Columbia,Canada,2020-06-10,Active
106508,Sarah,Clark,1956-11-25,Male,Montreal,Quebec,Canada,1994-12-31,Active
106509,Olivia,Brown,1998-09-28,Female,Victoria,British Columbia,Canada,2026-02-25,Active
106510,James,Thompson,1944-07-04,Male,Calgary,Alberta,Canada,1990-07-15,Active
106511,Robert,Garcia,1982-08-08,Male,Calgary,Alberta,Canada,2012-08-08,Active
106512,Emma,Taylor,1949-05-08,Male,Quebec City,Quebec,Canada,1994-02-08,Active
106513,John,Harris,1996-01-08,Male,Hamilton,Ontario,Canada,2024-03-25,Active
106514,John,Garcia,1958-12-13,Female,Hamilton,Ontario,Canada,2015-01-15,Active
106515,Emma,Martin,1945-04-29,Male,Winnipeg,Manitoba,Canada,2024-01-11,Active
106516,Robert,Taylor,1967-02-13,Female,Toronto,Ontario,Canada,2002-05-08,Active
106517,Robert,Martin,2000-07-14,Female,Red Deer,Alberta,Canada,2025-05-15,Active
106518,Emily,Garcia,1953-08-28,Female,Brampton,Ontario,Canada,1971-11-21,Active
106519,Michael,Smith,1961-02-25,Male,St. John's,Newfoundland and Labrador,Canada,2008-07-29,Active
106520,James,Harris,1978-05-02,Female,Montreal,Quebec,Canada,2014-10-27,Closed
106521,James,White,1998-11-18,Female,Surrey,British Columbia,Canada,2017-05-19,Active
106522,John,Thomas,1956-03-31,Male,Victoria,British Columbia,Canada,1983-03-22,Active
106523,Michael,Smith,1966-11-27,Female,Red Deer,Alberta,Canada,2025-08-09,Active
106524,Olivia,Brown,2004-02-22,Male,Edmonton,Alberta,Canada,2022-04-04,Active
106525,Robert,Garcia,1987-12-12,Male,Mississauga,Ontario,Canada,2016-06-05,Active
106526,John,Clark,1979-08-01,Female,Mississauga,Ontario,Canada,2020-03-11,Active
106527,James,Jackson,1966-10-14,Male,Brampton,Ontario,Canada,2025-12-13,Active
106528,Sarah,Lee,1994-03-10,Male,Vancouver,British Columbia,Canada,2015-09-30,Active
106529,Emma,Lewis,2003-04-25,Male,Surrey,British Columbia,Canada,2024-08-28,Active
106530,William,Martin,1970-07-29,Male,Toronto,Ontario,Canada,2017-05-06,Active
106531,James,Harris,2004-02-05,Female,Calgary,Alberta,Canada,2026-03-25,Closed
106532,David,Lee,1956-11-27,Male,Ottawa,Ontario,Canada,2008-02-14,Inactive
106533,Sarah,Martin,1997-02-24,Female,Hamilton,Ontario,Canada,2017-10-31,Active
106534,Michael,Lee,1972-04-27,Female,Ottawa,Ontario,Canada,2022-06-04,Active
106535,Ava,Lee,1957-04-10,Male,Victoria,British Columbia,Canada,2023-10-20,Active
106536,Sophia,Wilson,1969-12-22,Male,Mississauga,Ontario,Canada,2001-10-30,Active
106537,William,Martin,1969-08-04,Male,Winnipeg,Manitoba,Canada,2006-12-19,Active
106538,Ava,Thompson,1983-04-17,Female,Victoria,British Columbia,Canada,2017-10-14,Active
106539,Robert,Clark,1994-03-14,Male,Montreal,Quebec,Canada,2024-03-23,Active
106540,Michael,Thomas,2001-05-15,Male,Mississauga,Ontario,Canada,2023-07-07,Active
106541,Ava,Clark,1952-08-25,Female,Calgary,Alberta,Canada,2012-08-11,Active
106542,Ava,White,1958-12-11,Male,Winnipeg,Manitoba,Canada,2015-11-13,Active
106543,Robert,Thomas,1996-07-04,Male,Quebec City,Quebec,Canada,2017-01-11,Active
106544,Emily,Wilson,1950-01-30,Female,Mississauga,Ontario,Canada,1987-05-17,Active
106545,Michael,Anderson,1962-11-02,Female,Mississauga,Ontario,Canada,2019-07-14,Active
106546,Jessica,Lee,1989-01-23,Male,Laval,Quebec,Canada,2018-10-24,Active
106547,Olivia,Thompson,1977-09-30,Male,Toronto,Ontario,Canada,2001-12-06,Active
106548,Olivia,Thompson,1944-01-10,Male,Surrey,British Columbia,Canada,1996-12-27,Active
106549,Emily,Lewis,1953-04-23,Male,Brampton,Ontario,Canada,1983-01-10,Active
106550,Olivia,Anderson,1994-01-22,Male,Red Deer,Alberta,Canada,2012-09-10,Active
106551,Emily,Martin,1965-06-05,Male,Quebec City,Quebec,Canada,2003-04-20,Active
106552,Emma,Thomas,1989-11-09,Female,Victoria,British Columbia,Canada,2008-06-29,Active
106553,Michael,Clark,1986-05-18,Female,Halifax,Nova Scotia,Canada,2025-08-22,Active
106554,Sarah,Jackson,1996-01-10,Female,Laval,Quebec,Canada,2025-06-10,Active
106555,Daniel,Clark,1980-07-03,Female,Brampton,Ontario,Canada,2004-08-20,Active
106556,Emily,Garcia,1949-09-16,Male,Quebec City,Quebec,Canada,2005-06-26,Active
106557,Michael,Garcia,1951-12-14,Male,Quebec City,Quebec,Canada,1991-11-16,Active
106558,Robert,Lewis,1956-10-31,Female,Red Deer,Alberta,Canada,2006-08-12,Active
106559,Ava,Garcia,1955-06-02,Male,Edmonton,Alberta,Canada,2001-03-24,Active
106560,John,Anderson,1978-10-03,Male,Victoria,British Columbia,Canada,2018-12-25,Active
106561,Jessica,White,1973-01-20,Female,Moncton,New Brunswick,Canada,2018-01-13,Active
106562,Jessica,White,1964-08-14,Male,Hamilton,Ontario,Canada,1983-04-22,Active
106563,Sarah,Smith,1979-11-01,Male,Mississauga,Ontario,Canada,2022-03-23,Active
106564,James,Harris,1997-04-15,Female,Hamilton,Ontario,Canada,2017-12-04,Active
106565,James,Jackson,1967-06-28,Female,Surrey,British Columbia,Canada,2011-08-28,Active
106566,Robert,Thomas,1972-11-15,Female,Toronto,Ontario,Canada,2014-02-21,Active
106567,John,Brown,1999-09-01,Male,Brampton,Ontario,Canada,2023-05-16,Active
106568,John,White,1971-01-21,Female,Moncton,New Brunswick,Canada,2016-01-28,Active
106569,Michael,Harris,1949-03-16,Female,Toronto,Ontario,Canada,1974-12-15,Active
106570,Michael,Brown,1955-08-22,Male,Ottawa,Ontario,Canada,2007-01-10,Active
106571,Emma,Martin,1960-12-19,Female,Brampton,Ontario,Canada,1996-11-13,Active
106572,Jessica,Wilson,1979-05-29,Female,Hamilton,Ontario,Canada,2009-06-07,Active
106573,James,Wilson,1969-05-22,Female,Hamilton,Ontario,Canada,1993-03-04,Active
106574,Jessica,Jackson,1965-10-17,Male,Toronto,Ontario,Canada,2009-01-14,Active
106575,Michael,Thomas,1996-05-10,Female,Brampton,Ontario,Canada,2018-05-03,Active
106576,Daniel,Lewis,1972-05-20,Male,Edmonton,Alberta,Canada,2015-10-11,Active
106577,James,Brown,1973-12-31,Male,Laval,Quebec,Canada,2008-06-30,Active
106578,John,Thomas,1961-02-02,Male,Victoria,British Columbia,Canada,1998-06-04,Active
106579,John,Garcia,1973-03-23,Male,Vancouver,British Columbia,Canada,2009-04-14,Active
106580,Daniel,Taylor,1982-05-11,Male,Calgary,Alberta,Canada,2015-03-13,Inactive
106581,Daniel,Lee,2001-11-20,Female,Saskatoon,Saskatchewan,Canada,2024-06-23,Active
106582,William,Garcia,1996-10-18,Female,Quebec City,Quebec,Canada,2015-09-25,Active
106583,Jessica,Lee,1944-04-05,Male,Ottawa,Ontario,Canada,2013-11-11,Active
106584,Olivia,Lee,1945-04-17,Female,Brampton,Ontario,Canada,1974-01-13,Active
106585,Olivia,Brown,1996-08-21,Female,Ottawa,Ontario,Canada,2017-06-05,Inactive
106586,Emily,Jackson,1958-07-19,Male,Edmonton,Alberta,Canada,2015-04-08,Active
106587,Emily,Garcia,1945-07-30,Female,Quebec City,Quebec,Canada,1963-10-25,Active
106588,Sarah,Smith,1986-09-03,Female,Mississauga,Ontario,Canada,2013-01-11,Active
106589,David,Jackson,2005-04-05,Female,Brampton,Ontario,Canada,2025-07-09,Active
106590,Sarah,Thompson,1988-07-08,Female,Winnipeg,Manitoba,Canada,2022-03-12,Active
106591,James,Garcia,1952-07-06,Female,Montreal,Quebec,Canada,2020-09-01,Active
106592,Ava,Jackson,1962-07-16,Female,Brampton,Ontario,Canada,2011-08-23,Active
106593,William,Clark,1962-03-23,Male,Winnipeg,Manitoba,Canada,1991-01-27,Active
106594,Sophia,Thompson,1962-01-11,Male,Victoria,British Columbia,Canada,1996-12-09,Active
106595,Ava,Smith,1983-06-11,Female,Laval,Quebec,Canada,2002-01-11,Active
106596,Sarah,Anderson,1991-01-18,Male,Montreal,Quebec,Canada,2022-08-18,Active
106597,Emma,Lee,1962-06-17,Male,Surrey,British Columbia,Canada,1980-10-15,Active
106598,Sarah,Smith,1979-03-06,Male,Hamilton,Ontario,Canada,2000-11-26,Active
106599,John,Brown,1974-08-21,Female,Charlottetown,Prince Edward Island,Canada,2025-09-27,Active
106600,James,Thomas,1968-07-03,Female,Red Deer,Alberta,Canada,1992-12-13,Active
106601,Michael,Lee,1955-07-05,Male,Vancouver,British Columbia,Canada,1988-08-17,Active
106602,Ava,Thompson,1947-06-29,Male,Victoria,British Columbia,Canada,1990-07-10,Active
106603,Sarah,Wilson,2003-05-20,Male,Charlottetown,Prince Edward Island,Canada,2022-02-09,Active
106604,Robert,Thomas,1985-02-20,Male,Ottawa,Ontario,Canada,2018-07-26,Active
106605,Daniel,Lee,1996-12-25,Female,Toronto,Ontario,Canada,2018-08-13,Active
106606,David,Taylor,1962-06-15,Male,Edmonton,Alberta,Canada,1994-03-19,Active
106607,Mia,Harris,1957-04-30,Female,Toronto,Ontario,Canada,2004-10-06,Active
106608,Ava,Jackson,1980-05-10,Male,Surrey,British Columbia,Canada,2007-07-04,Active
106609,John,Garcia,1987-11-10,Male,Laval,Quebec,Canada,2010-05-21,Active
106610,Olivia,Garcia,1989-07-05,Female,Toronto,Ontario,Canada,2024-01-07,Active
106611,William,Clark,1978-06-05,Male,Brampton,Ontario,Canada,2013-12-20,Active
106612,James,Brown,1973-03-09,Male,Edmonton,Alberta,Canada,2023-02-11,Active
106613,Mia,Jackson,1979-07-15,Male,Toronto,Ontario,Canada,2007-12-20,Active
106614,James,Thompson,1959-12-16,Female,Brampton,Ontario,Canada,2022-05-28,Active
106615,David,Jackson,1954-03-18,Male,Montreal,Quebec,Canada,2020-08-09,Active
106616,James,Thompson,1957-06-28,Female,Toronto,Ontario,Canada,1976-08-11,Active
106617,Sarah,Martin,1965-02-16,Female,Victoria,British Columbia,Canada,1988-08-13,Active
106618,Emily,Thomas,1988-05-29,Female,Charlottetown,Prince Edward Island,Canada,2022-08-01,Active
106619,Robert,Brown,1998-10-07,Female,Victoria,British Columbia,Canada,2019-09-12,Active
106620,John,Lee,2000-03-02,Female,Vancouver,British Columbia,Canada,2024-08-22,Active
106621,John,Clark,1968-11-18,Female,Toronto,Ontario,Canada,2004-02-18,Active
106622,Ava,Lewis,2005-09-27,Male,St. John's,Newfoundland and Labrador,Canada,2024-06-29,Active
106623,Emma,Anderson,2006-01-23,Female,Winnipeg,Manitoba,Canada,2024-08-18,Active
106624,Ava,Anderson,1994-08-10,Female,Calgary,Alberta,Canada,2015-10-17,Inactive
106625,Sarah,Anderson,1948-05-19,Male,Hamilton,Ontario,Canada,2006-05-28,Active
106626,Emily,Smith,1981-12-20,Female,Mississauga,Ontario,Canada,2000-11-23,Active
106627,Sophia,Wilson,1961-11-25,Male,Mississauga,Ontario,Canada,1988-09-23,Active
106628,Jessica,Anderson,1998-06-14,Female,Toronto,Ontario,Canada,2024-11-06,Active
106629,Daniel,Lee,1958-02-21,Male,Toronto,Ontario,Canada,1992-04-09,Inactive
106630,Robert,Taylor,1968-07-19,Male,Winnipeg,Manitoba,Canada,2010-12-02,Active
106631,Sarah,White,1959-10-09,Male,Hamilton,Ontario,Canada,1992-05-31,Active
106632,James,Harris,1999-07-31,Male,Hamilton,Ontario,Canada,2017-09-21,Active
106633,Michael,Thomas,1980-01-05,Male,Winnipeg,Manitoba,Canada,2010-11-06,Active
106634,Sophia,Lewis,1971-02-08,Male,Halifax,Nova Scotia,Canada,1997-07-26,Active
106635,Mia,Brown,1995-05-08,Female,Mississauga,Ontario,Canada,2023-02-26,Active
106636,John,Lewis,1981-07-04,Male,Toronto,Ontario,Canada,2022-01-26,Active
106637,John,Garcia,1982-02-25,Female,Calgary,Alberta,Canada,2023-07-14,Active
106638,John,Anderson,1954-09-15,Female,Saint John,New Brunswick,Canada,2005-03-13,Inactive
106639,Sophia,Garcia,1967-09-28,Male,Surrey,British Columbia,Canada,1989-01-16,Active
106640,Robert,Jackson,1975-04-29,Male,Montreal,Quebec,Canada,2021-11-09,Active
106641,Robert,Lee,1970-06-14,Male,Vancouver,British Columbia,Canada,2020-09-23,Active
106642,James,Smith,1965-07-07,Male,Edmonton,Alberta,Canada,1989-11-04,Active
106643,Ava,Smith,2006-02-11,Male,Hamilton,Ontario,Canada,2025-02-25,Active
106644,Daniel,Harris,1967-02-02,Female,Laval,Quebec,Canada,2024-09-11,Active
106645,Sophia,Lewis,1981-08-18,Female,Red Deer,Alberta,Canada,2021-06-16,Active
106646,Olivia,Smith,1981-09-07,Male,Vancouver,British Columbia,Canada,2005-04-12,Active
106647,Michael,Garcia,1957-04-05,Female,Ottawa,Ontario,Canada,2007-07-06,Active
106648,Emma,Lee,1999-07-23,Male,Red Deer,Alberta,Canada,2020-04-27,Active
106649,Emily,White,1953-09-11,Female,Victoria,British Columbia,Canada,2019-06-03,Active
106650,Jessica,Lewis,1996-01-13,Female,Toronto,Ontario,Canada,2025-09-24,Active
106651,David,Garcia,1981-06-23,Male,Hamilton,Ontario,Canada,2020-10-01,Closed
106652,Emma,Taylor,1965-12-25,Female,Ottawa,Ontario,Canada,1997-05-03,Active
106653,Mia,Clark,1960-12-22,Female,Charlottetown,Prince Edward Island,Canada,1997-10-11,Active
106654,Daniel,Thompson,1990-03-26,Male,Ottawa,Ontario,Canada,2019-03-16,Active
106655,John,Smith,1972-04-09,Male,Calgary,Alberta,Canada,2024-10-09,Active
106656,Emma,Harris,1978-07-02,Female,Laval,Quebec,Canada,2006-11-18,Active
106657,Mia,Martin,1966-09-25,Male,Winnipeg,Manitoba,Canada,2008-01-09,Active
106658,Sarah,Clark,1965-12-10,Male,St. John's,Newfoundland and Labrador,Canada,2015-07-18,Active
106659,Emily,Garcia,1960-11-27,Female,Moncton,New Brunswick,Canada,1996-09-08,Active
106660,David,White,2001-03-17,Male,Calgary,Alberta,Canada,2021-07-12,Active
106661,John,Anderson,1999-10-09,Male,Montreal,Quebec,Canada,2021-04-01,Inactive
106662,Ava,Wilson,1954-02-27,Female,Brampton,Ontario,Canada,1996-03-17,Active
106663,Sarah,Brown,1952-07-20,Male,Ottawa,Ontario,Canada,1975-10-14,Active
106664,Robert,Martin,1994-09-22,Female,Victoria,British Columbia,Canada,2013-11-22,Active
106665,Olivia,Lee,1966-08-21,Female,Hamilton,Ontario,Canada,2014-01-08,Active
106666,James,Brown,1957-05-15,Male,Montreal,Quebec,Canada,2022-08-11,Active
106667,John,Thompson,1957-07-05,Female,Hamilton,Ontario,Canada,2016-09-23,Active
106668,David,Harris,2000-03-23,Female,Calgary,Alberta,Canada,2025-11-15,Active
106669,Daniel,Wilson,1960-08-13,Male,Ottawa,Ontario,Canada,2018-11-22,Active
106670,William,Taylor,1989-06-11,Female,Toronto,Ontario,Canada,2022-11-26,Active
106671,Michael,Anderson,1972-09-08,Female,Laval,Quebec,Canada,1992-10-13,Active
106672,William,Thompson,1973-04-16,Female,Quebec City,Quebec,Canada,2022-03-06,Active
106673,William,Anderson,1965-03-29,Male,Winnipeg,Manitoba,Canada,2002-08-31,Active
106674,Sarah,Clark,1948-11-14,Male,Victoria,British Columbia,Canada,2002-11-29,Closed
106675,Emily,Thomas,1949-07-05,Female,Edmonton,Alberta,Canada,2020-02-20,Active
106676,Mia,Brown,1955-05-08,Female,Mississauga,Ontario,Canada,1977-11-27,Active
106677,Emma,Brown,1962-02-06,Female,Mississauga,Ontario,Canada,1991-12-01,Closed
106678,Robert,Jackson,1954-05-23,Male,Vancouver,British Columbia,Canada,1976-03-22,Inactive
106679,Mia,Jackson,1961-08-02,Female,Mississauga,Ontario,Canada,1999-05-07,Active
106680,Sarah,Garcia,1991-12-24,Male,Edmonton,Alberta,Canada,2023-02-05,Active
106681,Michael,White,1944-08-25,Male,Halifax,Nova Scotia,Canada,1994-02-19,Inactive
106682,William,Wilson,1983-03-10,Female,Toronto,Ontario,Canada,2014-05-12,Active
106683,Sophia,Taylor,1976-11-06,Male,Calgary,Alberta,Canada,2002-04-20,Active
106684,Emma,Harris,1957-09-16,Female,Quebec City,Quebec,Canada,1989-10-27,Active
106685,William,Thomas,1962-01-30,Male,Hamilton,Ontario,Canada,2006-01-18,Active
106686,Michael,Thompson,1967-03-01,Female,Quebec City,Quebec,Canada,1986-09-19,Active
106687,Michael,Lewis,1961-02-10,Female,Surrey,British Columbia,Canada,2000-03-17,Active
106688,John,Thomas,1963-06-28,Male,St. John's,Newfoundland and Labrador,Canada,2025-12-11,Active
106689,Olivia,Harris,1970-07-11,Female,Hamilton,Ontario,Canada,2010-04-08,Active
106690,Sarah,Clark,1985-02-08,Female,Vancouver,British Columbia,Canada,2005-05-20,Active
106691,Daniel,Taylor,1984-06-07,Male,Brampton,Ontario,Canada,2012-08-02,Active
106692,Olivia,White,1964-10-24,Female,Hamilton,Ontario,Canada,1998-10-14,Active
106693,Emma,Anderson,1962-04-21,Female,Surrey,British Columbia,Canada,2012-09-27,Inactive
106694,Sophia,Martin,1992-06-03,Male,Calgary,Alberta,Canada,2021-06-21,Inactive
106695,Michael,Garcia,1992-03-09,Female,Vancouver,British Columbia,Canada,2026-04-26,Active
106696,Emily,Wilson,1987-10-13,Male,Halifax,Nova Scotia,Canada,2018-10-17,Active
106697,Mia,Wilson,1987-05-20,Male,Hamilton,Ontario,Canada,2010-06-01,Active
106698,Sophia,Smith,1959-04-14,Male,Laval,Quebec,Canada,1983-07-11,Active
106699,Robert,Smith,1985-11-06,Female,Hamilton,Ontario,Canada,2007-06-12,Active
106700,William,Smith,1964-05-26,Female,Edmonton,Alberta,Canada,2009-11-12,Active
106701,Mia,Thompson,1977-06-29,Male,Ottawa,Ontario,Canada,2014-02-10,Active
106702,James,Lewis,1978-08-13,Male,Toronto,Ontario,Canada,2006-09-22,Active
106703,Sarah,Jackson,1994-02-02,Male,Red Deer,Alberta,Canada,2022-10-30,Active
106704,John,Lewis,2001-03-12,Female,Mississauga,Ontario,Canada,2020-06-19,Active
106705,Mia,Thompson,1970-06-15,Male,Vancouver,British Columbia,Canada,2015-10-03,Active
106706,James,Clark,1951-01-09,Male,Charlottetown,Prince Edward Island,Canada,2004-08-04,Active
106707,James,Garcia,1945-03-05,Male,Laval,Quebec,Canada,1974-04-23,Active
106708,Robert,Wilson,1966-08-04,Male,Quebec City,Quebec,Canada,2022-06-24,Active
106709,David,White,1971-02-11,Female,Saint John,New Brunswick,Canada,2021-10-03,Active
106710,Sarah,White,1981-09-30,Female,Victoria,British Columbia,Canada,2019-12-23,Inactive
106711,Robert,Martin,1966-05-04,Male,Mississauga,Ontario,Canada,2012-06-22,Active
106712,William,Garcia,1964-06-12,Male,Calgary,Alberta,Canada,1989-08-18,Inactive
106713,Emily,Brown,1990-04-07,Male,Montreal,Quebec,Canada,2026-01-24,Active
106714,Emily,Thompson,1962-03-29,Female,Calgary,Alberta,Canada,1988-04-28,Active
106715,Ava,Clark,1946-11-14,Male,Montreal,Quebec,Canada,2014-09-20,Active
106716,Sarah,Brown,1971-03-19,Male,Brampton,Ontario,Canada,2006-10-16,Active
106717,Emily,Jackson,1982-12-11,Female,Red Deer,Alberta,Canada,2018-02-26,Active
106718,Olivia,Lewis,1956-02-19,Male,Ottawa,Ontario,Canada,1975-03-31,Active
106719,Michael,Smith,1944-09-02,Female,Winnipeg,Manitoba,Canada,1982-12-08,Active
106720,Olivia,Wilson,1982-01-06,Male,Calgary,Alberta,Canada,2000-07-25,Active
106721,Emma,Clark,1955-12-14,Male,Saint John,New Brunswick,Canada,2012-05-01,Active
106722,Robert,Wilson,1999-05-03,Female,Toronto,Ontario,Canada,2019-09-08,Active
106723,Michael,Thompson,1965-02-10,Male,Montreal,Quebec,Canada,1996-10-25,Active
106724,William,Lewis,2001-05-18,Male,Ottawa,Ontario,Canada,2020-02-26,Active
106725,Robert,White,1949-06-30,Female,Brampton,Ontario,Canada,1975-04-23,Active
106726,Emily,White,1973-09-12,Male,Mississauga,Ontario,Canada,2010-10-25,Active
106727,Emma,Jackson,1970-01-06,Female,Laval,Quebec,Canada,2001-04-02,Active
106728,Emily,Thomas,1962-06-27,Male,Quebec City,Quebec,Canada,1982-06-29,Active
106729,John,Thomas,1966-10-03,Female,Moncton,New Brunswick,Canada,2019-12-02,Active
106730,Robert,Harris,1968-02-03,Female,Hamilton,Ontario,Canada,1995-12-22,Active
106731,Olivia,Lewis,1947-09-15,Male,Montreal,Quebec,Canada,1968-04-24,Active
106732,Robert,Lee,1958-05-21,Female,Surrey,British Columbia,Canada,1979-04-24,Active
106733,Emily,Clark,1961-05-14,Female,Toronto,Ontario,Canada,1998-07-31,Active
106734,Olivia,Brown,1981-09-16,Male,Vancouver,British Columbia,Canada,2014-01-03,Active
106735,Robert,Anderson,1962-05-24,Male,Victoria,British Columbia,Canada,1986-04-30,Active
106736,Jessica,Garcia,1952-06-26,Female,Victoria,British Columbia,Canada,1990-04-18,Inactive
106737,William,Harris,1987-05-11,Female,Vancouver,British Columbia,Canada,2012-10-05,Active
106738,Michael,Thomas,1964-01-17,Female,Red Deer,Alberta,Canada,1985-10-01,Active
106739,William,Anderson,1945-04-11,Female,Charlottetown,Prince Edward Island,Canada,2004-06-27,Active
106740,Daniel,Brown,1954-09-30,Female,Brampton,Ontario,Canada,1991-11-08,Active
106741,James,Anderson,1978-10-20,Female,Laval,Quebec,Canada,2017-09-28,Active
106742,Mia,Jackson,1956-12-06,Female,Edmonton,Alberta,Canada,1974-12-18,Active
106743,Sarah,Jackson,2002-05-12,Female,Ottawa,Ontario,Canada,2020-07-28,Active
106744,James,Harris,1986-04-20,Female,Montreal,Quebec,Canada,2022-10-06,Active
106745,Mia,Anderson,1962-10-19,Male,Vancouver,British Columbia,Canada,1995-09-29,Active
106746,Emma,Taylor,2006-07-17,Female,Hamilton,Ontario,Canada,2025-04-25,Active
106747,James,Lewis,1989-02-05,Male,Montreal,Quebec,Canada,2015-04-12,Active
106748,Michael,Jackson,1986-07-21,Female,Red Deer,Alberta,Canada,2019-04-12,Inactive
106749,William,Taylor,1948-09-09,Female,Toronto,Ontario,Canada,2009-05-20,Inactive
106750,Sarah,Martin,1959-05-19,Female,Ottawa,Ontario,Canada,2012-04-24,Active
106751,Olivia,Harris,1982-02-24,Male,Edmonton,Alberta,Canada,2023-04-19,Active
106752,Daniel,Harris,1969-09-06,Female,Edmonton,Alberta,Canada,2009-04-25,Active
106753,Jessica,Taylor,1997-08-22,Male,Laval,Quebec,Canada,2018-05-30,Active
106754,James,Thompson,1983-07-24,Female,Montreal,Quebec,Canada,2016-05-05,Active
106755,Jessica,Wilson,1949-01-02,Female,Brampton,Ontario,Canada,1984-05-25,Active
106756,Mia,Clark,1998-08-24,Male,Edmonton,Alberta,Canada,2020-12-09,Active
106757,Sarah,Jackson,2002-11-11,Male,Brampton,Ontario,Canada,2021-01-09,Active
106758,Daniel,Jackson,1988-12-30,Female,Saskatoon,Saskatchewan,Canada,2015-01-04,Active
106759,Robert,Thomas,1992-05-20,Male,Calgary,Alberta,Canada,2020-02-22,Active
106760,Ava,Jackson,1953-02-27,Female,Ottawa,Ontario,Canada,1988-02-21,Active
106761,James,Martin,1990-06-27,Female,Vancouver,British Columbia,Canada,2010-06-21,Active
106762,Robert,White,1982-01-17,Female,Saskatoon,Saskatchewan,Canada,2001-12-09,Active
106763,Michael,Brown,1951-12-06,Male,Winnipeg,Manitoba,Canada,1976-08-25,Active
106764,Emma,Harris,1956-06-03,Male,Vancouver,British Columbia,Canada,1992-09-04,Active
106765,Sarah,Anderson,1978-08-11,Female,Ottawa,Ontario,Canada,2026-07-11,Inactive
106766,Mia,Brown,1967-08-01,Female,Vancouver,British Columbia,Canada,2004-08-01,Active
106767,Jessica,Clark,1980-05-16,Male,Vancouver,British Columbia,Canada,2024-02-04,Active
106768,Emily,Anderson,2004-10-13,Female,Montreal,Quebec,Canada,2023-04-20,Inactive
106769,Sarah,Harris,1983-08-07,Male,Mississauga,Ontario,Canada,2025-12-12,Active
106770,David,Wilson,2000-03-14,Male,Winnipeg,Manitoba,Canada,2025-11-20,Active
106771,Emily,Thomas,1945-11-03,Female,Montreal,Quebec,Canada,1969-04-29,Active
106772,Olivia,Thomas,1960-03-05,Female,Toronto,Ontario,Canada,1978-07-31,Active
106773,Ava,Wilson,2000-02-16,Female,Brampton,Ontario,Canada,2023-08-15,Active
106774,Emily,Lee,1989-11-24,Male,Brampton,Ontario,Canada,2012-02-05,Active
106775,Ava,Anderson,1966-07-19,Male,Montreal,Quebec,Canada,2011-07-19,Active
106776,Ava,Harris,1964-10-04,Female,Mississauga,Ontario,Canada,2012-08-09,Active
106777,Sarah,Harris,1990-12-19,Female,Quebec City,Quebec,Canada,2010-02-04,Closed
106778,Daniel,Jackson,1944-06-29,Male,Mississauga,Ontario,Canada,2015-05-04,Active
106779,Michael,Harris,1949-01-18,Female,Mississauga,Ontario,Canada,2018-09-14,Inactive
106780,Robert,Harris,1997-07-23,Male,Hamilton,Ontario,Canada,2020-10-26,Active
106781,Mia,Brown,1991-06-01,Female,Brampton,Ontario,Canada,2025-06-20,Active
106782,Michael,Thompson,1995-10-26,Female,Quebec City,Quebec,Canada,2021-05-19,Active
106783,William,Brown,1974-02-01,Male,Quebec City,Quebec,Canada,2017-05-07,Closed
106784,Olivia,Jackson,1962-07-13,Male,Vancouver,British Columbia,Canada,1993-02-15,Active
106785,David,Thomas,1968-09-23,Female,Laval,Quebec,Canada,2011-12-29,Active
106786,Ava,Jackson,1992-08-22,Female,Surrey,British Columbia,Canada,2025-12-07,Active
106787,Jessica,Brown,1959-02-02,Male,Ottawa,Ontario,Canada,2015-07-23,Active
106788,James,Thompson,1945-12-25,Male,Montreal,Quebec,Canada,2004-05-11,Active
106789,David,Jackson,1975-04-27,Female,Ottawa,Ontario,Canada,2006-11-11,Active
106790,Sophia,Smith,1978-01-02,Male,Laval,Quebec,Canada,2000-01-13,Closed
106791,Emma,Smith,1970-06-01,Female,Surrey,British Columbia,Canada,2001-07-06,Active
106792,Mia,Harris,2005-11-03,Female,Calgary,Alberta,Canada,2025-12-02,Inactive
106793,Emma,Martin,1982-03-10,Male,Laval,Quebec,Canada,2014-02-18,Active
106794,John,Harris,1993-09-03,Female,Hamilton,Ontario,Canada,2013-08-02,Active
106795,Olivia,Thompson,1958-10-12,Female,Ottawa,Ontario,Canada,1988-07-05,Active
106796,John,Garcia,1980-04-05,Female,Halifax,Nova Scotia,Canada,2009-09-19,Inactive
106797,John,Lewis,1966-06-10,Female,Ottawa,Ontario,Canada,1986-05-21,Active
106798,Olivia,Lee,1967-01-17,Male,Mississauga,Ontario,Canada,2005-06-28,Active
106799,Sarah,Lewis,1950-06-01,Male,Toronto,Ontario,Canada,2021-08-20,Inactive
106800,Jessica,Garcia,1990-04-29,Male,Charlottetown,Prince Edward Island,Canada,2021-07-29,Active
106801,Emma,Jackson,1972-12-04,Male,Winnipeg,Manitoba,Canada,2024-05-18,Inactive
106802,John,White,2005-06-14,Male,Ottawa,Ontario,Canada,2026-08-27,Active
106803,Sarah,Martin,1980-11-09,Male,Mississauga,Ontario,Canada,2000-05-12,Active
106804,Emma,Wilson,1956-02-07,Female,Calgary,Alberta,Canada,1993-08-18,Active
106805,Daniel,Thompson,1989-04-27,Male,Mississauga,Ontario,Canada,2011-03-23,Active
106806,Sarah,Harris,1947-02-13,Female,Toronto,Ontario,Canada,2006-09-16,Active
106807,Sarah,White,1991-01-20,Female,Quebec City,Quebec,Canada,2009-09-02,Active
106808,Mia,Clark,1967-10-08,Male,Quebec City,Quebec,Canada,2013-04-08,Active
106809,James,Thompson,1946-06-24,Female,Brampton,Ontario,Canada,1988-07-03,Active
106810,Mia,Lewis,1976-07-24,Male,Victoria,British Columbia,Canada,2000-06-21,Active
106811,Emma,Lee,1974-04-28,Female,Surrey,British Columbia,Canada,1999-06-27,Active
106812,Emma,Clark,1959-06-13,Female,Quebec City,Quebec,Canada,2009-02-01,Active
106813,Daniel,Anderson,1950-09-23,Female,Ottawa,Ontario,Canada,1996-03-14,Active
106814,Sarah,Wilson,1982-11-04,Female,Toronto,Ontario,Canada,2023-07-21,Active
106815,William,Anderson,1972-08-07,Female,Winnipeg,Manitoba,Canada,2025-11-19,Active
106816,David,Thompson,1963-04-09,Female,Mississauga,Ontario,Canada,2006-07-01,Active
106817,Mia,Clark,1979-04-20,Female,Toronto,Ontario,Canada,2017-07-11,Inactive
106818,Sarah,Lewis,2005-11-10,Male,Ottawa,Ontario,Canada,2025-03-16,Active
106819,Olivia,Thompson,1998-10-14,Female,Toronto,Ontario,Canada,2020-08-28,Active
106820,John,Thompson,1960-09-18,Female,Laval,Quebec,Canada,2009-10-06,Active
106821,Sophia,Lee,1967-03-09,Male,Toronto,Ontario,Canada,1985-09-21,Active
106822,Jessica,Thompson,1994-08-03,Female,Surrey,British Columbia,Canada,2023-12-12,Inactive
106823,Ava,Wilson,1952-03-19,Female,Ottawa,Ontario,Canada,2008-11-09,Active
106824,Michael,White,2004-10-09,Female,Edmonton,Alberta,Canada,2023-08-25,Active
106825,Emily,Thomas,1969-12-16,Male,Vancouver,British Columbia,Canada,1988-02-06,Active
106826,Sarah,Martin,1975-06-22,Female,Brampton,Ontario,Canada,1998-11-20,Active
106827,Emily,Martin,2005-03-26,Female,Red Deer,Alberta,Canada,2025-08-22,Active
106828,James,Anderson,1956-07-21,Male,Saskatoon,Saskatchewan,Canada,2008-06-28,Active
106829,Sarah,Anderson,1954-06-15,Female,Ottawa,Ontario,Canada,2008-07-09,Active
106830,Robert,Brown,2000-02-04,Female,Vancouver,British Columbia,Canada,2018-05-23,Active
106831,Jessica,Anderson,1989-08-03,Male,Vancouver,British Columbia,Canada,2007-11-25,Inactive
106832,David,Clark,1969-05-07,Female,Surrey,British Columbia,Canada,2019-10-18,Active
106833,Daniel,Martin,1950-09-05,Male,Toronto,Ontario,Canada,1995-01-22,Active
106834,Jessica,Lee,1978-04-12,Female,Ottawa,Ontario,Canada,2005-06-16,Active
106835,James,Lewis,1992-02-24,Female,Ottawa,Ontario,Canada,2011-06-17,Active
106836,Sophia,Clark,1947-02-02,Male,Brampton,Ontario,Canada,1971-12-04,Active
106837,Olivia,Wilson,1957-08-22,Female,Ottawa,Ontario,Canada,2013-05-27,Active
106838,James,Thomas,1965-12-06,Male,Winnipeg,Manitoba,Canada,2016-08-10,Active
106839,James,Smith,1961-09-15,Male,Ottawa,Ontario,Canada,1992-12-06,Active
106840,Emma,Brown,1979-01-10,Female,Ottawa,Ontario,Canada,2003-08-20,Active
106841,Robert,Taylor,2006-02-16,Male,Toronto,Ontario,Canada,2024-11-21,Inactive
106842,Emma,Anderson,1987-08-29,Male,Montreal,Quebec,Canada,2014-02-03,Active
106843,Sarah,Smith,1976-06-05,Male,Calgary,Alberta,Canada,2021-10-11,Active
106844,William,Clark,2003-12-03,Female,Red Deer,Alberta,Canada,2023-11-20,Active
106845,Robert,White,1995-07-14,Female,Montreal,Quebec,Canada,2023-09-03,Active
106846,Jessica,Martin,1980-10-04,Male,Mississauga,Ontario,Canada,2021-08-25,Active
106847,John,Martin,1947-04-17,Male,Mississauga,Ontario,Canada,2001-12-05,Active
106848,Daniel,Lee,1961-02-05,Male,Saint John,New Brunswick,Canada,1991-09-04,Active
106849,William,Wilson,2002-04-14,Male,Toronto,Ontario,Canada,2026-07-31,Active
106850,Michael,Thomas,1979-02-07,Male,Ottawa,Ontario,Canada,2015-10-28,Active
106851,William,Anderson,2002-04-25,Female,Montreal,Quebec,Canada,2024-09-21,Active
106852,Sarah,Harris,1948-06-19,Female,Hamilton,Ontario,Canada,2026-08-02,Active
106853,Olivia,White,1955-05-11,Male,Mississauga,Ontario,Canada,2005-12-07,Inactive
106854,John,Garcia,1953-04-30,Female,Saskatoon,Saskatchewan,Canada,2004-06-29,Active
106855,Mia,Harris,1950-02-20,Female,Mississauga,Ontario,Canada,2016-08-30,Active
106856,Mia,Taylor,1966-03-02,Male,Ottawa,Ontario,Canada,1990-02-27,Active
106857,Olivia,Harris,2006-12-17,Male,Mississauga,Ontario,Canada,2026-08-08,Closed
106858,Mia,Lee,1945-05-27,Female,Toronto,Ontario,Canada,1981-04-27,Inactive
106859,Daniel,Harris,2002-11-01,Male,Halifax,Nova Scotia,Canada,2026-06-28,Active
106860,Emma,Harris,1948-09-29,Female,Vancouver,British Columbia,Canada,1998-10-23,Active
106861,Olivia,Wilson,1944-12-31,Female,Regina,Saskatchewan,Canada,2019-01-17,Inactive
106862,Emily,Smith,1944-06-17,Female,Edmonton,Alberta,Canada,1983-02-25,Active
106863,Michael,Taylor,1992-09-01,Male,Surrey,British Columbia,Canada,2022-10-22,Active
106864,Emily,Smith,1955-06-15,Male,Montreal,Quebec,Canada,2000-12-09,Active
106865,Mia,Jackson,1950-12-07,Female,Montreal,Quebec,Canada,2006-04-08,Active
106866,Ava,Lewis,1996-01-04,Male,Vancouver,British Columbia,Canada,2020-11-19,Active
106867,Daniel,Jackson,1984-05-14,Male,Victoria,British Columbia,Canada,2026-05-04,Active
106868,David,Martin,1966-02-20,Female,Quebec City,Quebec,Canada,2015-06-02,Active
106869,Sophia,Clark,1992-04-12,Male,Quebec City,Quebec,Canada,2014-05-29,Active
106870,John,Garcia,2000-11-08,Female,Surrey,British Columbia,Canada,2023-09-20,Active
106871,Michael,Martin,1977-09-23,Female,Hamilton,Ontario,Canada,2007-01-19,Active
106872,Emily,Garcia,1999-10-02,Female,Laval,Quebec,Canada,2023-12-22,Active
106873,Ava,Anderson,1965-09-24,Male,Montreal,Quebec,Canada,2004-04-22,Active
106874,Robert,Jackson,1998-05-25,Female,Laval,Quebec,Canada,2018-08-21,Active
106875,Daniel,Thomas,1984-06-15,Female,Laval,Quebec,Canada,2007-11-14,Active
106876,Robert,Garcia,1957-05-07,Male,Calgary,Alberta,Canada,1997-01-24,Active
106877,Daniel,Jackson,1983-07-26,Female,Red Deer,Alberta,Canada,2013-09-04,Active
106878,James,Lee,1965-07-27,Male,Brampton,Ontario,Canada,2019-02-17,Active
106879,Emily,Wilson,1948-05-31,Male,Ottawa,Ontario,Canada,2004-11-13,Active
106880,Emily,Wilson,1973-07-03,Female,Hamilton,Ontario,Canada,2017-12-14,Active
106881,Robert,Thompson,1947-12-07,Male,Mississauga,Ontario,Canada,1974-12-21,Active
106882,David,Garcia,1971-03-11,Male,Brampton,Ontario,Canada,1996-01-05,Active
106883,Sophia,Thompson,2000-06-12,Female,Red Deer,Alberta,Canada,2018-10-01,Active
106884,Michael,Anderson,1949-01-12,Male,Edmonton,Alberta,Canada,1970-11-05,Active
106885,James,Smith,1986-08-30,Female,Ottawa,Ontario,Canada,2007-11-17,Active
106886,James,Anderson,1959-01-19,Male,Red Deer,Alberta,Canada,2009-06-16,Active
106887,Mia,Jackson,1981-06-27,Female,Brampton,Ontario,Canada,2011-11-27,Active
106888,William,Jackson,1983-01-27,Female,Edmonton,Alberta,Canada,2012-06-09,Active
106889,John,Lewis,1991-10-30,Male,Montreal,Quebec,Canada,2022-04-12,Inactive
106890,Mia,Clark,1986-08-15,Female,Vancouver,British Columbia,Canada,2013-09-02,Active
106891,Michael,Garcia,1959-09-27,Male,Ottawa,Ontario,Canada,1978-01-22,Active
106892,William,Smith,1966-12-22,Male,Brampton,Ontario,Canada,1986-01-06,Active
106893,James,Brown,1980-02-11,Male,Mississauga,Ontario,Canada,2003-03-28,Inactive
106894,Olivia,Jackson,1962-09-17,Male,Vancouver,British Columbia,Canada,1998-04-02,Active
106895,Olivia,Martin,1997-03-16,Male,Regina,Saskatchewan,Canada,2025-04-28,Active
106896,Sophia,Thompson,1980-12-02,Female,Vancouver,British Columbia,Canada,2003-11-17,Active
106897,David,Anderson,1987-02-09,Female,Calgary,Alberta,Canada,2020-12-13,Active
106898,Robert,Brown,1985-10-19,Female,Toronto,Ontario,Canada,2004-07-31,Active
106899,Ava,Anderson,1966-04-17,Female,Red Deer,Alberta,Canada,1988-11-24,Active
106900,Emma,Garcia,1988-10-16,Male,Edmonton,Alberta,Canada,2014-09-19,Inactive
106901,James,Lee,1984-10-24,Male,Quebec City,Quebec,Canada,2017-12-31,Active
106902,Olivia,Lee,1995-02-03,Male,Quebec City,Quebec,Canada,2024-04-15,Active
106903,Emma,Harris,1965-05-16,Female,Hamilton,Ontario,Canada,2015-06-06,Active
106904,Emily,Brown,1980-10-13,Female,Toronto,Ontario,Canada,2023-08-21,Active
106905,Jessica,Lee,2000-07-03,Male,Mississauga,Ontario,Canada,2022-01-15,Active
106906,James,Wilson,1967-11-14,Male,Vancouver,British Columbia,Canada,1995-08-03,Active
106907,James,Anderson,1996-11-30,Male,Red Deer,Alberta,Canada,2019-11-09,Active
106908,James,Lee,1965-12-01,Female,Hamilton,Ontario,Canada,1995-09-02,Active
106909,Michael,White,1952-03-07,Male,Regina,Saskatchewan,Canada,1990-04-02,Active
106910,Ava,Wilson,1946-03-01,Female,Calgary,Alberta,Canada,1970-04-29,Active
106911,Jessica,White,1974-12-31,Male,Laval,Quebec,Canada,2018-11-04,Active
106912,Sophia,Brown,1970-03-25,Male,Moncton,New Brunswick,Canada,2023-03-07,Active
106913,Robert,Anderson,1959-11-24,Male,Winnipeg,Manitoba,Canada,1982-07-25,Active
106914,Ava,Lee,1998-09-25,Female,Brampton,Ontario,Canada,2017-05-19,Active
106915,Michael,Anderson,1996-08-19,Female,Halifax,Nova Scotia,Canada,2024-04-18,Active
106916,Mia,Lewis,1983-07-18,Male,Quebec City,Quebec,Canada,2025-02-02,Active
106917,James,Harris,1992-06-28,Male,Mississauga,Ontario,Canada,2010-10-01,Active
106918,James,Martin,1981-05-13,Male,Toronto,Ontario,Canada,2016-11-16,Closed
106919,John,Thompson,1984-08-12,Male,Surrey,British Columbia,Canada,2012-08-03,Active
106920,Sophia,Harris,1958-02-06,Male,St. John's,Newfoundland and Labrador,Canada,2015-11-14,Active
106921,David,Smith,1945-02-10,Male,Montreal,Quebec,Canada,1995-11-24,Active
106922,Daniel,Lewis,1981-07-21,Female,Laval,Quebec,Canada,2005-07-07,Active
106923,Sarah,White,1951-04-03,Female,Toronto,Ontario,Canada,1985-12-04,Active
106924,Sophia,Martin,1955-05-14,Female,Red Deer,Alberta,Canada,2005-09-30,Active
106925,William,Harris,1976-09-17,Female,Hamilton,Ontario,Canada,2002-12-22,Active
106926,James,Martin,1965-06-26,Female,Laval,Quebec,Canada,1988-03-07,Active
106927,William,Thomas,1968-10-23,Female,Quebec City,Quebec,Canada,2008-01-11,Active
106928,Robert,Clark,1980-10-27,Male,Mississauga,Ontario,Canada,2017-02-28,Active
106929,Olivia,Taylor,1997-05-13,Male,Halifax,Nova Scotia,Canada,2024-05-22,Active
106930,Sophia,Martin,1946-11-10,Male,Saint John,New Brunswick,Canada,2001-12-19,Active
106931,John,Harris,1961-06-09,Female,Quebec City,Quebec,Canada,1998-06-10,Active
106932,Sophia,White,1963-08-14,Male,Victoria,British Columbia,Canada,2018-09-25,Active
106933,John,Smith,1959-07-04,Male,Calgary,Alberta,Canada,1999-12-27,Active
106934,Jessica,Thomas,1949-07-30,Female,Mississauga,Ontario,Canada,2005-09-07,Active
106935,William,Smith,1960-11-09,Female,Mississauga,Ontario,Canada,2021-12-23,Closed
106936,Robert,White,1954-04-30,Female,Vancouver,British Columbia,Canada,2025-02-12,Closed
106937,Sarah,Thompson,1999-05-05,Female,Quebec City,Quebec,Canada,2021-06-24,Active
106938,Robert,White,1966-03-09,Female,Surrey,British Columbia,Canada,2005-01-05,Active
106939,Sophia,Garcia,1965-09-10,Female,Montreal,Quebec,Canada,2021-01-24,Active
106940,Ava,Thomas,1987-08-25,Male,Surrey,British Columbia,Canada,2017-04-01,Active
106941,Emma,Anderson,1981-08-04,Female,Toronto,Ontario,Canada,2020-01-04,Active
106942,Daniel,Jackson,1960-11-05,Female,Brampton,Ontario,Canada,1982-06-21,Closed
106943,Sarah,Taylor,1962-10-13,Male,Brampton,Ontario,Canada,2018-08-02,Active
106944,Daniel,Clark,1945-04-07,Female,Laval,Quebec,Canada,1970-02-15,Active
106945,Sophia,Clark,1957-10-30,Female,Red Deer,Alberta,Canada,1995-08-07,Active
106946,Emily,Jackson,1969-02-20,Female,Calgary,Alberta,Canada,1993-12-30,Active
106947,Sarah,Garcia,1970-11-11,Female,Montreal,Quebec,Canada,2023-12-19,Active
106948,Daniel,Smith,1957-12-03,Male,Vancouver,British Columbia,Canada,1981-12-05,Active
106949,William,Wilson,1998-08-11,Male,Mississauga,Ontario,Canada,2022-02-05,Active
106950,Emily,Anderson,1993-01-12,Male,Quebec City,Quebec,Canada,2013-03-06,Inactive
106951,Olivia,Thomas,1971-08-16,Female,Halifax,Nova Scotia,Canada,1990-04-26,Active
106952,Daniel,Taylor,1995-10-14,Female,Mississauga,Ontario,Canada,2017-02-20,Inactive
106953,Emma,White,1963-09-25,Female,Calgary,Alberta,Canada,1985-03-25,Active
106954,Emma,Garcia,1986-04-09,Female,Hamilton,Ontario,Canada,2010-07-04,Active
106955,Daniel,Jackson,1993-09-04,Female,Hamilton,Ontario,Canada,2014-01-30,Active
106956,Mia,Jackson,1982-08-14,Male,Victoria,British Columbia,Canada,2018-09-26,Active
106957,Michael,Smith,1963-09-16,Male,Edmonton,Alberta,Canada,1989-05-30,Active
106958,Mia,Anderson,1990-01-11,Male,Laval,Quebec,Canada,2017-02-03,Active
106959,Robert,Clark,1950-09-25,Female,Calgary,Alberta,Canada,1968-10-04,Active
106960,Emily,Clark,1967-09-08,Male,Edmonton,Alberta,Canada,2023-09-05,Active
106961,Robert,Brown,1997-07-19,Female,Surrey,British Columbia,Canada,2020-06-17,Active
106962,Daniel,Smith,1985-01-08,Female,Ottawa,Ontario,Canada,2011-02-16,Inactive
106963,William,Clark,1966-05-29,Male,Ottawa,Ontario,Canada,1998-02-14,Active
106964,Olivia,Wilson,1970-06-11,Female,Vancouver,British Columbia,Canada,1990-11-13,Active
106965,John,Harris,1969-07-23,Female,Surrey,British Columbia,Canada,1997-09-07,Active
106966,Emma,Clark,1971-01-29,Female,Mississauga,Ontario,Canada,2020-10-22,Active
106967,Mia,Garcia,1958-07-07,Male,Mississauga,Ontario,Canada,1995-11-20,Active
106968,Emily,Harris,1993-09-09,Male,Mississauga,Ontario,Canada,2024-04-23,Active
106969,Emily,Thomas,1949-09-10,Male,Ottawa,Ontario,Canada,1978-03-27,Active
106970,Olivia,Garcia,1993-11-02,Female,Quebec City,Quebec,Canada,2017-03-22,Active
106971,Michael,Thompson,1978-09-21,Female,Calgary,Alberta,Canada,2015-08-23,Active
106972,Sophia,Clark,1969-03-24,Female,Edmonton,Alberta,Canada,1990-01-01,Active
106973,David,White,1994-01-19,Female,Charlottetown,Prince Edward Island,Canada,2017-03-19,Active
106974,Olivia,Lee,2003-01-15,Male,Surrey,British Columbia,Canada,2025-12-30,Active
106975,Robert,Garcia,1970-10-06,Female,Toronto,Ontario,Canada,2007-07-05,Active
106976,Sophia,Smith,1978-02-12,Male,Surrey,British Columbia,Canada,2024-08-20,Active
106977,Sophia,Anderson,1971-11-16,Male,Edmonton,Alberta,Canada,1995-02-10,Active
106978,David,Garcia,1974-09-10,Female,Victoria,British Columbia,Canada,2026-07-27,Active
106979,Jessica,Brown,1966-05-05,Female,Quebec City,Quebec,Canada,2021-07-09,Active
106980,Sarah,Thompson,1975-08-07,Female,Victoria,British Columbia,Canada,2006-07-13,Active
106981,Robert,Thomas,1945-06-29,Female,Mississauga,Ontario,Canada,1999-01-07,Active
106982,Emily,Taylor,1993-02-05,Male,Hamilton,Ontario,Canada,2013-01-27,Active
106983,Ava,Harris,1949-10-16,Male,Toronto,Ontario,Canada,1977-01-16,Active
106984,James,Lewis,2004-12-15,Male,Montreal,Quebec,Canada,2024-05-10,Active
106985,Ava,Lewis,1968-08-21,Female,Winnipeg,Manitoba,Canada,1999-09-30,Active
106986,Emma,Jackson,1987-06-22,Male,Brampton,Ontario,Canada,2017-11-18,Active
106987,Sarah,Smith,1945-12-10,Male,Hamilton,Ontario,Canada,2020-08-31,Inactive
106988,Jessica,Lewis,1965-07-02,Male,Edmonton,Alberta,Canada,1985-05-14,Active
106989,William,Lewis,2003-10-26,Female,Red Deer,Alberta,Canada,2025-11-17,Active
106990,John,Martin,1976-07-23,Female,Montreal,Quebec,Canada,2003-05-12,Active
106991,Emily,Martin,1972-06-08,Male,Brampton,Ontario,Canada,2014-01-14,Active
106992,Emma,White,1963-05-10,Male,Quebec City,Quebec,Canada,2024-01-14,Active
106993,David,Smith,1987-05-26,Female,Victoria,British Columbia,Canada,2020-12-31,Active
106994,Olivia,Wilson,1985-03-07,Female,Calgary,Alberta,Canada,2004-03-20,Active
106995,Sophia,Wilson,1977-01-11,Male,Hamilton,Ontario,Canada,2013-10-15,Active
106996,Sophia,Lewis,2006-12-14,Male,Winnipeg,Manitoba,Canada,2025-03-18,Active
106997,William,Smith,1978-10-25,Female,Surrey,British Columbia,Canada,2004-05-21,Active
106998,William,Harris,1998-06-29,Female,Victoria,British Columbia,Canada,2022-05-28,Active
106999,Daniel,Thomas,1973-10-01,Male,Brampton,Ontario,Canada,2012-02-03,Active
107000,Emma,Smith,1973-10-13,Female,Saskatoon,Saskatchewan,Canada,2025-03-11,Active
107001,Mia,Lewis,1981-01-21,Female,Laval,Quebec,Canada,2006-11-23,Closed
107002,Daniel,Smith,1965-07-23,Male,Toronto,Ontario,Canada,2024-02-04,Active
107003,Ava,Clark,1993-09-24,Male,Toronto,Ontario,Canada,2018-03-28,Active
107004,Emily,Garcia,1972-07-09,Female,Hamilton,Ontario,Canada,1999-10-30,Active
107005,William,Garcia,1960-11-05,Female,Brampton,Ontario,Canada,2008-08-22,Active
107006,James,Wilson,1963-12-03,Male,Hamilton,Ontario,Canada,2009-05-20,Active
107007,Jessica,Lewis,1964-09-27,Female,Brampton,Ontario,Canada,2022-03-14,Active
107008,Jessica,Harris,2006-06-22,Male,Montreal,Quebec,Canada,2026-08-03,Active
107009,Ava,Jackson,1964-02-20,Female,Surrey,British Columbia,Canada,2011-09-22,Closed
107010,Olivia,Thompson,1956-09-20,Male,Vancouver,British Columbia,Canada,2007-06-06,Active
107011,James,Thomas,1987-02-23,Male,Laval,Quebec,Canada,2011-04-29,Active
107012,Emily,Anderson,1995-01-06,Male,Ottawa,Ontario,Canada,2016-01-15,Active
107013,Sophia,Anderson,1970-08-01,Female,Laval,Quebec,Canada,2011-03-16,Active
107014,Sarah,Harris,1970-02-07,Female,Vancouver,British Columbia,Canada,2014-11-07,Active
107015,Daniel,Martin,1982-03-19,Female,Vancouver,British Columbia,Canada,2009-12-10,Active
107016,Emma,Taylor,1985-01-20,Male,Mississauga,Ontario,Canada,2015-02-15,Active
107017,Jessica,Taylor,1950-11-08,Female,Saskatoon,Saskatchewan,Canada,2002-01-29,Active
107018,Olivia,Lee,2002-02-20,Male,Red Deer,Alberta,Canada,2023-05-12,Active
107019,Daniel,White,1967-07-15,Female,Red Deer,Alberta,Canada,1987-06-03,Active
107020,Robert,Clark,1981-04-20,Male,Vancouver,British Columbia,Canada,2012-08-30,Active
107021,Sarah,Anderson,1947-04-20,Female,Quebec City,Quebec,Canada,1978-06-02,Active
107022,Ava,Anderson,1982-11-10,Male,Regina,Saskatchewan,Canada,2003-10-06,Active
107023,Jessica,Anderson,1950-08-17,Male,Winnipeg,Manitoba,Canada,1995-10-27,Active
107024,Olivia,White,1946-04-08,Female,Edmonton,Alberta,Canada,2013-07-12,Active
107025,John,Garcia,2004-03-27,Male,Winnipeg,Manitoba,Canada,2025-10-07,Inactive
107026,Ava,White,1952-02-12,Male,Regina,Saskatchewan,Canada,1989-09-26,Active
107027,David,Anderson,1991-01-22,Female,Victoria,British Columbia,Canada,2019-01-23,Active
107028,Ava,Lee,1978-01-19,Male,Brampton,Ontario,Canada,2001-09-15,Active
107029,Daniel,Harris,1959-04-11,Female,Montreal,Quebec,Canada,1991-02-18,Active
107030,Mia,Thomas,1967-05-08,Female,Surrey,British Columbia,Canada,2003-07-25,Active
107031,Mia,Smith,1952-11-30,Female,Calgary,Alberta,Canada,1992-08-24,Active
107032,Sophia,Harris,1982-05-17,Male,Quebec City,Quebec,Canada,2017-04-13,Active
107033,Mia,Martin,1996-06-15,Female,Laval,Quebec,Canada,2023-07-23,Active
107034,Jessica,Lewis,1968-03-16,Female,Charlottetown,Prince Edward Island,Canada,2008-08-06,Active
107035,Emma,Taylor,2002-09-30,Male,Laval,Quebec,Canada,2020-12-01,Active
107036,Michael,Wilson,1955-01-09,Female,Ottawa,Ontario,Canada,2016-12-17,Active
107037,John,Lee,2003-04-12,Female,Surrey,British Columbia,Canada,2023-09-24,Active
107038,Emily,Harris,1994-03-13,Male,Hamilton,Ontario,Canada,2024-05-25,Active
107039,Emma,Smith,1948-03-01,Male,Hamilton,Ontario,Canada,1982-09-23,Active
107040,Sophia,Brown,1997-03-30,Female,Victoria,British Columbia,Canada,2022-05-01,Active
107041,Sarah,White,1948-01-16,Male,Halifax,Nova Scotia,Canada,1980-11-17,Active
107042,Sarah,Martin,2004-12-26,Female,Toronto,Ontario,Canada,2025-01-06,Active
107043,Jessica,Taylor,1986-10-02,Male,Brampton,Ontario,Canada,2023-02-02,Active
107044,Mia,Thomas,1956-08-23,Male,Laval,Quebec,Canada,2004-02-16,Active
107045,Emma,Garcia,2001-06-14,Female,Vancouver,British Columbia,Canada,2026-08-27,Active
107046,John,Lee,1963-08-16,Female,Mississauga,Ontario,Canada,1999-05-01,Active
107047,Emily,White,1951-06-28,Male,Quebec City,Quebec,Canada,1976-09-27,Active
107048,William,Jackson,1961-09-09,Female,Surrey,British Columbia,Canada,2001-09-25,Active
107049,Sophia,Thomas,1998-05-18,Male,St. John's,Newfoundland and Labrador,Canada,2024-12-12,Active
107050,Sarah,Wilson,2002-08-06,Male,Ottawa,Ontario,Canada,2023-10-17,Active
107051,Ava,Smith,2002-04-23,Female,Montreal,Quebec,Canada,2024-03-12,Active
107052,Daniel,Clark,1981-08-20,Male,Calgary,Alberta,Canada,2021-04-13,Active
107053,Olivia,Smith,1955-07-31,Female,Brampton,Ontario,Canada,1987-07-11,Active
107054,John,Clark,2002-02-11,Male,Calgary,Alberta,Canada,2024-12-31,Active
107055,Mia,Taylor,1976-10-11,Male,Mississauga,Ontario,Canada,2025-03-12,Active
107056,Michael,Thompson,2000-02-03,Male,Mississauga,Ontario,Canada,2019-10-08,Active
107057,William,Lee,1950-02-27,Female,Hamilton,Ontario,Canada,1978-12-27,Active
107058,Emma,Garcia,1959-06-15,Female,Mississauga,Ontario,Canada,2025-07-29,Active
107059,Ava,Thompson,1958-05-27,Male,Red Deer,Alberta,Canada,2025-04-01,Active
107060,Sarah,Taylor,1970-12-14,Male,Vancouver,British Columbia,Canada,2025-05-11,Active
107061,Sarah,Harris,1997-07-28,Female,Calgary,Alberta,Canada,2025-01-30,Active
107062,James,Martin,1970-01-21,Male,Edmonton,Alberta,Canada,1998-11-01,Inactive
107063,Ava,Jackson,1982-04-26,Female,Brampton,Ontario,Canada,2015-02-04,Active
107064,James,Smith,1974-09-04,Female,Regina,Saskatchewan,Canada,2026-08-17,Active
107065,James,Lewis,2004-03-16,Female,Winnipeg,Manitoba,Canada,2025-05-04,Closed
107066,Sarah,Wilson,2006-11-09,Male,Mississauga,Ontario,Canada,2025-10-22,Active
107067,James,Lee,1998-09-24,Male,Edmonton,Alberta,Canada,2022-10-09,Active
107068,Michael,Lewis,1954-12-12,Male,Red Deer,Alberta,Canada,1985-02-15,Active
107069,Jessica,Smith,1997-10-07,Male,Laval,Quebec,Canada,2019-08-05,Active
107070,Olivia,Garcia,1992-08-30,Male,Ottawa,Ontario,Canada,2022-03-12,Active
107071,Robert,Martin,1966-04-03,Female,Mississauga,Ontario,Canada,2025-02-18,Active
107072,Sophia,Taylor,1958-05-04,Male,St. John's,Newfoundland and Labrador,Canada,1978-10-02,Active
107073,Jessica,Clark,2006-04-18,Male,Vancouver,British Columbia,Canada,2025-04-12,Inactive
107074,David,Brown,1990-08-01,Male,Calgary,Alberta,Canada,2021-01-06,Active
107075,Olivia,Taylor,1960-04-04,Male,Saskatoon,Saskatchewan,Canada,2000-10-03,Active
107076,Emily,Lee,1956-10-08,Female,Hamilton,Ontario,Canada,2018-02-07,Active
107077,Emma,Garcia,1981-05-26,Male,Moncton,New Brunswick,Canada,2017-01-02,Active
107078,Michael,Brown,1977-03-16,Female,Quebec City,Quebec,Canada,2006-03-26,Inactive
107079,David,Wilson,1996-04-02,Female,Surrey,British Columbia,Canada,2023-09-30,Active
107080,Robert,Taylor,1986-01-26,Male,Mississauga,Ontario,Canada,2011-08-18,Active
107081,William,Brown,1995-01-19,Female,Toronto,Ontario,Canada,2018-09-03,Active
107082,Mia,Wilson,1971-03-17,Male,Mississauga,Ontario,Canada,1999-05-31,Active
107083,Olivia,Harris,2005-02-04,Male,Brampton,Ontario,Canada,2026-08-30,Active
107084,Emily,Smith,2004-11-13,Female,Brampton,Ontario,Canada,2024-05-31,Active
107085,Emily,Anderson,2003-07-06,Female,Hamilton,Ontario,Canada,2026-06-05,Active
107086,Mia,Anderson,1988-06-13,Male,Surrey,British Columbia,Canada,2018-01-15,Active
107087,Daniel,Lee,1967-09-01,Male,Winnipeg,Manitoba,Canada,1990-10-22,Active
107088,David,Lee,1953-11-29,Male,Mississauga,Ontario,Canada,2013-08-21,Active
107089,Michael,Clark,1979-04-11,Female,Toronto,Ontario,Canada,2003-01-06,Active
107090,Robert,Thomas,1967-06-12,Female,Laval,Quebec,Canada,2021-12-28,Active
107091,Jessica,White,1954-08-26,Male,Surrey,British Columbia,Canada,2024-10-06,Active
107092,Sarah,White,1963-10-13,Female,Victoria,British Columbia,Canada,2006-05-28,Closed
107093,Daniel,Clark,1994-07-01,Female,Moncton,New Brunswick,Canada,2018-02-23,Active
107094,Sarah,Garcia,1962-08-13,Male,Brampton,Ontario,Canada,2002-06-28,Inactive
107095,Ava,Lewis,1950-03-23,Female,Montreal,Quebec,Canada,2013-07-17,Active
107096,Ava,Harris,1957-05-04,Female,Saskatoon,Saskatchewan,Canada,1994-07-27,Active
107097,Michael,Lewis,1955-04-02,Male,Victoria,British Columbia,Canada,1975-12-12,Active
107098,John,Garcia,1955-09-13,Female,Quebec City,Quebec,Canada,2005-03-26,Active
107099,David,Garcia,1971-01-29,Female,Saskatoon,Saskatchewan,Canada,2016-11-16,Active
107100,Emma,Martin,1998-10-27,Female,Ottawa,Ontario,Canada,2018-03-31,Active
107101,Daniel,Thomas,1967-07-11,Male,Toronto,Ontario,Canada,2000-04-25,Active
107102,Emma,Martin,2006-04-30,Female,Mississauga,Ontario,Canada,2025-06-02,Active
107103,Jessica,Thomas,1998-08-11,Female,Edmonton,Alberta,Canada,2022-10-10,Active
107104,Emily,Martin,1954-01-30,Female,Red Deer,Alberta,Canada,1999-11-08,Closed
107105,Robert,Taylor,1982-01-16,Male,Ottawa,Ontario,Canada,2020-02-21,Active
107106,William,Garcia,1993-11-06,Female,Laval,Quebec,Canada,2021-03-04,Active
107107,Michael,Harris,1988-10-20,Female,Montreal,Quebec,Canada,2020-12-22,Active
107108,Sarah,Thompson,1958-05-03,Male,Mississauga,Ontario,Canada,1979-10-14,Active
107109,Robert,Taylor,1988-10-15,Male,Red Deer,Alberta,Canada,2025-01-24,Active
107110,Robert,Garcia,1976-11-12,Female,Montreal,Quebec,Canada,2008-07-12,Active
107111,James,Clark,1958-09-21,Female,Edmonton,Alberta,Canada,1997-11-16,Active
107112,Sophia,Wilson,1956-06-02,Female,Edmonton,Alberta,Canada,2014-03-21,Inactive
107113,Ava,Thomas,1967-07-09,Male,Ottawa,Ontario,Canada,2002-08-12,Active
107114,Sarah,Thompson,1961-01-29,Female,Surrey,British Columbia,Canada,2016-05-22,Active
107115,Emily,Lewis,1978-02-27,Male,Victoria,British Columbia,Canada,2021-04-27,Active
107116,Mia,Garcia,1969-11-15,Female,Brampton,Ontario,Canada,2008-12-11,Active
107117,Sarah,White,1951-06-07,Male,Hamilton,Ontario,Canada,2001-10-21,Active
107118,Jessica,Anderson,1988-06-01,Male,Red Deer,Alberta,Canada,2024-01-27,Active
107119,Daniel,Lewis,1947-11-22,Female,Surrey,British Columbia,Canada,2011-04-20,Active
107120,Sarah,Lewis,1973-11-11,Female,Surrey,British Columbia,Canada,2018-02-17,Active
107121,Sarah,Lewis,1947-05-26,Male,Toronto,Ontario,Canada,2008-03-30,Active
107122,Olivia,Anderson,1995-01-13,Male,Vancouver,British Columbia,Canada,2023-11-26,Active
107123,Jessica,Jackson,1964-05-08,Female,Surrey,British Columbia,Canada,2016-06-17,Active
107124,Sarah,Taylor,1950-01-31,Female,Ottawa,Ontario,Canada,2014-07-15,Active
107125,John,Lee,1959-07-18,Male,Hamilton,Ontario,Canada,1997-06-21,Closed
107126,Mia,Lewis,1980-01-10,Female,Quebec City,Quebec,Canada,2018-11-22,Active
107127,Mia,Wilson,1993-04-29,Male,Victoria,British Columbia,Canada,2019-03-27,Active
107128,Michael,Taylor,1950-09-21,Female,Toronto,Ontario,Canada,2018-05-03,Closed
107129,Robert,Harris,1964-02-08,Male,Winnipeg,Manitoba,Canada,2004-02-04,Active
107130,Ava,Jackson,1951-06-03,Male,Ottawa,Ontario,Canada,1974-12-19,Active
107131,Robert,Jackson,1959-05-04,Female,Edmonton,Alberta,Canada,2017-07-14,Active
107132,Emma,Thomas,1963-06-18,Male,Toronto,Ontario,Canada,2004-03-26,Active
107133,Sophia,Thompson,1981-02-11,Female,Victoria,British Columbia,Canada,2000-04-03,Closed
107134,Emma,Lewis,1950-08-12,Male,Laval,Quebec,Canada,2016-07-13,Inactive
107135,James,Lewis,1982-05-27,Male,Surrey,British Columbia,Canada,2001-09-22,Closed
107136,Sarah,Jackson,1992-11-08,Female,Moncton,New Brunswick,Canada,2012-07-31,Active
107137,Emily,Clark,2003-07-25,Female,Brampton,Ontario,Canada,2025-03-10,Active
107138,Emma,Thompson,1975-12-19,Male,Ottawa,Ontario,Canada,1999-01-15,Active
107139,David,Wilson,1974-06-15,Female,Ottawa,Ontario,Canada,2001-09-02,Active
107140,Robert,Garcia,1984-08-09,Male,Montreal,Quebec,Canada,2012-04-07,Active
107141,Michael,Thomas,2006-11-05,Female,Red Deer,Alberta,Canada,2026-08-15,Active
107142,Sophia,Martin,1947-07-18,Male,Ottawa,Ontario,Canada,2000-01-08,Active
107143,Ava,Thompson,1955-06-06,Female,Calgary,Alberta,Canada,2025-02-15,Active
107144,Michael,Lee,1958-03-01,Male,Quebec City,Quebec,Canada,2012-09-21,Active
107145,David,Lee,1955-09-23,Female,Halifax,Nova Scotia,Canada,1988-12-27,Active
107146,Robert,Clark,1976-12-19,Female,Brampton,Ontario,Canada,2012-09-28,Closed
107147,Mia,White,1947-01-29,Female,St. John's,Newfoundland and Labrador,Canada,1985-09-22,Active
107148,Daniel,Jackson,1949-03-02,Male,Laval,Quebec,Canada,1980-01-21,Active
107149,Robert,Jackson,1986-02-10,Male,St. John's,Newfoundland and Labrador,Canada,2016-02-24,Inactive
107150,Robert,Lee,1954-02-12,Male,Surrey,British Columbia,Canada,2018-05-15,Active
107151,Emily,Taylor,1964-11-02,Female,Mississauga,Ontario,Canada,2017-06-09,Active
107152,William,White,1945-05-18,Male,Calgary,Alberta,Canada,1980-02-23,Inactive
107153,Michael,Thompson,1992-03-16,Female,Quebec City,Quebec,Canada,2014-06-18,Active
107154,Emma,Smith,2001-06-04,Male,Hamilton,Ontario,Canada,2025-08-21,Active
107155,Daniel,Martin,1987-05-02,Female,Laval,Quebec,Canada,2018-10-26,Active
107156,David,Taylor,1971-03-03,Female,Winnipeg,Manitoba,Canada,2007-09-25,Active
107157,Olivia,Anderson,1969-01-27,Female,Vancouver,British Columbia,Canada,2019-08-28,Active
107158,Sophia,Martin,1946-11-01,Female,Mississauga,Ontario,Canada,1967-05-04,Active
107159,Michael,Smith,1960-01-16,Female,Red Deer,Alberta,Canada,2014-09-01,Active
107160,John,Wilson,1973-01-04,Female,Montreal,Quebec,Canada,2008-02-09,Active
107161,James,Jackson,1947-02-26,Female,Hamilton,Ontario,Canada,1995-01-10,Inactive
107162,Sophia,Harris,1999-12-01,Female,Mississauga,Ontario,Canada,2023-08-22,Active
107163,Jessica,Brown,1983-04-01,Male,Brampton,Ontario,Canada,2006-12-20,Active
107164,Sophia,Thomas,1955-12-19,Male,Victoria,British Columbia,Canada,2020-05-04,Active
107165,Jessica,Anderson,1999-08-29,Female,Ottawa,Ontario,Canada,2018-06-02,Active
107166,Daniel,Harris,1958-12-26,Female,Toronto,Ontario,Canada,2005-11-27,Active
107167,Emily,Anderson,1985-07-06,Male,Toronto,Ontario,Canada,2014-07-13,Active
107168,Olivia,Smith,2005-11-18,Male,Red Deer,Alberta,Canada,2026-08-23,Active
107169,William,White,1967-01-04,Female,Surrey,British Columbia,Canada,2012-02-07,Active
107170,Mia,Clark,1997-10-18,Male,Laval,Quebec,Canada,2019-12-07,Active
107171,Mia,Harris,2002-03-30,Female,Victoria,British Columbia,Canada,2022-12-13,Active
107172,Emma,Thomas,1978-07-23,Female,Ottawa,Ontario,Canada,2003-12-16,Active
107173,Ava,White,1984-12-25,Male,Winnipeg,Manitoba,Canada,2004-03-10,Active
107174,William,Wilson,1955-09-20,Male,Hamilton,Ontario,Canada,1997-03-12,Active
107175,John,Taylor,1996-12-26,Male,Hamilton,Ontario,Canada,2015-03-27,Active
107176,Sarah,Jackson,1957-10-30,Male,Mississauga,Ontario,Canada,2009-04-20,Active
107177,Sophia,Harris,1962-07-14,Female,Ottawa,Ontario,Canada,2022-02-20,Active
107178,Sophia,White,1998-04-10,Female,Hamilton,Ontario,Canada,2017-04-05,Active
107179,William,Lee,1957-01-20,Female,Victoria,British Columbia,Canada,2025-03-14,Active
107180,Robert,Martin,1986-07-23,Male,Laval,Quebec,Canada,2006-07-19,Active
107181,Daniel,Smith,1967-01-30,Female,Hamilton,Ontario,Canada,2004-11-05,Active
107182,Emma,White,1966-02-09,Male,Vancouver,British Columbia,Canada,2010-09-04,Active
107183,James,Harris,2001-07-06,Female,Surrey,British Columbia,Canada,2024-02-04,Active
107184,Robert,Smith,1945-08-20,Male,Winnipeg,Manitoba,Canada,1987-10-29,Active
107185,David,Thomas,1991-03-27,Female,Hamilton,Ontario,Canada,2010-01-04,Active
107186,Emma,Lewis,1952-07-26,Female,Calgary,Alberta,Canada,2014-07-04,Active
107187,Sarah,Thomas,1994-06-26,Male,Vancouver,British Columbia,Canada,2019-01-18,Active
107188,John,Jackson,1989-12-10,Female,Laval,Quebec,Canada,2012-11-16,Active
107189,David,Taylor,1982-12-22,Male,Hamilton,Ontario,Canada,2012-07-22,Active
107190,James,Brown,1984-11-14,Male,Quebec City,Quebec,Canada,2013-03-08,Active
107191,Sarah,Anderson,1945-03-03,Female,Hamilton,Ontario,Canada,2001-01-15,Active
107192,Ava,Garcia,1966-08-08,Female,Surrey,British Columbia,Canada,2006-04-07,Active
107193,Emily,Lee,1989-12-10,Male,Surrey,British Columbia,Canada,2019-03-02,Active
107194,Mia,Martin,1981-04-17,Male,Hamilton,Ontario,Canada,2025-02-01,Active
107195,Sophia,Clark,1956-06-13,Male,Brampton,Ontario,Canada,2022-08-10,Active
107196,Mia,Martin,1991-07-29,Female,Winnipeg,Manitoba,Canada,2009-09-12,Active
107197,Robert,Martin,1962-07-28,Female,Laval,Quebec,Canada,2010-04-06,Active
107198,Ava,Jackson,1984-07-24,Male,Laval,Quebec,Canada,2007-10-16,Active
107199,David,Smith,1984-01-16,Male,Halifax,Nova Scotia,Canada,2003-09-21,Active
107200,Daniel,Jackson,1959-02-02,Female,Ottawa,Ontario,Canada,1981-08-26,Active
107201,Olivia,Clark,1947-01-31,Female,Vancouver,British Columbia,Canada,2004-05-21,Active
107202,Robert,Harris,2003-12-12,Male,Red Deer,Alberta,Canada,2026-08-17,Active
107203,David,Garcia,1991-07-26,Female,Mississauga,Ontario,Canada,2022-12-01,Active
107204,John,Smith,1945-06-27,Male,Brampton,Ontario,Canada,1971-11-03,Active
107205,James,Taylor,1956-03-27,Male,Winnipeg,Manitoba,Canada,1985-04-05,Active
107206,Sarah,Anderson,1979-01-17,Female,Mississauga,Ontario,Canada,2021-06-06,Active
107207,Ava,Thomas,1999-10-05,Female,Mississauga,Ontario,Canada,2023-03-02,Active
107208,David,Lee,1958-01-25,Male,Quebec City,Quebec,Canada,2002-05-19,Inactive
107209,Daniel,Jackson,1977-02-24,Female,Red Deer,Alberta,Canada,2000-12-04,Active
107210,Ava,Martin,1988-07-28,Female,Montreal,Quebec,Canada,2022-04-18,Active
107211,Sophia,Martin,1999-04-01,Female,Ottawa,Ontario,Canada,2025-02-06,Active
107212,James,Jackson,1979-05-24,Female,Montreal,Quebec,Canada,2006-03-23,Active
107213,Sarah,Lee,1970-04-23,Female,Laval,Quebec,Canada,2026-08-07,Active
107214,Michael,Taylor,1956-04-30,Female,Victoria,British Columbia,Canada,1999-03-19,Active
107215,David,Smith,1978-08-13,Male,Edmonton,Alberta,Canada,1997-10-13,Active
107216,David,Garcia,1975-11-14,Female,Hamilton,Ontario,Canada,2025-12-10,Active
107217,Jessica,Martin,1999-12-07,Male,Vancouver,British Columbia,Canada,2019-08-18,Active
107218,Michael,Taylor,1976-09-28,Female,Victoria,British Columbia,Canada,1997-10-12,Active
107219,David,Lewis,1992-07-26,Male,Edmonton,Alberta,Canada,2017-11-11,Active
107220,David,Wilson,1970-06-24,Male,Quebec City,Quebec,Canada,2012-03-06,Inactive
107221,William,Taylor,1975-06-28,Female,Toronto,Ontario,Canada,2014-05-10,Active
107222,Jessica,Wilson,1946-08-28,Male,Surrey,British Columbia,Canada,2024-01-31,Active
107223,William,Wilson,1975-03-10,Male,Victoria,British Columbia,Canada,2008-09-01,Active
107224,Robert,Thompson,1957-01-10,Male,Surrey,British Columbia,Canada,1981-07-26,Active
107225,Sarah,Thompson,1964-06-07,Female,Toronto,Ontario,Canada,2002-07-05,Active
107226,Jessica,Martin,2005-01-13,Male,Ottawa,Ontario,Canada,2026-01-31,Inactive
107227,James,Clark,1986-09-19,Male,Ottawa,Ontario,Canada,2004-12-21,Active
107228,Mia,Brown,1955-11-16,Female,Hamilton,Ontario,Canada,1988-06-14,Active
107229,Mia,Martin,1979-02-02,Female,Hamilton,Ontario,Canada,2017-02-04,Active
107230,Jessica,Brown,1972-11-25,Female,Brampton,Ontario,Canada,1998-01-28,Active
107231,Emily,Lee,1991-06-21,Male,Brampton,Ontario,Canada,2017-11-03,Active
107232,Olivia,Martin,1962-07-11,Female,Hamilton,Ontario,Canada,1988-03-16,Active
107233,Daniel,Garcia,1984-06-25,Female,Charlottetown,Prince Edward Island,Canada,2005-07-16,Active
107234,William,Harris,1991-09-06,Female,Montreal,Quebec,Canada,2022-03-05,Active
107235,William,Thomas,1989-05-14,Female,Hamilton,Ontario,Canada,2022-05-25,Active
107236,Michael,Thompson,1980-06-02,Male,Vancouver,British Columbia,Canada,1999-06-06,Active
107237,Emma,Clark,1945-03-18,Female,Quebec City,Quebec,Canada,1997-03-23,Inactive
107238,Robert,Wilson,1989-01-26,Female,Toronto,Ontario,Canada,2015-04-24,Active
107239,Robert,Lewis,2004-08-01,Male,Laval,Quebec,Canada,2024-01-31,Active
107240,Ava,Thompson,1984-02-17,Male,Mississauga,Ontario,Canada,2019-03-25,Active
107241,Sarah,Brown,1981-02-17,Male,Laval,Quebec,Canada,2016-09-08,Active
107242,Jessica,Lee,1975-09-25,Female,Toronto,Ontario,Canada,1998-05-01,Inactive
107243,David,Wilson,1949-06-30,Male,Montreal,Quebec,Canada,2025-01-07,Active
107244,Robert,Martin,2004-07-08,Female,Mississauga,Ontario,Canada,2023-06-12,Active
107245,Olivia,Brown,1967-07-21,Female,Toronto,Ontario,Canada,2008-01-22,Active
107246,Daniel,Wilson,1988-04-19,Male,Surrey,British Columbia,Canada,2009-05-27,Active
107247,Michael,Martin,1978-06-16,Male,Ottawa,Ontario,Canada,2014-08-12,Active
107248,Emma,Thompson,1987-05-25,Male,Quebec City,Quebec,Canada,2005-12-13,Active
107249,Daniel,Thompson,1949-02-08,Male,Ottawa,Ontario,Canada,1983-02-22,Active
107250,Olivia,Thomas,1987-07-02,Female,Vancouver,British Columbia,Canada,2015-03-01,Active
107251,William,Clark,1978-11-08,Female,Montreal,Quebec,Canada,1999-10-16,Active
107252,Emily,Smith,1973-05-29,Female,Calgary,Alberta,Canada,2008-12-02,Active
107253,Sophia,Clark,1991-01-27,Female,Quebec City,Quebec,Canada,2019-04-18,Active
107254,Mia,Anderson,1984-06-27,Male,Charlottetown,Prince Edward Island,Canada,2025-05-09,Active
107255,David,Martin,1991-08-19,Female,Brampton,Ontario,Canada,2016-01-07,Active
107256,Olivia,Lewis,1982-01-31,Male,Surrey,British Columbia,Canada,2019-06-09,Active
107257,Mia,Taylor,1993-05-21,Male,Montreal,Quebec,Canada,2015-06-05,Active
107258,Jessica,Jackson,1999-12-18,Male,Mississauga,Ontario,Canada,2026-05-29,Active
107259,Michael,Clark,1995-04-10,Male,Victoria,British Columbia,Canada,2026-03-12,Active
107260,Michael,Clark,2005-09-01,Female,Halifax,Nova Scotia,Canada,2025-12-08,Active
107261,David,Taylor,1977-12-04,Female,Calgary,Alberta,Canada,2002-06-25,Active
107262,John,White,1974-06-07,Male,Ottawa,Ontario,Canada,2025-12-09,Active
107263,Sophia,Anderson,1948-05-26,Male,Montreal,Quebec,Canada,1990-06-16,Active
107264,Ava,White,1981-11-07,Female,Hamilton,Ontario,Canada,2006-07-04,Active
107265,Sarah,Thomas,1986-12-23,Female,Victoria,British Columbia,Canada,2013-09-11,Active
107266,Emily,Smith,1962-04-15,Female,Quebec City,Quebec,Canada,1988-01-23,Active
107267,Sophia,Lewis,1946-07-22,Male,Toronto,Ontario,Canada,1986-10-29,Active
107268,Daniel,Martin,1997-04-06,Male,Brampton,Ontario,Canada,2019-09-22,Active
107269,Sarah,Jackson,1951-12-13,Female,Regina,Saskatchewan,Canada,2026-06-30,Active
107270,Emily,Brown,1988-10-09,Female,Brampton,Ontario,Canada,2016-07-21,Active
107271,Robert,Brown,2005-05-29,Male,Ottawa,Ontario,Canada,2025-10-27,Active
107272,James,White,2002-03-18,Male,Hamilton,Ontario,Canada,2025-07-14,Active
107273,Emily,Martin,1957-09-18,Male,Laval,Quebec,Canada,2023-11-04,Active
107274,Emma,Taylor,1982-02-11,Female,Brampton,Ontario,Canada,2014-06-28,Active
107275,John,Garcia,2003-04-09,Male,Victoria,British Columbia,Canada,2024-06-04,Active
107276,David,Thomas,1988-08-23,Female,Brampton,Ontario,Canada,2025-09-18,Active
107277,David,Smith,1962-02-07,Female,Hamilton,Ontario,Canada,2011-10-23,Closed
107278,Emma,Harris,1949-12-29,Male,Toronto,Ontario,Canada,1984-12-02,Active
107279,Sarah,Wilson,1976-08-10,Male,Mississauga,Ontario,Canada,2013-08-31,Active
107280,Emily,Smith,1982-03-23,Male,Victoria,British Columbia,Canada,2015-07-14,Active
107281,Jessica,Brown,1955-11-15,Male,Toronto,Ontario,Canada,2004-10-24,Active
107282,Robert,Anderson,1967-09-27,Female,Surrey,British Columbia,Canada,2012-05-29,Inactive
107283,Olivia,White,1970-06-02,Female,Montreal,Quebec,Canada,2004-12-01,Active
107284,James,Lee,1976-01-04,Male,Hamilton,Ontario,Canada,1999-02-06,Active
107285,John,Taylor,1947-05-21,Female,Mississauga,Ontario,Canada,1987-09-27,Active
107286,Emma,Smith,1964-07-28,Male,Montreal,Quebec,Canada,2017-03-17,Active
107287,Jessica,Wilson,1997-01-09,Female,Toronto,Ontario,Canada,2026-08-31,Active
107288,Michael,Anderson,1962-02-04,Female,Montreal,Quebec,Canada,2009-11-14,Active
107289,Daniel,Taylor,1994-07-07,Male,Calgary,Alberta,Canada,2023-07-10,Active
107290,James,Anderson,1995-09-15,Female,Mississauga,Ontario,Canada,2016-03-11,Active
107291,Olivia,Lee,1998-07-09,Female,Brampton,Ontario,Canada,2024-06-24,Active
107292,Sophia,Thomas,1979-02-17,Male,Montreal,Quebec,Canada,2009-05-05,Active
107293,Robert,Martin,1966-10-13,Female,Brampton,Ontario,Canada,2014-03-20,Active
107294,William,Thompson,1959-12-14,Male,Quebec City,Quebec,Canada,2009-03-01,Active
107295,David,Brown,1977-09-22,Male,Quebec City,Quebec,Canada,2019-04-05,Active
107296,William,Taylor,1992-04-20,Female,Quebec City,Quebec,Canada,2022-04-21,Active
107297,Robert,Jackson,1996-02-20,Male,Victoria,British Columbia,Canada,2022-03-26,Closed
107298,David,Jackson,1948-09-17,Male,Brampton,Ontario,Canada,1991-09-25,Active
107299,Daniel,Smith,2002-07-06,Male,Quebec City,Quebec,Canada,2025-07-09,Inactive
107300,Emma,Martin,1962-06-20,Male,Edmonton,Alberta,Canada,2013-11-05,Active
107301,Sophia,Anderson,1959-12-24,Male,Montreal,Quebec,Canada,1984-09-14,Active
107302,Robert,Anderson,1965-03-09,Male,Victoria,British Columbia,Canada,1994-07-09,Active
107303,Ava,Martin,1967-01-13,Female,Quebec City,Quebec,Canada,1996-03-26,Inactive
107304,David,Lee,1955-03-10,Male,Quebec City,Quebec,Canada,1989-07-01,Active
107305,Mia,Clark,1964-06-17,Female,Brampton,Ontario,Canada,2013-07-13,Active
107306,Robert,Lee,1997-02-02,Female,Surrey,British Columbia,Canada,2015-03-23,Active
107307,Emily,Jackson,1945-08-14,Male,Laval,Quebec,Canada,1980-01-20,Active
107308,David,Brown,1986-06-16,Female,Brampton,Ontario,Canada,2015-04-15,Active
107309,Sophia,Taylor,1999-04-09,Female,Mississauga,Ontario,Canada,2018-12-11,Active
107310,Robert,Thomas,1986-03-25,Female,Toronto,Ontario,Canada,2008-06-15,Inactive
107311,Mia,Anderson,1973-11-30,Female,Montreal,Quebec,Canada,2006-11-20,Active
107312,John,Taylor,1981-05-04,Male,Ottawa,Ontario,Canada,2015-10-16,Active
107313,Sarah,Wilson,1977-12-18,Male,Red Deer,Alberta,Canada,2006-03-28,Active
107314,Michael,Wilson,1967-10-31,Female,Halifax,Nova Scotia,Canada,2025-04-06,Active
107315,Mia,Martin,1997-05-07,Female,Saint John,New Brunswick,Canada,2020-02-02,Inactive
107316,Daniel,White,1985-07-08,Female,Mississauga,Ontario,Canada,2026-08-29,Active
107317,Olivia,Smith,1947-07-09,Female,Laval,Quebec,Canada,1999-12-15,Active
107318,Mia,Harris,1990-05-21,Male,Winnipeg,Manitoba,Canada,2015-03-25,Active
107319,Emily,Clark,1959-04-26,Male,Surrey,British Columbia,Canada,1982-12-11,Active
107320,James,Jackson,1977-12-03,Female,Toronto,Ontario,Canada,2018-06-23,Active
107321,David,Anderson,1954-09-17,Male,Calgary,Alberta,Canada,2001-10-07,Active
107322,David,Anderson,1973-08-27,Female,Quebec City,Quebec,Canada,2025-04-16,Active
107323,Mia,Thomas,1953-02-12,Female,Surrey,British Columbia,Canada,2024-11-04,Active
107324,Mia,Anderson,1958-01-30,Male,Moncton,New Brunswick,Canada,2002-07-23,Active
107325,Sarah,Lewis,1998-08-31,Male,Charlottetown,Prince Edward Island,Canada,2019-02-16,Active
107326,Mia,Lee,1949-04-16,Female,Montreal,Quebec,Canada,1987-02-12,Active
107327,David,Thomas,1963-04-10,Female,Ottawa,Ontario,Canada,1984-07-05,Active
107328,Olivia,Lewis,1946-08-08,Female,Victoria,British Columbia,Canada,1974-04-09,Active
107329,William,Clark,1955-11-17,Male,Vancouver,British Columbia,Canada,1995-09-05,Active
107330,David,Brown,1988-12-30,Male,Montreal,Quebec,Canada,2010-06-17,Active
107331,David,White,1978-09-18,Male,Quebec City,Quebec,Canada,2022-05-17,Active
107332,Daniel,Martin,1965-12-18,Male,Montreal,Quebec,Canada,2020-06-08,Active
107333,William,Jackson,1949-08-26,Male,Laval,Quebec,Canada,1978-01-02,Active
107334,David,Jackson,1988-08-18,Female,Halifax,Nova Scotia,Canada,2011-10-26,Active
107335,William,White,1960-02-18,Male,Edmonton,Alberta,Canada,2018-04-17,Closed
107336,John,Thompson,1975-12-31,Female,Brampton,Ontario,Canada,2002-11-03,Active
107337,Ava,Anderson,1952-01-06,Female,Quebec City,Quebec,Canada,1984-10-07,Closed
107338,William,Harris,1972-02-26,Female,Montreal,Quebec,Canada,2017-06-01,Active
107339,John,Taylor,1999-01-12,Female,Montreal,Quebec,Canada,2020-11-25,Active
107340,Emily,Lewis,1983-08-16,Male,Mississauga,Ontario,Canada,2022-07-31,Active
107341,Mia,Brown,1973-12-16,Female,Victoria,British Columbia,Canada,2010-04-28,Active
107342,William,Brown,1955-07-18,Male,Victoria,British Columbia,Canada,1984-08-13,Active
107343,Emma,Smith,1960-09-06,Male,Quebec City,Quebec,Canada,1986-01-11,Active
107344,Jessica,Thomas,2005-09-20,Female,Winnipeg,Manitoba,Canada,2025-09-30,Active
107345,Sophia,Martin,2003-01-17,Male,St. John's,Newfoundland and Labrador,Canada,2023-07-25,Active
107346,Robert,Lee,1964-10-20,Male,Edmonton,Alberta,Canada,2002-05-23,Active
107347,James,Jackson,1984-06-25,Female,Regina,Saskatchewan,Canada,2018-12-06,Inactive
107348,William,Wilson,1992-06-16,Male,Montreal,Quebec,Canada,2014-12-10,Inactive
107349,Mia,Thomas,1969-11-21,Male,Saskatoon,Saskatchewan,Canada,2026-08-17,Active
107350,Sophia,Brown,1959-08-13,Male,Saskatoon,Saskatchewan,Canada,2003-02-18,Active
107351,Sophia,White,1965-01-25,Male,Surrey,British Columbia,Canada,2020-07-24,Active
107352,Mia,Thompson,1973-06-24,Female,Ottawa,Ontario,Canada,2018-11-02,Inactive
107353,William,Smith,1966-09-12,Female,Mississauga,Ontario,Canada,2010-03-16,Active
107354,Robert,Garcia,1975-06-16,Male,Laval,Quebec,Canada,1996-10-04,Active
107355,Mia,Taylor,1953-09-09,Female,Surrey,British Columbia,Canada,2012-03-07,Inactive
107356,Emily,Thompson,1963-04-27,Female,Quebec City,Quebec,Canada,1984-07-18,Active
107357,Robert,Clark,1955-03-30,Female,Calgary,Alberta,Canada,2012-08-21,Active
107358,Robert,Garcia,1965-12-18,Female,Calgary,Alberta,Canada,2022-11-24,Active
107359,Mia,Thompson,1961-09-03,Female,Brampton,Ontario,Canada,2004-09-12,Active
107360,James,Thompson,1971-06-04,Female,Toronto,Ontario,Canada,2025-04-21,Active
107361,James,Wilson,2006-12-08,Female,Victoria,British Columbia,Canada,2026-01-08,Active
107362,Sophia,Wilson,1996-09-05,Male,Ottawa,Ontario,Canada,2021-01-05,Active
107363,James,Thomas,1982-12-12,Male,Regina,Saskatchewan,Canada,2014-08-19,Inactive
107364,Michael,Martin,1975-07-03,Male,Calgary,Alberta,Canada,1998-04-07,Active
107365,Ava,Martin,1964-12-29,Female,Montreal,Quebec,Canada,1985-11-22,Inactive
107366,Daniel,Garcia,1949-07-31,Male,Montreal,Quebec,Canada,1972-03-21,Active
107367,Olivia,Anderson,1983-01-02,Female,Calgary,Alberta,Canada,2023-12-24,Active
107368,Sarah,Clark,1957-08-25,Male,Winnipeg,Manitoba,Canada,1983-08-10,Inactive
107369,John,Jackson,1946-06-02,Female,Montreal,Quebec,Canada,2004-01-25,Active
107370,Michael,Taylor,2006-02-13,Male,Moncton,New Brunswick,Canada,2024-11-02,Active
107371,Sophia,Garcia,1957-03-06,Male,Montreal,Quebec,Canada,1994-11-25,Active
107372,John,Brown,1949-08-30,Male,Ottawa,Ontario,Canada,2008-01-05,Active
107373,Emily,Jackson,1981-05-19,Female,Laval,Quebec,Canada,2023-03-03,Active
107374,William,Garcia,1984-10-21,Male,Calgary,Alberta,Canada,2005-06-07,Inactive
107375,William,Garcia,1961-04-02,Male,St. John's,Newfoundland and Labrador,Canada,2004-02-16,Active
107376,Ava,Taylor,1957-04-20,Female,Hamilton,Ontario,Canada,1982-05-02,Active
107377,Jessica,Wilson,1952-10-24,Female,Laval,Quebec,Canada,1982-01-24,Active
107378,Jessica,Smith,1971-03-19,Female,Montreal,Quebec,Canada,2015-12-02,Closed
107379,William,Brown,1969-07-30,Female,Winnipeg,Manitoba,Canada,1988-09-26,Active
107380,William,Clark,1966-06-29,Male,Vancouver,British Columbia,Canada,1995-05-08,Active
107381,Olivia,Garcia,2002-03-21,Female,Toronto,Ontario,Canada,2023-10-25,Active
107382,James,White,2005-07-24,Male,Red Deer,Alberta,Canada,2024-03-25,Active
107383,David,Harris,1999-01-23,Female,Victoria,British Columbia,Canada,2020-10-05,Active
107384,Jessica,Anderson,1978-09-24,Female,Winnipeg,Manitoba,Canada,2014-03-04,Active
107385,Jessica,Wilson,2004-08-21,Male,Red Deer,Alberta,Canada,2026-04-08,Active
107386,John,Smith,1959-09-29,Male,Mississauga,Ontario,Canada,1981-08-06,Active
107387,Sophia,Thompson,1990-09-20,Female,Moncton,New Brunswick,Canada,2017-10-29,Active
107388,Emily,Smith,1982-01-09,Female,Laval,Quebec,Canada,2016-10-13,Active
107389,David,Brown,1982-10-05,Female,St. John's,Newfoundland and Labrador,Canada,2013-03-01,Active
107390,Sophia,Garcia,1948-06-30,Female,Hamilton,Ontario,Canada,1967-08-26,Active
107391,Ava,Harris,1953-02-05,Female,Red Deer,Alberta,Canada,2013-05-20,Active
107392,Daniel,White,2002-05-19,Male,Hamilton,Ontario,Canada,2021-11-05,Active
107393,Robert,Taylor,1960-11-28,Female,Brampton,Ontario,Canada,1983-08-17,Active
107394,Robert,Wilson,1965-09-08,Male,Charlottetown,Prince Edward Island,Canada,2003-01-18,Active
107395,Emily,Jackson,1987-03-11,Female,Mississauga,Ontario,Canada,2009-04-17,Active
107396,James,Thomas,1999-08-27,Female,Mississauga,Ontario,Canada,2023-05-05,Active
107397,Sarah,Harris,1968-12-27,Male,Calgary,Alberta,Canada,2008-05-24,Active
107398,James,Wilson,1994-12-24,Female,Laval,Quebec,Canada,2015-10-09,Active
107399,James,Taylor,1982-09-14,Female,Quebec City,Quebec,Canada,2024-07-22,Active
107400,Daniel,Brown,1955-10-08,Male,St. John's,Newfoundland and Labrador,Canada,2020-04-10,Active
107401,Sophia,Jackson,1979-04-02,Female,Laval,Quebec,Canada,2006-07-04,Active
107402,Mia,Anderson,2004-08-16,Female,Brampton,Ontario,Canada,2026-05-04,Active
107403,John,Taylor,2005-12-30,Male,Surrey,British Columbia,Canada,2024-11-12,Inactive
107404,David,Harris,2006-06-23,Male,Victoria,British Columbia,Canada,2025-07-12,Inactive
107405,Daniel,White,1948-08-14,Male,Toronto,Ontario,Canada,2000-08-03,Active
107406,Emily,Taylor,1994-09-25,Female,Quebec City,Quebec,Canada,2016-07-12,Active
107407,Ava,Thompson,1973-12-03,Male,Ottawa,Ontario,Canada,2012-10-18,Active
107408,Olivia,Thomas,1972-06-11,Male,Ottawa,Ontario,Canada,1994-06-11,Inactive
107409,Emily,Thomas,1970-08-27,Female,Ottawa,Ontario,Canada,2011-08-26,Active
107410,James,White,1986-05-15,Female,Winnipeg,Manitoba,Canada,2025-04-19,Active
107411,John,Wilson,1975-09-17,Female,Ottawa,Ontario,Canada,2004-05-18,Closed
107412,Michael,Jackson,1949-01-29,Female,Toronto,Ontario,Canada,1975-01-14,Active
107413,Jessica,Harris,1968-10-01,Male,Halifax,Nova Scotia,Canada,2009-11-09,Active
107414,Robert,Brown,2002-01-11,Male,Brampton,Ontario,Canada,2022-01-04,Active
107415,David,Harris,1952-07-06,Female,Halifax,Nova Scotia,Canada,2012-03-29,Active
107416,Olivia,Smith,1957-12-20,Male,Winnipeg,Manitoba,Canada,1992-08-23,Active
107417,Emma,Martin,1950-12-12,Male,Laval,Quebec,Canada,1972-07-23,Active
107418,Daniel,Smith,1989-02-25,Female,Mississauga,Ontario,Canada,2012-05-21,Active
107419,Mia,Wilson,1995-01-15,Male,Brampton,Ontario,Canada,2024-04-24,Active
107420,Sophia,Thomas,1994-07-01,Female,Hamilton,Ontario,Canada,2012-07-11,Active
107421,Olivia,Martin,1948-06-08,Female,Brampton,Ontario,Canada,2019-10-20,Active
107422,Mia,Thompson,2005-01-30,Female,Quebec City,Quebec,Canada,2023-10-28,Active
107423,Michael,White,2000-03-11,Male,Mississauga,Ontario,Canada,2020-07-03,Active
107424,Sophia,Brown,1995-11-25,Male,Edmonton,Alberta,Canada,2023-06-16,Active
107425,Ava,Thomas,1998-05-19,Female,Mississauga,Ontario,Canada,2025-12-24,Active
107426,Ava,Garcia,1995-07-15,Female,Laval,Quebec,Canada,2016-03-26,Active
107427,Emily,Brown,1946-04-21,Male,Hamilton,Ontario,Canada,2021-03-17,Active
107428,Sophia,Thompson,1988-06-09,Male,Brampton,Ontario,Canada,2021-11-22,Active
107429,Mia,Thomas,2001-06-02,Female,Edmonton,Alberta,Canada,2019-08-12,Active
107430,Emma,Smith,1980-04-30,Male,Victoria,British Columbia,Canada,2010-02-10,Active
107431,Mia,Thompson,2001-05-04,Male,Quebec City,Quebec,Canada,2021-03-12,Active
107432,Emma,Smith,1946-08-21,Male,Montreal,Quebec,Canada,1969-08-30,Active
107433,William,Thomas,1981-09-15,Male,Quebec City,Quebec,Canada,2024-08-11,Inactive
107434,Olivia,Wilson,2005-04-12,Male,Winnipeg,Manitoba,Canada,2026-01-29,Active
107435,Daniel,Harris,1979-05-31,Male,Ottawa,Ontario,Canada,2022-12-24,Active
107436,Emma,Smith,1972-04-14,Female,Surrey,British Columbia,Canada,2013-05-23,Active
107437,Emma,Brown,1962-01-27,Male,Ottawa,Ontario,Canada,2014-01-14,Active
107438,Ava,White,1994-03-13,Male,Laval,Quebec,Canada,2021-01-20,Active
107439,Emily,Lee,2003-07-29,Male,Montreal,Quebec,Canada,2021-10-23,Active
107440,Sarah,Smith,1967-10-08,Female,Hamilton,Ontario,Canada,1991-11-30,Active
107441,Michael,Jackson,1975-03-31,Male,Montreal,Quebec,Canada,2022-12-06,Active
107442,Jessica,Clark,1972-09-24,Male,Montreal,Quebec,Canada,2013-02-17,Active
107443,Emily,Anderson,1983-11-17,Female,Brampton,Ontario,Canada,2009-11-27,Active
107444,Sarah,White,1973-02-16,Female,Charlottetown,Prince Edward Island,Canada,2019-06-09,Active
107445,Olivia,Clark,1989-11-17,Female,Toronto,Ontario,Canada,2017-10-20,Active
107446,Emma,Thompson,2006-05-16,Male,Winnipeg,Manitoba,Canada,2026-08-28,Active
107447,Michael,Anderson,1963-05-06,Male,Quebec City,Quebec,Canada,2003-11-25,Inactive
107448,Daniel,Garcia,1957-04-25,Male,Mississauga,Ontario,Canada,2009-10-05,Closed
107449,Olivia,Thompson,1978-12-22,Female,Brampton,Ontario,Canada,2026-02-26,Inactive
107450,Emma,White,1975-08-12,Male,Victoria,British Columbia,Canada,2007-11-24,Active
107451,Sophia,Jackson,1970-10-21,Male,Calgary,Alberta,Canada,2023-12-12,Active
107452,Sophia,Lewis,1953-09-29,Male,Victoria,British Columbia,Canada,2016-09-19,Active
107453,Emma,Lewis,1951-02-28,Female,Quebec City,Quebec,Canada,1971-03-23,Inactive
107454,Ava,Lee,1975-02-17,Male,Ottawa,Ontario,Canada,1994-10-27,Active
107455,Jessica,Thompson,1989-07-20,Male,Red Deer,Alberta,Canada,2009-04-23,Active
107456,David,Thomas,1978-05-25,Female,Winnipeg,Manitoba,Canada,2009-02-01,Active
107457,Emily,Brown,1993-01-11,Female,Brampton,Ontario,Canada,2023-09-18,Active
107458,Olivia,Brown,1952-08-10,Female,Calgary,Alberta,Canada,2011-08-27,Active
107459,John,Lee,2003-08-08,Female,Victoria,British Columbia,Canada,2025-05-04,Active
107460,Sophia,Thomas,1987-12-28,Male,Quebec City,Quebec,Canada,2013-06-03,Active
107461,Emily,Brown,1985-11-26,Female,Vancouver,British Columbia,Canada,2004-12-01,Active
107462,Ava,Taylor,1996-02-29,Male,Hamilton,Ontario,Canada,2014-11-24,Active
107463,David,Smith,2003-06-10,Female,Ottawa,Ontario,Canada,2022-02-28,Active
107464,Mia,White,1995-05-30,Male,Surrey,British Columbia,Canada,2014-11-18,Active
107465,Daniel,Harris,1974-04-24,Female,Moncton,New Brunswick,Canada,2024-10-29,Active
107466,Emily,Thomas,1989-12-10,Female,Laval,Quebec,Canada,2011-01-26,Active
107467,Jessica,Garcia,1970-07-14,Male,Mississauga,Ontario,Canada,2000-09-22,Active
107468,Emily,White,1952-11-15,Male,Mississauga,Ontario,Canada,2017-04-02,Active
107469,Mia,Lee,2006-01-19,Female,Montreal,Quebec,Canada,2024-08-04,Inactive
107470,Michael,Garcia,1983-02-25,Male,Victoria,British Columbia,Canada,2019-07-18,Active
107471,Olivia,Brown,1993-08-23,Female,Hamilton,Ontario,Canada,2018-08-19,Active
107472,Ava,Anderson,1987-12-30,Male,Ottawa,Ontario,Canada,2021-10-14,Active
107473,David,Garcia,1965-05-23,Female,Surrey,British Columbia,Canada,1996-06-01,Active
107474,David,Harris,1991-11-03,Female,Toronto,Ontario,Canada,2025-02-20,Active
107475,Sarah,Garcia,1964-08-02,Male,Quebec City,Quebec,Canada,2014-10-26,Active
107476,Olivia,Thomas,1988-09-10,Female,Surrey,British Columbia,Canada,2012-09-25,Active
107477,Ava,Smith,1995-08-09,Female,Brampton,Ontario,Canada,2022-04-20,Active
107478,Sophia,Garcia,1983-08-13,Female,Quebec City,Quebec,Canada,2020-03-25,Active
107479,Sophia,Garcia,1973-12-07,Female,Hamilton,Ontario,Canada,2026-03-11,Active
107480,Daniel,Martin,1989-11-06,Female,Toronto,Ontario,Canada,2014-09-16,Active
107481,Jessica,Jackson,1948-07-01,Male,Saskatoon,Saskatchewan,Canada,2025-04-17,Active
107482,David,Smith,1997-09-11,Male,Surrey,British Columbia,Canada,2024-04-25,Active
107483,Daniel,Thompson,1975-07-23,Male,Toronto,Ontario,Canada,2008-01-15,Active
107484,Michael,Martin,1979-11-13,Female,Ottawa,Ontario,Canada,2017-11-28,Closed
107485,James,Thompson,1956-09-27,Female,Toronto,Ontario,Canada,2004-01-30,Active
107486,Emma,Wilson,1953-02-25,Male,Winnipeg,Manitoba,Canada,2026-02-06,Inactive
107487,Emma,Thompson,1966-12-02,Female,Vancouver,British Columbia,Canada,1987-06-25,Active
107488,Sarah,Thompson,1995-05-28,Male,Surrey,British Columbia,Canada,2023-06-12,Active
107489,James,Clark,1944-11-20,Female,Mississauga,Ontario,Canada,2016-01-11,Active
107490,John,Harris,1985-08-23,Female,Regina,Saskatchewan,Canada,2003-10-11,Active
107491,John,Thompson,2006-05-20,Female,Calgary,Alberta,Canada,2025-07-18,Active
107492,Olivia,Jackson,1987-04-04,Female,Ottawa,Ontario,Canada,2020-03-28,Active
107493,David,Thompson,1962-07-21,Female,Montreal,Quebec,Canada,2019-09-28,Closed
107494,David,Thompson,1962-07-14,Male,Laval,Quebec,Canada,1985-03-22,Active
107495,Emma,Garcia,1965-01-09,Female,Quebec City,Quebec,Canada,1995-02-25,Active
107496,Mia,Clark,1953-06-05,Male,Ottawa,Ontario,Canada,2001-08-04,Active
107497,Sophia,Smith,1981-09-07,Female,Toronto,Ontario,Canada,2017-01-10,Active
107498,Robert,Garcia,1993-03-09,Female,Victoria,British Columbia,Canada,2013-08-14,Inactive
107499,Emily,Garcia,1976-07-19,Male,Surrey,British Columbia,Canada,2021-01-07,Active
107500,David,Harris,1947-02-11,Male,Quebec City,Quebec,Canada,1995-07-26,Active
107501,Emma,White,1998-07-02,Male,Montreal,Quebec,Canada,2020-07-31,Active
107502,John,Thompson,1969-05-07,Female,Ottawa,Ontario,Canada,2018-07-06,Active
107503,Sophia,Jackson,1976-02-29,Male,Laval,Quebec,Canada,2010-10-29,Inactive
107504,Sarah,Jackson,1976-01-22,Female,Red Deer,Alberta,Canada,2003-06-27,Active
107505,Sophia,Clark,1983-12-08,Male,Laval,Quebec,Canada,2012-09-18,Active
107506,Daniel,Garcia,1945-02-05,Female,Regina,Saskatchewan,Canada,1972-10-20,Active
107507,Michael,Taylor,1959-05-08,Female,Vancouver,British Columbia,Canada,2018-12-05,Active
107508,Sophia,Clark,1981-08-11,Male,Edmonton,Alberta,Canada,2008-02-13,Active
107509,Jessica,Anderson,1968-06-22,Female,Montreal,Quebec,Canada,2000-07-12,Active
107510,Daniel,Wilson,1951-07-15,Male,Brampton,Ontario,Canada,1979-06-16,Active
107511,William,Lewis,2001-11-11,Female,Saskatoon,Saskatchewan,Canada,2022-05-26,Active
107512,William,Taylor,1959-03-18,Male,Victoria,British Columbia,Canada,1986-04-15,Active
107513,Sarah,Taylor,1957-12-26,Female,Winnipeg,Manitoba,Canada,1978-04-30,Active
107514,David,Anderson,2006-08-06,Male,Vancouver,British Columbia,Canada,2026-01-15,Active
107515,Robert,White,1958-06-17,Female,Laval,Quebec,Canada,1995-05-19,Active
107516,Robert,Wilson,1979-04-19,Male,Ottawa,Ontario,Canada,2017-12-25,Active
107517,James,Wilson,1976-07-28,Female,Ottawa,Ontario,Canada,2001-09-24,Active
107518,Mia,Thomas,2004-12-31,Male,Quebec City,Quebec,Canada,2024-12-09,Active
107519,David,Taylor,2004-02-13,Male,Saskatoon,Saskatchewan,Canada,2023-01-27,Inactive
107520,Michael,Wilson,1975-01-14,Female,Edmonton,Alberta,Canada,2001-07-09,Inactive
107521,Michael,Lewis,1946-10-31,Male,Quebec City,Quebec,Canada,2024-10-05,Active
107522,Ava,Harris,1994-08-13,Male,Laval,Quebec,Canada,2020-01-22,Active
107523,Sarah,Smith,1984-05-12,Female,Ottawa,Ontario,Canada,2002-07-03,Active
107524,Robert,Brown,1946-05-24,Male,Hamilton,Ontario,Canada,2023-06-18,Active
107525,Daniel,Clark,1952-11-21,Female,St. John's,Newfoundland and Labrador,Canada,2016-10-06,Active
107526,John,Anderson,1962-05-08,Male,Surrey,British Columbia,Canada,1998-02-13,Active
107527,Robert,Wilson,1997-05-23,Female,Quebec City,Quebec,Canada,2018-02-07,Active
107528,David,Martin,1961-11-04,Female,Red Deer,Alberta,Canada,1999-09-04,Inactive
107529,Emma,Clark,1999-11-13,Male,Ottawa,Ontario,Canada,2024-09-02,Inactive
107530,James,Thomas,1948-05-25,Male,Halifax,Nova Scotia,Canada,1996-03-08,Active
107531,Daniel,Garcia,1976-03-17,Female,Surrey,British Columbia,Canada,1999-11-09,Active
107532,Sophia,Jackson,2003-12-25,Female,Mississauga,Ontario,Canada,2022-10-26,Active
107533,Emma,Brown,1984-12-05,Male,Surrey,British Columbia,Canada,2026-06-30,Active
107534,Sarah,Garcia,1975-10-18,Male,Ottawa,Ontario,Canada,2001-11-03,Active
107535,David,Lewis,1968-06-21,Male,Surrey,British Columbia,Canada,2009-09-27,Active
107536,William,Lee,1981-05-10,Female,Toronto,Ontario,Canada,2018-03-23,Active
107537,David,Brown,1960-01-03,Female,Hamilton,Ontario,Canada,1985-07-13,Active
107538,Jessica,Harris,1976-10-15,Male,Vancouver,British Columbia,Canada,1999-12-09,Inactive
107539,Robert,Martin,1947-07-17,Female,Montreal,Quebec,Canada,1984-08-14,Active
107540,Jessica,Brown,1959-08-29,Female,Brampton,Ontario,Canada,2007-04-14,Active
107541,Jessica,Lee,1990-01-18,Female,Red Deer,Alberta,Canada,2023-10-17,Inactive
107542,Ava,Brown,2002-03-26,Male,Toronto,Ontario,Canada,2022-09-18,Active
107543,William,Anderson,1970-10-29,Male,Victoria,British Columbia,Canada,1999-08-12,Active
107544,Ava,Lee,1986-02-23,Male,Surrey,British Columbia,Canada,2011-01-16,Active
107545,Daniel,Harris,1972-08-17,Female,Ottawa,Ontario,Canada,2018-07-04,Active
107546,Olivia,Thompson,1951-10-15,Male,Charlottetown,Prince Edward Island,Canada,2001-01-21,Active
107547,Jessica,White,2004-07-15,Male,Laval,Quebec,Canada,2025-02-03,Active
107548,Emma,Garcia,1973-02-03,Female,Brampton,Ontario,Canada,1999-02-13,Active
107549,Sarah,Brown,1951-02-16,Female,Quebec City,Quebec,Canada,2006-01-21,Active
107550,Sophia,Thompson,1944-02-03,Male,Victoria,British Columbia,Canada,1982-02-01,Active
107551,William,Smith,1956-11-02,Male,Hamilton,Ontario,Canada,2020-10-03,Active
107552,Sarah,Wilson,1986-07-05,Male,Hamilton,Ontario,Canada,2016-02-18,Active
107553,Sarah,White,1964-09-19,Male,Montreal,Quebec,Canada,1989-07-22,Active
107554,Olivia,Jackson,1976-12-26,Male,Vancouver,British Columbia,Canada,2015-10-23,Active
107555,Jessica,Wilson,1954-05-19,Male,Hamilton,Ontario,Canada,1973-11-13,Inactive
107556,John,Garcia,2000-12-18,Male,Laval,Quebec,Canada,2025-05-28,Active
107557,Emma,Anderson,2005-04-03,Female,Toronto,Ontario,Canada,2024-08-21,Active
107558,Sophia,Clark,2003-09-07,Female,Ottawa,Ontario,Canada,2025-10-16,Inactive
107559,John,Smith,1983-03-26,Male,Vancouver,British Columbia,Canada,2025-02-19,Active
107560,Ava,Taylor,1950-03-09,Female,Toronto,Ontario,Canada,1997-04-17,Active
107561,Jessica,Anderson,1951-07-10,Male,Toronto,Ontario,Canada,1975-11-15,Active
107562,John,Harris,1949-08-21,Female,Brampton,Ontario,Canada,1972-01-07,Active
107563,Sarah,Jackson,1975-04-03,Female,Vancouver,British Columbia,Canada,2003-11-26,Active
107564,Emma,Wilson,2000-08-22,Female,Laval,Quebec,Canada,2020-02-24,Active
107565,Robert,Harris,1994-03-14,Female,Montreal,Quebec,Canada,2022-07-11,Active
107566,Mia,Lee,1976-04-05,Male,Vancouver,British Columbia,Canada,1994-04-10,Active
107567,Daniel,Wilson,1991-03-21,Male,Surrey,British Columbia,Canada,2021-09-02,Active
107568,David,Taylor,1973-08-03,Male,Mississauga,Ontario,Canada,1998-02-05,Active
107569,William,White,1983-04-02,Male,Brampton,Ontario,Canada,2004-06-08,Active
107570,Sarah,Thompson,1979-12-17,Female,Toronto,Ontario,Canada,1998-11-04,Active
107571,Olivia,Wilson,1982-01-17,Male,Calgary,Alberta,Canada,2021-07-13,Inactive
107572,Mia,Taylor,1973-05-20,Male,Brampton,Ontario,Canada,2016-08-07,Active
107573,Michael,Taylor,1990-10-12,Female,Brampton,Ontario,Canada,2024-10-24,Active
107574,Ava,Martin,1982-09-12,Female,Quebec City,Quebec,Canada,2014-11-18,Active
107575,Sarah,Brown,1961-02-18,Female,Laval,Quebec,Canada,2007-06-16,Inactive
107576,John,Martin,2003-10-17,Female,Calgary,Alberta,Canada,2021-12-19,Active
107577,Mia,Jackson,1975-01-13,Female,Mississauga,Ontario,Canada,1993-10-03,Active
107578,William,Anderson,1982-03-06,Male,Mississauga,Ontario,Canada,2016-07-15,Active
107579,Jessica,Clark,1977-05-24,Female,Vancouver,British Columbia,Canada,2011-05-24,Active
107580,Olivia,Clark,1964-03-16,Male,Surrey,British Columbia,Canada,2018-05-27,Active
107581,James,Clark,1949-02-04,Male,Charlottetown,Prince Edward Island,Canada,1999-12-08,Active
107582,David,Lewis,1957-06-11,Female,Vancouver,British Columbia,Canada,1976-11-25,Active
107583,Olivia,Taylor,2004-04-23,Male,Montreal,Quebec,Canada,2025-02-12,Active
107584,Robert,Clark,2004-11-12,Male,Ottawa,Ontario,Canada,2023-05-07,Active
107585,James,Wilson,1954-03-22,Male,St. John's,Newfoundland and Labrador,Canada,2020-06-25,Active
107586,James,Anderson,1980-07-02,Female,Vancouver,British Columbia,Canada,2011-10-09,Active
107587,Emma,Harris,1960-03-19,Female,Ottawa,Ontario,Canada,1999-08-26,Active
107588,Michael,Garcia,1979-09-13,Male,Montreal,Quebec,Canada,1998-12-04,Active
107589,John,Harris,1985-04-13,Female,Quebec City,Quebec,Canada,2010-06-04,Active
107590,Emily,Harris,1946-02-05,Male,Hamilton,Ontario,Canada,1965-06-05,Active
107591,John,Thomas,2003-11-14,Female,Surrey,British Columbia,Canada,2022-05-23,Active
107592,Jessica,Harris,2001-11-10,Male,Victoria,British Columbia,Canada,2023-10-28,Active
107593,Emily,White,2003-12-21,Male,Brampton,Ontario,Canada,2024-04-01,Active
107594,Jessica,White,1973-08-02,Female,St. John's,Newfoundland and Labrador,Canada,2011-04-27,Active
107595,Sarah,Harris,1989-03-25,Female,Halifax,Nova Scotia,Canada,2022-11-30,Active
107596,Sophia,Martin,2006-12-26,Male,Toronto,Ontario,Canada,2026-05-05,Active
107597,Jessica,Anderson,1956-01-15,Male,Quebec City,Quebec,Canada,2020-06-10,Active
107598,Daniel,Wilson,1954-07-29,Female,Winnipeg,Manitoba,Canada,1976-10-15,Active
107599,James,Anderson,1994-07-14,Male,Montreal,Quebec,Canada,2013-08-05,Active
107600,Robert,Jackson,1964-07-20,Male,Halifax,Nova Scotia,Canada,2022-02-17,Active
107601,John,Wilson,1955-06-05,Female,Ottawa,Ontario,Canada,2019-10-08,Active
107602,James,Wilson,1957-03-27,Male,Surrey,British Columbia,Canada,1976-03-11,Active
107603,Robert,Lee,1987-05-02,Male,Laval,Quebec,Canada,2005-12-21,Active
107604,David,Anderson,1967-11-15,Male,Toronto,Ontario,Canada,1998-03-02,Inactive
107605,John,Garcia,1963-05-07,Male,Surrey,British Columbia,Canada,2006-03-25,Active
107606,Robert,Brown,2005-07-12,Female,Brampton,Ontario,Canada,2023-09-05,Active
107607,Sarah,Lee,2005-08-06,Female,Ottawa,Ontario,Canada,2024-12-21,Active
107608,Michael,Taylor,1970-02-17,Male,Brampton,Ontario,Canada,1997-07-17,Active
107609,Robert,Thomas,1958-07-16,Female,Mississauga,Ontario,Canada,2022-09-08,Active
107610,James,Garcia,1996-02-09,Male,Brampton,Ontario,Canada,2024-05-06,Inactive
107611,James,Taylor,1991-04-24,Male,Ottawa,Ontario,Canada,2018-05-26,Active
107612,Michael,Harris,1991-08-01,Female,Brampton,Ontario,Canada,2011-09-20,Active
107613,Daniel,Garcia,1957-08-01,Male,Ottawa,Ontario,Canada,1989-01-30,Active
107614,Jessica,Smith,1962-10-09,Female,Toronto,Ontario,Canada,1990-01-14,Closed
107615,Sophia,Smith,1949-01-15,Male,Red Deer,Alberta,Canada,2018-04-01,Active
107616,Jessica,Garcia,1980-07-14,Female,Ottawa,Ontario,Canada,2015-09-25,Inactive
107617,Jessica,Taylor,1946-11-05,Female,Vancouver,British Columbia,Canada,1986-02-14,Active
107618,Ava,Lewis,1997-08-28,Male,Toronto,Ontario,Canada,2015-11-23,Active
107619,David,Lewis,1963-11-23,Female,Brampton,Ontario,Canada,2019-02-03,Active
107620,Sophia,Lewis,1982-07-07,Male,Laval,Quebec,Canada,2016-04-08,Active
107621,Ava,Lee,1954-04-02,Male,Brampton,Ontario,Canada,1985-05-09,Active
107622,Emily,Clark,1960-09-09,Male,Quebec City,Quebec,Canada,2021-08-07,Active
107623,Emma,Thomas,1961-01-13,Female,Surrey,British Columbia,Canada,2015-01-15,Active
107624,Michael,Lee,1998-05-19,Female,Brampton,Ontario,Canada,2017-02-04,Active
107625,Mia,Thomas,2005-09-12,Female,Mississauga,Ontario,Canada,2023-09-20,Active
107626,Emily,Harris,1979-01-14,Female,Calgary,Alberta,Canada,1997-03-18,Active
107627,David,Smith,1950-07-29,Male,Ottawa,Ontario,Canada,1984-04-12,Active
107628,James,Lee,2005-09-27,Female,Calgary,Alberta,Canada,2024-12-04,Inactive
107629,Olivia,Harris,1962-03-30,Female,Quebec City,Quebec,Canada,2023-05-20,Active
107630,Daniel,Lee,1985-04-21,Female,Brampton,Ontario,Canada,2023-02-20,Active
107631,Robert,Thomas,1958-05-07,Female,Mississauga,Ontario,Canada,2026-07-23,Active
107632,William,Anderson,1972-04-11,Female,Mississauga,Ontario,Canada,2024-04-22,Active
107633,Ava,White,1946-04-27,Male,Quebec City,Quebec,Canada,1964-08-05,Active
107634,Daniel,Clark,1971-06-18,Female,Saint John,New Brunswick,Canada,2019-04-09,Inactive
107635,John,Harris,1986-07-06,Female,Brampton,Ontario,Canada,2024-12-20,Active
107636,Robert,Garcia,1999-06-13,Female,Halifax,Nova Scotia,Canada,2023-06-08,Active
107637,Michael,Taylor,2003-11-24,Male,Mississauga,Ontario,Canada,2026-06-28,Active
107638,Olivia,Garcia,2005-10-11,Male,Brampton,Ontario,Canada,2025-01-03,Inactive
107639,Emma,Thompson,2005-01-05,Female,Quebec City,Quebec,Canada,2025-11-22,Active
107640,Emma,Lewis,1969-11-07,Female,Moncton,New Brunswick,Canada,2018-06-23,Active
107641,Jessica,Smith,1960-06-25,Female,Quebec City,Quebec,Canada,1989-06-01,Active
107642,Sophia,Thomas,1954-04-09,Female,Red Deer,Alberta,Canada,2013-06-06,Inactive
107643,Daniel,Brown,1954-05-12,Female,Quebec City,Quebec,Canada,1998-03-03,Active
107644,Jessica,Jackson,1946-07-04,Female,Calgary,Alberta,Canada,1975-12-03,Active
107645,John,Garcia,1988-09-08,Male,Calgary,Alberta,Canada,2008-10-30,Active
107646,Emily,Martin,1964-04-23,Male,Vancouver,British Columbia,Canada,2014-01-22,Active
107647,Emily,Garcia,1976-01-06,Female,Surrey,British Columbia,Canada,2020-07-19,Active
107648,James,Garcia,1965-07-18,Male,Montreal,Quebec,Canada,2017-09-20,Active
107649,Emily,Lee,1977-12-12,Male,Halifax,Nova Scotia,Canada,2025-09-30,Inactive
107650,Olivia,Lewis,1970-10-30,Female,Laval,Quebec,Canada,2022-12-01,Active
107651,William,Harris,1980-11-23,Male,Mississauga,Ontario,Canada,2004-01-14,Active
107652,Emily,Lewis,1953-02-19,Female,Winnipeg,Manitoba,Canada,2011-08-26,Active
107653,Robert,Smith,2000-12-17,Male,Victoria,British Columbia,Canada,2020-08-31,Active
107654,Robert,Thompson,1975-01-14,Female,Laval,Quebec,Canada,2017-08-31,Active
107655,John,White,1987-11-20,Male,Vancouver,British Columbia,Canada,2014-11-06,Active
107656,Robert,Lee,2003-06-07,Female,Hamilton,Ontario,Canada,2026-02-24,Closed
107657,Emma,White,1949-08-17,Female,Montreal,Quebec,Canada,1974-12-20,Active
107658,Ava,Wilson,1958-08-24,Male,Toronto,Ontario,Canada,1986-05-13,Active
107659,Jessica,Thompson,1978-02-19,Male,Edmonton,Alberta,Canada,2015-01-30,Active
107660,Jessica,Lee,1987-02-20,Male,Surrey,British Columbia,Canada,2016-12-23,Active
107661,Jessica,Smith,1973-11-11,Male,Edmonton,Alberta,Canada,2021-10-14,Active
107662,Sarah,Smith,1946-05-24,Male,Toronto,Ontario,Canada,2020-01-13,Active
107663,Daniel,Martin,1987-08-01,Male,Charlottetown,Prince Edward Island,Canada,2011-02-07,Active
107664,Jessica,Harris,1984-07-23,Female,Toronto,Ontario,Canada,2017-10-14,Active
107665,Sophia,Harris,1944-12-29,Male,Ottawa,Ontario,Canada,2011-04-01,Active
107666,Daniel,Brown,2003-01-24,Male,Saint John,New Brunswick,Canada,2026-04-13,Active
107667,Emily,Harris,2000-01-12,Male,Surrey,British Columbia,Canada,2021-02-03,Active
107668,Sarah,Harris,1961-10-15,Male,Saskatoon,Saskatchewan,Canada,1982-02-24,Active
107669,Robert,Clark,1982-06-26,Female,Vancouver,British Columbia,Canada,2009-09-05,Active
107670,Robert,Thomas,1995-06-04,Female,Brampton,Ontario,Canada,2016-04-03,Active
107671,John,Thomas,1972-04-05,Female,Mississauga,Ontario,Canada,1991-12-29,Active
107672,Daniel,Brown,1949-03-12,Male,Red Deer,Alberta,Canada,1980-05-10,Active
107673,Olivia,Harris,1969-06-17,Male,Quebec City,Quebec,Canada,1995-01-18,Active
107674,Olivia,Martin,1966-07-27,Male,Surrey,British Columbia,Canada,1987-11-16,Active
107675,Ava,Anderson,1995-04-07,Female,Hamilton,Ontario,Canada,2023-07-27,Active
107676,James,Thompson,1944-06-03,Male,Toronto,Ontario,Canada,2002-06-05,Active
107677,Sophia,Lee,2003-10-26,Female,Calgary,Alberta,Canada,2022-07-25,Active
107678,Sophia,Wilson,1966-05-16,Female,Halifax,Nova Scotia,Canada,2001-05-08,Active
107679,Daniel,Harris,1968-04-03,Female,Hamilton,Ontario,Canada,2020-02-12,Active
107680,Robert,Thompson,1963-07-09,Female,Hamilton,Ontario,Canada,1992-06-19,Inactive
107681,William,Smith,1945-06-03,Female,Mississauga,Ontario,Canada,1978-05-12,Active
107682,Olivia,Wilson,1987-08-23,Male,Brampton,Ontario,Canada,2020-12-10,Active
107683,Emma,Thomas,1990-09-18,Male,Calgary,Alberta,Canada,2015-11-11,Active
107684,Jessica,Wilson,1962-07-21,Female,Montreal,Quebec,Canada,2011-09-25,Active
107685,Sarah,Thomas,1951-11-01,Female,Hamilton,Ontario,Canada,1980-10-23,Active
107686,Jessica,Wilson,1995-11-09,Male,Red Deer,Alberta,Canada,2014-05-11,Active
107687,John,Lewis,1987-08-03,Male,Red Deer,Alberta,Canada,2016-11-29,Inactive
107688,Jessica,Harris,1962-05-12,Male,Mississauga,Ontario,Canada,2000-09-17,Active
107689,James,Anderson,1986-03-10,Female,Winnipeg,Manitoba,Canada,2023-03-15,Active
107690,Ava,Garcia,1958-01-25,Male,Quebec City,Quebec,Canada,2012-07-05,Active
107691,Mia,Smith,1984-01-01,Male,Hamilton,Ontario,Canada,2010-04-29,Active
107692,Sarah,Harris,1975-02-26,Male,Winnipeg,Manitoba,Canada,1996-08-14,Active
107693,William,Thompson,1955-12-26,Female,Brampton,Ontario,Canada,2002-07-17,Active
107694,Olivia,Clark,1985-05-10,Female,Charlottetown,Prince Edward Island,Canada,2021-11-20,Active
107695,Jessica,Taylor,1955-06-09,Male,Surrey,British Columbia,Canada,1989-07-01,Active
107696,Olivia,Harris,1999-12-28,Female,Saskatoon,Saskatchewan,Canada,2023-05-03,Active
107697,Sarah,Garcia,1950-06-06,Male,Mississauga,Ontario,Canada,1970-05-05,Active
107698,David,Garcia,1995-04-02,Female,Brampton,Ontario,Canada,2022-11-19,Inactive
107699,John,Wilson,1962-02-06,Female,Winnipeg,Manitoba,Canada,2019-01-22,Active
107700,Robert,Lee,1977-01-16,Male,Calgary,Alberta,Canada,2002-12-17,Active
107701,Sarah,Anderson,1997-09-30,Female,Winnipeg,Manitoba,Canada,2023-01-21,Active
107702,Daniel,Thomas,2005-08-19,Female,Brampton,Ontario,Canada,2025-11-25,Active
107703,Sarah,Wilson,1975-06-27,Male,Victoria,British Columbia,Canada,2001-05-28,Active
107704,Robert,Wilson,1962-09-06,Male,Brampton,Ontario,Canada,1988-09-01,Active
107705,Ava,Taylor,1990-12-10,Female,Ottawa,Ontario,Canada,2015-09-30,Active
107706,William,Wilson,2006-12-19,Male,Quebec City,Quebec,Canada,2026-06-06,Active
107707,Emma,Thompson,1962-10-24,Female,Surrey,British Columbia,Canada,1997-09-11,Active
107708,William,Harris,1968-04-07,Male,Montreal,Quebec,Canada,1994-08-02,Active
107709,Daniel,Thomas,1996-04-10,Female,Ottawa,Ontario,Canada,2017-10-26,Active
107710,Jessica,Harris,1960-07-13,Female,Red Deer,Alberta,Canada,1991-06-10,Active
107711,David,Martin,1979-07-14,Female,Moncton,New Brunswick,Canada,2013-01-16,Inactive
107712,David,Wilson,1968-02-12,Male,Brampton,Ontario,Canada,2013-04-27,Active
107713,William,Anderson,1976-01-26,Female,Red Deer,Alberta,Canada,2003-01-10,Active
107714,Emma,Lewis,1980-11-27,Female,Calgary,Alberta,Canada,2008-03-01,Active
107715,Michael,Smith,1976-07-06,Female,Mississauga,Ontario,Canada,2010-03-20,Active
107716,Daniel,Lee,1973-11-09,Female,Victoria,British Columbia,Canada,2002-08-12,Inactive
107717,Olivia,Lee,1968-02-03,Male,Regina,Saskatchewan,Canada,2004-06-24,Active
107718,Olivia,Taylor,1947-02-28,Female,Surrey,British Columbia,Canada,1969-01-03,Active
107719,Daniel,Anderson,1993-04-03,Male,Ottawa,Ontario,Canada,2017-02-11,Inactive
107720,John,Taylor,1966-06-06,Male,Victoria,British Columbia,Canada,2019-01-25,Active
107721,James,Harris,1948-08-12,Female,Edmonton,Alberta,Canada,1992-12-03,Active
107722,Sarah,Taylor,1974-12-26,Male,Victoria,British Columbia,Canada,2008-06-16,Active
107723,Emma,Garcia,1995-09-27,Female,Ottawa,Ontario,Canada,2021-07-11,Active
107724,James,Thomas,1985-10-15,Male,Ottawa,Ontario,Canada,2012-10-11,Active
107725,Mia,Lee,1981-06-26,Male,Red Deer,Alberta,Canada,2010-12-11,Active
107726,Olivia,Clark,2004-01-16,Female,Montreal,Quebec,Canada,2023-03-06,Active
107727,James,Jackson,1986-05-14,Male,Halifax,Nova Scotia,Canada,2021-04-08,Active
107728,William,Harris,2004-03-22,Female,Montreal,Quebec,Canada,2024-09-08,Active
107729,David,Smith,2000-05-18,Female,Red Deer,Alberta,Canada,2018-07-07,Active
107730,Ava,Brown,1976-05-20,Male,Ottawa,Ontario,Canada,2012-06-12,Active
107731,Emily,White,1948-06-19,Male,Red Deer,Alberta,Canada,1988-02-26,Active
107732,Robert,White,1979-11-08,Male,Edmonton,Alberta,Canada,1997-12-02,Active
107733,Robert,Thomas,2003-09-02,Female,Brampton,Ontario,Canada,2024-03-16,Closed
107734,Emily,Brown,1987-12-23,Male,Hamilton,Ontario,Canada,2007-09-30,Active
107735,James,Clark,1957-12-21,Female,Winnipeg,Manitoba,Canada,1985-09-28,Active
107736,David,Jackson,1996-08-16,Female,Red Deer,Alberta,Canada,2022-01-02,Active
107737,Michael,White,1996-11-13,Male,Laval,Quebec,Canada,2020-12-07,Active
107738,Jessica,Jackson,1990-12-13,Female,Laval,Quebec,Canada,2013-12-24,Active
107739,Olivia,White,1953-11-26,Male,Saskatoon,Saskatchewan,Canada,2019-05-30,Active
107740,Sarah,Martin,1989-05-23,Female,Victoria,British Columbia,Canada,2026-05-10,Active
107741,Michael,Garcia,1998-07-05,Male,Montreal,Quebec,Canada,2017-06-17,Active
107742,William,Harris,1972-03-06,Female,Laval,Quebec,Canada,1999-04-01,Active
107743,Emma,Wilson,1987-03-06,Male,Toronto,Ontario,Canada,2005-04-10,Active
107744,David,Lewis,1998-09-29,Female,Calgary,Alberta,Canada,2018-04-03,Active
107745,Michael,Anderson,1990-03-26,Male,Red Deer,Alberta,Canada,2014-12-13,Active
107746,John,Smith,1985-09-27,Female,Brampton,Ontario,Canada,2004-10-04,Active
107747,Emma,Smith,1970-03-27,Female,Hamilton,Ontario,Canada,2023-07-04,Active
107748,John,Garcia,1954-01-11,Female,Brampton,Ontario,Canada,2009-07-15,Active
107749,Emily,Thomas,1961-01-15,Female,Ottawa,Ontario,Canada,1982-12-26,Active
107750,Ava,Smith,1981-09-12,Male,Halifax,Nova Scotia,Canada,2007-07-14,Active
107751,Jessica,Clark,1990-05-22,Male,Edmonton,Alberta,Canada,2021-06-12,Active
107752,Daniel,Anderson,1963-07-26,Male,Laval,Quebec,Canada,1993-12-03,Active
107753,David,Lee,1968-01-09,Female,Hamilton,Ontario,Canada,2005-05-09,Active
107754,James,Lewis,1956-10-16,Male,Mississauga,Ontario,Canada,1980-07-08,Active
107755,Michael,Smith,1966-01-31,Male,Surrey,British Columbia,Canada,2020-11-09,Active
107756,Ava,Thompson,1984-11-16,Female,Mississauga,Ontario,Canada,2004-02-14,Active
107757,Michael,Martin,1944-01-15,Male,Ottawa,Ontario,Canada,1968-04-04,Active
107758,James,Wilson,1984-06-17,Female,Halifax,Nova Scotia,Canada,2008-01-13,Active
107759,Emma,Thomas,1947-12-11,Male,Laval,Quebec,Canada,1988-02-17,Active
107760,Daniel,White,2004-02-24,Male,Calgary,Alberta,Canada,2023-12-10,Active
107761,William,Wilson,1990-07-26,Female,Toronto,Ontario,Canada,2021-01-31,Active
107762,Olivia,Thompson,2005-07-02,Female,Mississauga,Ontario,Canada,2025-08-06,Inactive
107763,Sarah,Anderson,1967-04-08,Female,Winnipeg,Manitoba,Canada,1985-06-07,Active
107764,Mia,Lee,1969-10-02,Male,Edmonton,Alberta,Canada,1991-09-09,Active
107765,Sarah,Clark,1974-04-02,Male,Victoria,British Columbia,Canada,2003-03-09,Active
107766,Olivia,Martin,1955-03-31,Male,Montreal,Quebec,Canada,1992-10-21,Active
107767,Mia,Brown,1989-04-22,Male,Toronto,Ontario,Canada,2022-04-06,Active
107768,Daniel,Smith,1952-11-06,Female,Montreal,Quebec,Canada,2026-03-30,Active
107769,Robert,Wilson,1997-04-05,Male,Hamilton,Ontario,Canada,2018-02-14,Active
107770,Ava,White,2005-05-18,Female,Ottawa,Ontario,Canada,2025-08-13,Active
107771,David,Garcia,1960-04-03,Female,Laval,Quebec,Canada,1991-07-20,Active
107772,James,Wilson,1968-12-09,Male,Brampton,Ontario,Canada,2026-08-20,Active
107773,Emily,Thompson,1946-02-24,Female,Toronto,Ontario,Canada,2003-01-31,Active
107774,Ava,Smith,1965-08-05,Male,Mississauga,Ontario,Canada,1987-01-05,Active
107775,John,Taylor,1957-03-29,Female,Toronto,Ontario,Canada,1980-01-18,Active
107776,Emma,Harris,1983-02-18,Male,Calgary,Alberta,Canada,2011-06-21,Active
107777,Emma,Clark,1993-08-08,Female,Halifax,Nova Scotia,Canada,2018-04-15,Active
107778,Mia,Garcia,1947-08-11,Male,Hamilton,Ontario,Canada,1979-09-01,Active
107779,Daniel,White,1954-11-11,Male,Brampton,Ontario,Canada,1977-03-11,Active
107780,David,Smith,1984-09-29,Male,Calgary,Alberta,Canada,2025-04-08,Active
107781,Sarah,Anderson,1972-10-29,Male,Brampton,Ontario,Canada,2015-06-11,Active
107782,Michael,Garcia,1999-03-04,Female,Surrey,British Columbia,Canada,2025-10-07,Active
107783,Emma,Brown,1993-08-20,Male,Hamilton,Ontario,Canada,2015-12-11,Active
107784,Jessica,Thompson,1989-08-18,Female,Surrey,British Columbia,Canada,2018-06-17,Inactive
107785,Sarah,Thompson,2005-03-13,Male,Mississauga,Ontario,Canada,2025-05-27,Active
107786,Sarah,Garcia,1970-04-20,Male,Surrey,British Columbia,Canada,2000-01-31,Active
107787,Olivia,Taylor,1985-05-01,Male,Laval,Quebec,Canada,2018-05-13,Active
107788,Sarah,Taylor,1951-04-26,Male,Toronto,Ontario,Canada,2000-07-25,Active
107789,Emma,Wilson,1950-02-12,Female,Quebec City,Quebec,Canada,2018-04-16,Active
107790,Mia,Thomas,1959-03-14,Male,Quebec City,Quebec,Canada,2020-04-16,Active
107791,Ava,White,1962-08-30,Female,Charlottetown,Prince Edward Island,Canada,2023-05-15,Inactive
107792,Jessica,Brown,1960-09-20,Male,Montreal,Quebec,Canada,2006-03-27,Active
107793,Sophia,Harris,1986-04-16,Male,Mississauga,Ontario,Canada,2005-07-15,Active
107794,Robert,Taylor,1968-04-01,Male,Laval,Quebec,Canada,2017-03-06,Active
107795,James,Harris,1988-03-06,Female,Ottawa,Ontario,Canada,2014-08-20,Active
107796,Daniel,Anderson,1952-05-26,Female,Winnipeg,Manitoba,Canada,2009-02-04,Active
107797,Mia,Lee,1966-04-15,Female,Calgary,Alberta,Canada,2012-07-23,Active
107798,Michael,Anderson,1980-04-07,Male,Brampton,Ontario,Canada,2001-01-12,Inactive
107799,Emily,Lewis,2006-07-31,Male,Quebec City,Quebec,Canada,2024-12-24,Active
107800,Michael,Wilson,1967-01-29,Female,Vancouver,British Columbia,Canada,2016-08-06,Active
107801,Daniel,Brown,1979-10-26,Female,Mississauga,Ontario,Canada,2013-11-05,Active
107802,Michael,Wilson,1975-04-09,Female,Surrey,British Columbia,Canada,2000-03-27,Inactive
107803,Sophia,Jackson,1944-10-16,Male,Laval,Quebec,Canada,2017-03-21,Inactive
107804,Emma,Lewis,1961-12-18,Female,Laval,Quebec,Canada,2020-08-14,Active
107805,Sophia,Wilson,1962-02-11,Male,Laval,Quebec,Canada,1990-06-26,Active
107806,Olivia,Garcia,1972-08-04,Female,Quebec City,Quebec,Canada,2001-10-05,Active
107807,David,Thompson,1955-08-31,Male,Vancouver,British Columbia,Canada,1983-12-07,Active
107808,Sarah,Thomas,1988-11-23,Female,Quebec City,Quebec,Canada,2018-01-19,Active
107809,John,Thomas,1973-11-29,Male,Surrey,British Columbia,Canada,2018-08-08,Active
107810,William,Lee,1949-07-23,Female,Montreal,Quebec,Canada,1984-06-12,Active
107811,Sarah,Thompson,1966-06-15,Female,Surrey,British Columbia,Canada,1985-03-21,Active
107812,Olivia,Taylor,1976-02-19,Female,Hamilton,Ontario,Canada,1994-05-31,Active
107813,John,Lewis,1957-10-02,Male,Laval,Quebec,Canada,1989-02-27,Closed
107814,Emma,Jackson,1982-12-15,Male,Quebec City,Quebec,Canada,2021-01-05,Active
107815,Daniel,Brown,1991-12-19,Female,Hamilton,Ontario,Canada,2016-01-07,Active
107816,Mia,Clark,1986-01-23,Female,Toronto,Ontario,Canada,2020-03-21,Active
107817,Sarah,Lewis,1986-04-02,Female,Quebec City,Quebec,Canada,2024-07-30,Active
107818,Emily,Jackson,2002-02-19,Male,Brampton,Ontario,Canada,2026-03-02,Active
107819,Olivia,Thompson,1977-01-16,Male,Brampton,Ontario,Canada,2004-11-10,Active
107820,Emma,Taylor,1993-03-18,Male,Ottawa,Ontario,Canada,2020-01-22,Active
107821,Michael,Clark,1965-08-08,Female,Victoria,British Columbia,Canada,2014-12-21,Active
107822,Sarah,Thomas,1990-07-23,Male,St. John's,Newfoundland and Labrador,Canada,2011-12-19,Active
107823,James,Anderson,1980-08-17,Male,Edmonton,Alberta,Canada,2018-02-18,Active
107824,Sarah,White,1998-09-07,Female,Saint John,New Brunswick,Canada,2018-05-22,Active
107825,Emma,Anderson,1948-11-01,Female,Halifax,Nova Scotia,Canada,2000-08-21,Active
107826,Emma,Martin,2001-08-10,Female,Mississauga,Ontario,Canada,2022-05-09,Active
107827,Robert,Garcia,1958-07-29,Male,Hamilton,Ontario,Canada,1995-10-02,Active
107828,William,Jackson,1996-11-17,Male,Toronto,Ontario,Canada,2018-10-10,Active
107829,Emily,Garcia,1967-12-03,Female,Mississauga,Ontario,Canada,2005-11-07,Active
107830,William,Jackson,1982-09-06,Male,Calgary,Alberta,Canada,2011-04-14,Active
107831,Michael,Lee,1965-01-23,Female,Winnipeg,Manitoba,Canada,1994-06-07,Active
107832,Robert,Taylor,1997-02-11,Male,Victoria,British Columbia,Canada,2017-09-17,Active
107833,Daniel,Thompson,1989-09-18,Female,Winnipeg,Manitoba,Canada,2016-12-11,Active
107834,Sarah,Harris,1964-07-25,Male,Vancouver,British Columbia,Canada,2026-03-02,Active
107835,Mia,Lee,1952-05-19,Female,Montreal,Quebec,Canada,2007-01-05,Active
107836,Emily,Taylor,2003-12-22,Female,Hamilton,Ontario,Canada,2022-05-17,Active
107837,William,Wilson,2005-05-09,Male,Halifax,Nova Scotia,Canada,2023-08-04,Active
107838,Jessica,Lewis,1954-12-05,Male,Victoria,British Columbia,Canada,2012-08-25,Active
107839,Sophia,Lewis,1963-12-31,Male,Hamilton,Ontario,Canada,2006-05-21,Active
107840,Daniel,Garcia,1958-06-10,Female,Brampton,Ontario,Canada,2004-12-13,Inactive
107841,Sarah,White,1958-04-27,Male,Calgary,Alberta,Canada,1995-01-19,Inactive
107842,David,Jackson,1953-12-26,Male,Red Deer,Alberta,Canada,2002-05-14,Closed
107843,Emma,Martin,1989-12-15,Female,Laval,Quebec,Canada,2018-11-29,Active
107844,Mia,Garcia,1992-12-13,Female,Charlottetown,Prince Edward Island,Canada,2020-08-03,Active
107845,Michael,Anderson,1982-03-13,Female,Hamilton,Ontario,Canada,2025-03-01,Active
107846,William,Smith,1971-05-17,Male,Halifax,Nova Scotia,Canada,2023-02-02,Active
107847,Robert,Brown,2005-09-14,Female,Surrey,British Columbia,Canada,2026-03-06,Active
107848,Mia,Thomas,1990-06-30,Male,Surrey,British Columbia,Canada,2020-10-05,Active
107849,James,Thompson,1947-09-23,Male,Regina,Saskatchewan,Canada,2007-07-12,Active
107850,David,Jackson,1976-02-19,Female,Red Deer,Alberta,Canada,2002-12-12,Active
107851,Robert,Martin,1954-09-23,Male,Ottawa,Ontario,Canada,2019-04-27,Active
107852,Emily,White,1969-05-28,Female,Calgary,Alberta,Canada,1997-12-22,Active
107853,David,Taylor,1968-10-28,Male,Quebec City,Quebec,Canada,1991-09-30,Active
107854,Emily,Garcia,2000-06-21,Male,Toronto,Ontario,Canada,2025-04-04,Active
107855,Sophia,Thompson,1995-09-10,Female,Surrey,British Columbia,Canada,2019-01-20,Active
107856,Emma,Lee,1971-03-24,Male,Quebec City,Quebec,Canada,2007-02-15,Active
107857,John,Clark,1992-07-28,Female,Montreal,Quebec,Canada,2020-09-18,Active
107858,Michael,Thomas,1982-12-16,Female,Quebec City,Quebec,Canada,2019-01-29,Active
107859,John,Thompson,1978-11-26,Male,Brampton,Ontario,Canada,1999-04-11,Active
107860,Mia,Thomas,1998-02-03,Female,Toronto,Ontario,Canada,2020-01-25,Active
107861,Jessica,Lewis,1983-04-07,Female,Edmonton,Alberta,Canada,2021-03-22,Closed
107862,Sarah,Martin,1957-05-24,Female,Ottawa,Ontario,Canada,2013-03-29,Inactive
107863,Sophia,Clark,1968-11-28,Male,Victoria,British Columbia,Canada,2011-12-05,Active
107864,Emily,Anderson,1969-05-16,Female,Laval,Quebec,Canada,2004-01-14,Active
107865,David,Smith,1997-02-28,Female,Toronto,Ontario,Canada,2019-03-30,Active
107866,Sarah,Wilson,1953-02-16,Female,Toronto,Ontario,Canada,1998-07-08,Inactive
107867,Olivia,White,1974-01-14,Male,Hamilton,Ontario,Canada,1998-04-27,Active
107868,James,Lee,1978-03-10,Male,Winnipeg,Manitoba,Canada,2024-06-26,Active
107869,Jessica,Martin,2004-01-30,Female,Halifax,Nova Scotia,Canada,2022-12-12,Active
107870,Sarah,Clark,1993-09-28,Female,Toronto,Ontario,Canada,2019-02-16,Active
107871,John,White,1960-06-10,Female,Brampton,Ontario,Canada,2014-12-11,Active
107872,David,Lee,1947-06-20,Female,Surrey,British Columbia,Canada,1979-03-24,Active
107873,Daniel,Lee,1951-12-25,Male,Montreal,Quebec,Canada,2025-12-31,Active
107874,William,Taylor,1947-10-20,Female,Quebec City,Quebec,Canada,1998-02-23,Active
107875,Robert,Clark,1969-08-03,Male,Laval,Quebec,Canada,1993-10-03,Closed
107876,Jessica,Smith,1990-09-11,Male,Victoria,British Columbia,Canada,2008-11-06,Active
107877,Daniel,Harris,1985-05-25,Male,Mississauga,Ontario,Canada,2010-08-23,Active
107878,Sarah,Jackson,1988-09-14,Female,Winnipeg,Manitoba,Canada,2012-04-09,Active
107879,Sophia,Anderson,1977-06-08,Male,Quebec City,Quebec,Canada,1996-12-26,Active
107880,John,Lee,1969-05-03,Male,Brampton,Ontario,Canada,2011-02-05,Active
107881,William,Martin,1995-12-05,Male,Saskatoon,Saskatchewan,Canada,2020-07-06,Active
107882,John,Wilson,1966-09-21,Male,Hamilton,Ontario,Canada,1987-09-12,Active
107883,Mia,Wilson,1980-10-19,Female,Hamilton,Ontario,Canada,2021-12-03,Active
107884,Michael,Brown,1961-10-07,Male,Hamilton,Ontario,Canada,2001-02-14,Active
107885,Emma,Anderson,1967-01-02,Male,Vancouver,British Columbia,Canada,2009-07-16,Active
107886,Michael,Brown,1947-11-22,Male,Quebec City,Quebec,Canada,2002-04-15,Active
107887,Robert,Taylor,1982-04-20,Female,Quebec City,Quebec,Canada,2022-05-23,Active
107888,Jessica,Garcia,1976-05-09,Female,Hamilton,Ontario,Canada,2001-09-02,Active
107889,Emma,Lewis,1963-11-18,Female,Mississauga,Ontario,Canada,1983-10-03,Active
107890,Michael,Garcia,1982-10-24,Male,Toronto,Ontario,Canada,2006-06-11,Active
107891,David,White,1952-03-22,Male,Laval,Quebec,Canada,2008-08-27,Active
107892,Mia,Thompson,1998-07-08,Male,Toronto,Ontario,Canada,2023-04-22,Active
107893,Robert,Lee,1946-01-20,Female,Laval,Quebec,Canada,1983-07-03,Active
107894,David,Smith,1978-02-19,Male,Surrey,British Columbia,Canada,2025-11-17,Active
107895,Sophia,Lewis,1960-11-01,Male,Vancouver,British Columbia,Canada,2011-11-13,Active
107896,John,Thompson,1953-07-28,Female,Surrey,British Columbia,Canada,1988-07-03,Active
107897,Mia,Thomas,1954-10-18,Female,Quebec City,Quebec,Canada,2025-10-31,Active
107898,Mia,Jackson,1963-06-01,Male,Mississauga,Ontario,Canada,1990-10-25,Active
107899,Emma,Jackson,1983-11-21,Female,Vancouver,British Columbia,Canada,2002-08-21,Active
107900,Robert,Wilson,1993-06-16,Male,Ottawa,Ontario,Canada,2026-06-04,Active
107901,John,Taylor,2002-09-26,Male,Vancouver,British Columbia,Canada,2023-05-01,Active
107902,Daniel,Anderson,1982-12-12,Male,Montreal,Quebec,Canada,2022-05-31,Active
107903,William,Smith,1975-04-04,Female,Quebec City,Quebec,Canada,2021-12-10,Active
107904,Ava,White,1992-07-31,Male,Calgary,Alberta,Canada,2025-08-20,Active
107905,Jessica,White,1995-03-01,Female,Mississauga,Ontario,Canada,2023-06-03,Active
107906,Ava,Anderson,1970-01-18,Male,Mississauga,Ontario,Canada,1989-10-29,Active
107907,Sophia,Wilson,1970-04-27,Female,Winnipeg,Manitoba,Canada,2009-03-21,Active
107908,Olivia,Lee,1948-04-02,Female,Ottawa,Ontario,Canada,2022-08-27,Active
107909,John,Thompson,1945-01-02,Female,Laval,Quebec,Canada,2011-09-15,Inactive
107910,John,White,2000-03-15,Female,Toronto,Ontario,Canada,2025-04-19,Active
107911,James,Thompson,1998-07-31,Female,Montreal,Quebec,Canada,2024-07-08,Inactive
107912,Emily,Thomas,1965-12-31,Female,Quebec City,Quebec,Canada,1996-10-13,Active
107913,David,Taylor,2003-06-10,Male,Calgary,Alberta,Canada,2025-06-29,Active
107914,Ava,Thompson,1949-04-02,Female,Victoria,British Columbia,Canada,2004-05-03,Active
107915,John,Garcia,2004-05-06,Male,Laval,Quebec,Canada,2024-11-07,Active
107916,Ava,Martin,1980-12-21,Male,Edmonton,Alberta,Canada,2003-09-27,Active
107917,Olivia,Harris,1976-11-20,Female,Red Deer,Alberta,Canada,1998-04-30,Inactive
107918,John,Smith,1990-11-14,Male,Mississauga,Ontario,Canada,2016-04-21,Active
107919,James,Martin,1958-04-30,Female,Quebec City,Quebec,Canada,1988-10-08,Inactive
107920,William,Martin,1974-02-11,Male,Ottawa,Ontario,Canada,2012-12-05,Active
107921,William,Jackson,1958-06-23,Male,Mississauga,Ontario,Canada,1992-04-18,Active
107922,Robert,Taylor,1982-09-03,Female,Red Deer,Alberta,Canada,2003-07-17,Inactive
107923,Sarah,Lee,1970-03-27,Female,Calgary,Alberta,Canada,1989-07-18,Active
107924,John,Thomas,1970-04-15,Male,Winnipeg,Manitoba,Canada,2025-05-19,Active
107925,John,Anderson,1991-01-01,Female,Quebec City,Quebec,Canada,2010-11-28,Active
107926,Olivia,Thompson,1995-04-06,Male,Hamilton,Ontario,Canada,2025-09-19,Active
107927,Ava,White,1998-02-05,Male,Hamilton,Ontario,Canada,2022-01-07,Active
107928,Robert,Harris,1993-05-17,Female,Toronto,Ontario,Canada,2024-08-21,Inactive
107929,Mia,Martin,1955-03-21,Female,Toronto,Ontario,Canada,2021-11-27,Inactive
107930,William,Thomas,1989-05-11,Female,Quebec City,Quebec,Canada,2009-11-02,Active
107931,William,Wilson,1988-08-20,Male,Vancouver,British Columbia,Canada,2017-06-26,Active
107932,John,Wilson,1945-04-02,Male,Ottawa,Ontario,Canada,2005-09-07,Active
107933,Daniel,Lee,1956-03-10,Male,Mississauga,Ontario,Canada,2007-04-21,Active
107934,Sarah,White,1976-07-12,Female,Hamilton,Ontario,Canada,2023-02-22,Active
107935,Jessica,Jackson,1963-03-15,Male,Calgary,Alberta,Canada,1988-11-10,Active
107936,Michael,Anderson,1993-06-23,Male,Toronto,Ontario,Canada,2013-07-25,Active
107937,Michael,Thompson,1992-05-16,Male,Brampton,Ontario,Canada,2023-12-19,Inactive
107938,Daniel,Lewis,1959-06-05,Female,Montreal,Quebec,Canada,2009-04-19,Active
107939,John,Garcia,1945-02-26,Male,Toronto,Ontario,Canada,2021-06-25,Active
107940,Michael,Harris,1960-04-30,Female,Ottawa,Ontario,Canada,1988-03-13,Active
107941,Jessica,White,2000-11-24,Female,Red Deer,Alberta,Canada,2019-05-03,Active
107942,Ava,Clark,2000-12-19,Male,Ottawa,Ontario,Canada,2024-04-11,Active
107943,Emily,Clark,1975-10-14,Male,Mississauga,Ontario,Canada,2018-09-13,Active
107944,Michael,Thomas,1997-01-10,Male,Brampton,Ontario,Canada,2022-07-25,Inactive
107945,Ava,Lee,1979-09-03,Female,Hamilton,Ontario,Canada,1999-01-27,Active
107946,Sarah,Clark,2006-04-02,Female,Winnipeg,Manitoba,Canada,2026-05-10,Inactive
107947,Olivia,Clark,1953-09-03,Male,Victoria,British Columbia,Canada,1985-08-03,Active
107948,Michael,Smith,1975-05-04,Female,Montreal,Quebec,Canada,2009-07-11,Active
107949,Emily,Brown,1955-05-28,Male,Laval,Quebec,Canada,1974-08-19,Inactive
107950,John,Anderson,1951-10-29,Female,Ottawa,Ontario,Canada,2012-12-16,Active
107951,Jessica,Garcia,1953-09-29,Female,Quebec City,Quebec,Canada,2016-08-10,Inactive
107952,David,Brown,1944-07-08,Female,Brampton,Ontario,Canada,1974-10-27,Active
107953,Mia,Brown,2003-06-24,Male,Edmonton,Alberta,Canada,2021-11-19,Active
107954,James,Smith,1988-06-26,Male,Vancouver,British Columbia,Canada,2019-06-15,Active
107955,Jessica,Wilson,1975-05-31,Female,Brampton,Ontario,Canada,2011-11-05,Active
107956,Michael,Lewis,1995-06-14,Male,Red Deer,Alberta,Canada,2025-01-14,Active
107957,Olivia,Thompson,1979-09-24,Female,Mississauga,Ontario,Canada,2006-03-22,Active
107958,Sarah,Thompson,1970-12-25,Female,Toronto,Ontario,Canada,2016-03-24,Active
107959,Ava,Anderson,1974-07-10,Female,Toronto,Ontario,Canada,2021-06-20,Active
107960,Jessica,Martin,1970-10-29,Female,Ottawa,Ontario,Canada,2022-01-26,Active
107961,William,Garcia,1969-07-09,Female,Hamilton,Ontario,Canada,1990-10-30,Active
107962,John,White,1996-12-08,Female,Winnipeg,Manitoba,Canada,2022-04-28,Active
107963,Emily,Clark,2005-03-05,Male,Ottawa,Ontario,Canada,2024-05-18,Closed
107964,Daniel,Harris,1955-09-21,Female,Toronto,Ontario,Canada,2002-12-01,Active
107965,James,Anderson,1990-05-25,Male,Ottawa,Ontario,Canada,2020-08-25,Active
107966,Emily,Martin,1947-12-30,Female,Brampton,Ontario,Canada,2021-07-06,Active
107967,David,Lee,1994-02-14,Female,Mississauga,Ontario,Canada,2018-12-13,Active
107968,David,Clark,2004-11-02,Female,Mississauga,Ontario,Canada,2024-01-28,Active
107969,James,White,1989-08-03,Male,Hamilton,Ontario,Canada,2011-03-30,Inactive
107970,William,Harris,1978-03-04,Male,Hamilton,Ontario,Canada,2018-12-29,Active
107971,David,Lee,2003-10-25,Female,Toronto,Ontario,Canada,2023-06-19,Active
107972,John,Garcia,1992-08-29,Female,Vancouver,British Columbia,Canada,2021-10-02,Active
107973,Daniel,White,1993-07-16,Male,Halifax,Nova Scotia,Canada,2015-08-01,Active
107974,David,Anderson,2004-02-24,Female,Hamilton,Ontario,Canada,2025-10-29,Active
107975,Michael,Lewis,1978-03-03,Female,Vancouver,British Columbia,Canada,2016-07-14,Active
107976,Sarah,Lee,1995-01-21,Female,Vancouver,British Columbia,Canada,2019-10-30,Active
107977,James,Brown,2000-09-03,Female,Montreal,Quebec,Canada,2026-07-30,Active
107978,Ava,Smith,1973-06-17,Female,Surrey,British Columbia,Canada,2008-11-01,Active
107979,Sarah,Brown,1989-11-23,Female,Laval,Quebec,Canada,2018-01-15,Active
107980,Ava,Thomas,1984-10-30,Male,Regina,Saskatchewan,Canada,2003-08-23,Active
107981,Mia,Wilson,2006-05-15,Female,Ottawa,Ontario,Canada,2025-11-09,Active
107982,Ava,Lewis,1983-10-31,Female,Montreal,Quebec,Canada,2024-12-17,Closed
107983,Emily,Lewis,1989-08-03,Female,Victoria,British Columbia,Canada,2018-09-09,Active
107984,Daniel,Wilson,2002-04-23,Female,Winnipeg,Manitoba,Canada,2022-10-09,Active
107985,Olivia,Clark,1944-09-01,Female,Laval,Quebec,Canada,2004-01-25,Active
107986,John,Wilson,1952-11-20,Male,Moncton,New Brunswick,Canada,2001-09-04,Active
107987,Emma,Garcia,1964-09-07,Male,Surrey,British Columbia,Canada,1992-01-05,Active
107988,Robert,Thomas,1987-10-31,Male,Surrey,British Columbia,Canada,2009-12-17,Active
107989,James,Smith,1971-08-22,Female,Red Deer,Alberta,Canada,2022-11-11,Active
107990,David,Jackson,1998-05-11,Female,Surrey,British Columbia,Canada,2022-09-17,Active
107991,David,Clark,1948-12-01,Male,Montreal,Quebec,Canada,2019-11-26,Active
107992,James,Lee,1966-08-15,Male,Red Deer,Alberta,Canada,1999-03-05,Active
107993,Olivia,Brown,1953-04-01,Female,Mississauga,Ontario,Canada,2024-03-15,Active
107994,John,Clark,1988-08-15,Male,Saskatoon,Saskatchewan,Canada,2018-05-07,Active
107995,Emma,Anderson,1961-01-05,Male,Calgary,Alberta,Canada,2020-04-20,Active
107996,Daniel,Jackson,1959-09-28,Male,Victoria,British Columbia,Canada,2013-09-19,Active
107997,Olivia,Brown,1982-05-16,Female,Toronto,Ontario,Canada,2024-10-07,Active
107998,William,Lee,1949-07-18,Female,Toronto,Ontario,Canada,2003-08-10,Active
107999,John,Garcia,2002-06-29,Female,Ottawa,Ontario,Canada,2025-04-01,Active
108000,Michael,Martin,1945-08-07,Male,Brampton,Ontario,Canada,1965-07-12,Active
108001,Jessica,Thompson,1965-08-21,Male,Victoria,British Columbia,Canada,2006-09-15,Active
108002,Olivia,Lewis,1977-05-21,Female,Winnipeg,Manitoba,Canada,2020-08-07,Inactive
108003,Robert,Wilson,1944-07-29,Female,Vancouver,British Columbia,Canada,2015-01-05,Active
108004,William,Taylor,1947-04-03,Male,Ottawa,Ontario,Canada,1999-09-12,Active
108005,Ava,Smith,2005-10-09,Female,Saint John,New Brunswick,Canada,2026-07-04,Active
108006,Emma,White,1981-04-28,Female,Red Deer,Alberta,Canada,2005-11-03,Active
108007,Daniel,White,1945-12-12,Female,Victoria,British Columbia,Canada,2013-10-07,Active
108008,David,Smith,1967-08-29,Male,Ottawa,Ontario,Canada,1998-12-06,Inactive
108009,Robert,Martin,1964-12-19,Male,Surrey,British Columbia,Canada,1994-04-09,Active
108010,Emily,Smith,1944-06-07,Male,Quebec City,Quebec,Canada,2014-07-12,Active
108011,Emily,Garcia,1979-12-22,Female,Toronto,Ontario,Canada,2021-02-13,Active
108012,Michael,Thompson,1958-04-08,Female,Surrey,British Columbia,Canada,2023-06-16,Active
108013,James,Clark,1984-10-12,Male,Surrey,British Columbia,Canada,2013-01-02,Active
108014,Sarah,Brown,1990-07-09,Male,Ottawa,Ontario,Canada,2023-04-13,Active
108015,Sophia,Lewis,1970-04-12,Male,Regina,Saskatchewan,Canada,2017-10-13,Active
108016,Michael,Harris,1967-11-12,Female,Edmonton,Alberta,Canada,2022-01-09,Active
108017,Daniel,Clark,1984-02-06,Female,Montreal,Quebec,Canada,2009-10-12,Active
108018,Michael,Thompson,1989-09-16,Male,Brampton,Ontario,Canada,2016-12-29,Inactive
108019,David,Martin,1968-12-04,Female,Mississauga,Ontario,Canada,2015-01-18,Active
108020,Jessica,Smith,1995-05-06,Female,Surrey,British Columbia,Canada,2018-11-23,Active
108021,Robert,Thompson,1962-01-27,Female,Red Deer,Alberta,Canada,2026-08-14,Active
108022,David,Jackson,1994-03-17,Female,Montreal,Quebec,Canada,2024-01-18,Active
108023,Ava,Clark,1967-05-08,Male,Mississauga,Ontario,Canada,1986-03-26,Active
108024,Michael,Thompson,1986-04-01,Female,Ottawa,Ontario,Canada,2013-02-03,Active
108025,Michael,Brown,2006-10-31,Female,Mississauga,Ontario,Canada,2025-10-25,Active
108026,Mia,Lewis,1991-01-13,Female,Vancouver,British Columbia,Canada,2021-06-24,Active
108027,Emily,Smith,1964-02-03,Female,Montreal,Quebec,Canada,2006-02-20,Active
108028,James,Anderson,1979-11-24,Male,Ottawa,Ontario,Canada,2015-07-14,Active
108029,Daniel,Taylor,1956-08-23,Female,Quebec City,Quebec,Canada,2005-01-14,Active
108030,Emily,Lee,1973-04-12,Female,Red Deer,Alberta,Canada,1996-09-08,Inactive
108031,David,Wilson,1982-12-22,Male,Laval,Quebec,Canada,2010-02-08,Active
108032,Emily,Clark,1947-11-21,Female,Hamilton,Ontario,Canada,1984-08-25,Active
108033,Jessica,Taylor,1969-03-05,Male,Montreal,Quebec,Canada,2001-10-22,Active
108034,David,Martin,2005-06-07,Female,Saskatoon,Saskatchewan,Canada,2024-02-13,Active
108035,Emma,Brown,2006-09-18,Male,Brampton,Ontario,Canada,2026-07-31,Active
108036,Daniel,Thomas,1996-12-07,Male,Hamilton,Ontario,Canada,2016-05-27,Inactive
108037,Ava,Martin,1989-01-22,Female,Montreal,Quebec,Canada,2013-07-30,Active
108038,John,Thompson,1986-05-01,Female,Ottawa,Ontario,Canada,2013-09-18,Active
108039,Robert,Lewis,1977-06-24,Female,Winnipeg,Manitoba,Canada,2014-11-21,Active
108040,Olivia,Clark,1984-07-30,Female,Vancouver,British Columbia,Canada,2007-05-10,Active
108041,Mia,White,1959-02-02,Male,Toronto,Ontario,Canada,2012-03-14,Active
108042,David,Anderson,1980-05-03,Female,Winnipeg,Manitoba,Canada,2000-05-11,Active
108043,Ava,Taylor,1979-01-25,Female,Surrey,British Columbia,Canada,1998-10-19,Inactive
108044,Michael,Lee,1949-12-12,Male,Quebec City,Quebec,Canada,1980-02-05,Active
108045,Daniel,Martin,1961-10-10,Female,Ottawa,Ontario,Canada,1990-02-12,Active
108046,Robert,Lewis,1964-02-14,Male,Surrey,British Columbia,Canada,2009-09-09,Active
108047,Daniel,Jackson,1987-03-09,Male,Winnipeg,Manitoba,Canada,2022-07-05,Active
108048,Mia,White,1965-05-24,Female,Toronto,Ontario,Canada,2018-05-18,Inactive
108049,Olivia,Clark,1957-06-04,Female,Toronto,Ontario,Canada,1984-09-02,Active
108050,Sophia,Thompson,1994-01-01,Female,Saskatoon,Saskatchewan,Canada,2018-10-15,Closed
108051,David,Taylor,1975-11-25,Female,Mississauga,Ontario,Canada,1999-07-31,Active
108052,Ava,White,1982-02-10,Male,Brampton,Ontario,Canada,2016-04-16,Active
108053,Daniel,Taylor,1965-05-28,Female,Toronto,Ontario,Canada,1994-04-16,Active
108054,Jessica,Garcia,1969-01-30,Male,Vancouver,British Columbia,Canada,2012-10-29,Active
108055,Olivia,Smith,1980-06-13,Male,Victoria,British Columbia,Canada,2020-04-14,Active
108056,Jessica,Clark,1964-09-01,Male,Hamilton,Ontario,Canada,2011-05-01,Inactive
108057,Jessica,Lewis,2004-02-09,Male,Brampton,Ontario,Canada,2022-02-22,Active
108058,Sarah,Smith,1997-10-17,Male,Quebec City,Quebec,Canada,2026-07-10,Active
108059,Jessica,Martin,2004-11-14,Female,Vancouver,British Columbia,Canada,2024-08-03,Active
108060,Mia,Brown,1993-06-30,Female,Mississauga,Ontario,Canada,2020-09-24,Active
108061,William,Thomas,1949-05-26,Female,Quebec City,Quebec,Canada,2008-01-26,Active
108062,Sarah,Thomas,1995-03-24,Male,Montreal,Quebec,Canada,2020-07-26,Active
108063,Michael,White,1959-07-05,Female,Hamilton,Ontario,Canada,2024-07-19,Active
108064,William,Lewis,1968-11-28,Male,Hamilton,Ontario,Canada,2021-05-14,Active
108065,Sophia,Jackson,1970-05-14,Female,Regina,Saskatchewan,Canada,2013-07-10,Inactive
108066,Jessica,Thomas,1974-03-11,Female,Winnipeg,Manitoba,Canada,2013-08-06,Inactive
108067,David,Brown,1994-06-21,Male,Brampton,Ontario,Canada,2017-06-07,Active
108068,Emily,Lewis,1980-02-12,Female,Red Deer,Alberta,Canada,2011-03-13,Active
108069,Emma,Anderson,1977-08-16,Female,Vancouver,British Columbia,Canada,1995-10-19,Inactive
108070,John,Jackson,1956-01-31,Male,St. John's,Newfoundland and Labrador,Canada,2013-02-13,Active
108071,James,Brown,1994-05-13,Female,Saint John,New Brunswick,Canada,2014-03-29,Active
108072,William,Anderson,1966-10-28,Female,Vancouver,British Columbia,Canada,1994-03-16,Active
108073,Jessica,Harris,1986-01-01,Male,Quebec City,Quebec,Canada,2017-01-22,Active
108074,Robert,Lewis,1974-12-10,Male,Hamilton,Ontario,Canada,2015-08-16,Active
108075,Emma,Anderson,1985-01-29,Male,Quebec City,Quebec,Canada,2003-11-12,Active
108076,Emma,Harris,1986-03-27,Female,Brampton,Ontario,Canada,2021-06-11,Active
108077,Sarah,Lewis,1978-12-22,Male,Surrey,British Columbia,Canada,2001-02-01,Active
108078,William,Thomas,1972-04-26,Male,Brampton,Ontario,Canada,2013-07-12,Active
108079,James,Anderson,1988-12-13,Male,Red Deer,Alberta,Canada,2022-04-24,Active
108080,Emma,Smith,1953-09-27,Female,Moncton,New Brunswick,Canada,1982-01-18,Active
108081,Mia,Lewis,2005-03-15,Female,Toronto,Ontario,Canada,2024-08-01,Active
108082,Daniel,Brown,1970-10-13,Female,Vancouver,British Columbia,Canada,2008-04-17,Active
108083,Sarah,Taylor,2005-11-15,Female,Edmonton,Alberta,Canada,2025-05-30,Closed
108084,Sophia,Wilson,1977-06-23,Female,Montreal,Quebec,Canada,2020-09-26,Active
108085,Olivia,Thompson,1952-02-28,Female,Saskatoon,Saskatchewan,Canada,2024-02-06,Active
108086,Michael,Thomas,1984-12-30,Male,Quebec City,Quebec,Canada,2012-07-12,Active
108087,Olivia,Thompson,1976-08-27,Male,Hamilton,Ontario,Canada,2013-09-15,Active
108088,Mia,Martin,1997-10-15,Female,Montreal,Quebec,Canada,2025-11-17,Active
108089,Sophia,Smith,1996-08-29,Male,Quebec City,Quebec,Canada,2021-12-06,Active
108090,Sarah,Anderson,1958-08-24,Male,Brampton,Ontario,Canada,1979-01-20,Active
108091,Sarah,Smith,1992-05-11,Female,Red Deer,Alberta,Canada,2015-05-29,Active
108092,David,Smith,1979-04-06,Female,Victoria,British Columbia,Canada,2016-10-25,Active
108093,Jessica,White,1972-10-28,Male,Hamilton,Ontario,Canada,2026-02-23,Active
108094,David,Taylor,1970-04-18,Male,Quebec City,Quebec,Canada,1997-03-25,Active
108095,William,Brown,1986-08-30,Male,Toronto,Ontario,Canada,2009-05-27,Active
108096,David,Jackson,1987-04-12,Male,Laval,Quebec,Canada,2019-02-25,Active
108097,William,Jackson,1999-03-21,Male,Laval,Quebec,Canada,2018-04-24,Active
108098,William,Lee,1999-01-29,Female,Ottawa,Ontario,Canada,2026-03-07,Active
108099,John,Martin,1959-05-02,Female,Edmonton,Alberta,Canada,2022-04-05,Active
108100,Olivia,Thomas,1974-01-21,Male,Regina,Saskatchewan,Canada,2011-12-15,Active
108101,Daniel,White,2006-05-15,Male,Quebec City,Quebec,Canada,2025-02-23,Closed
108102,Ava,Brown,1997-03-08,Female,Vancouver,British Columbia,Canada,2020-03-13,Active
108103,Michael,Thomas,1972-04-07,Male,Saskatoon,Saskatchewan,Canada,2010-05-23,Active
108104,Olivia,Harris,1944-02-16,Male,Ottawa,Ontario,Canada,2017-07-18,Active
108105,Michael,Smith,1958-07-01,Male,Ottawa,Ontario,Canada,2012-09-22,Active
108106,Emily,Lewis,2001-06-21,Female,Brampton,Ontario,Canada,2022-10-21,Active
108107,Sarah,White,1988-06-14,Male,Quebec City,Quebec,Canada,2019-05-03,Active
108108,Daniel,Garcia,1993-09-03,Male,Brampton,Ontario,Canada,2020-02-18,Active
108109,Jessica,Anderson,1992-10-21,Female,Laval,Quebec,Canada,2012-09-04,Active
108110,Emma,Clark,1952-06-06,Female,Quebec City,Quebec,Canada,1987-09-12,Active
108111,Robert,Thomas,1980-11-15,Female,Ottawa,Ontario,Canada,2004-07-15,Active
108112,Emma,Lewis,1986-07-18,Female,Brampton,Ontario,Canada,2016-09-11,Active
108113,Michael,White,1950-01-05,Female,Brampton,Ontario,Canada,2024-11-28,Active
108114,Robert,Martin,1976-05-24,Male,Montreal,Quebec,Canada,2017-06-29,Active
108115,Robert,Taylor,1960-11-24,Male,Toronto,Ontario,Canada,2010-07-09,Active
108116,Ava,Lee,2005-02-25,Male,Toronto,Ontario,Canada,2024-12-09,Active
108117,John,Wilson,1959-11-20,Male,Toronto,Ontario,Canada,1995-02-25,Active
108118,William,Smith,1963-03-05,Male,Victoria,British Columbia,Canada,1990-10-07,Active
108119,Daniel,Jackson,1999-11-16,Male,Brampton,Ontario,Canada,2025-11-09,Active
108120,Emma,Clark,1982-05-14,Female,Surrey,British Columbia,Canada,2000-11-18,Active
108121,Sarah,Lewis,2003-07-27,Female,Red Deer,Alberta,Canada,2026-03-17,Active
108122,Ava,Clark,1976-12-09,Male,Quebec City,Quebec,Canada,2001-11-08,Active
108123,Sophia,Harris,1955-11-09,Female,Brampton,Ontario,Canada,2016-04-02,Closed
108124,Olivia,Lewis,1957-12-06,Male,Victoria,British Columbia,Canada,2019-01-25,Active
108125,Sophia,White,1954-07-26,Female,Ottawa,Ontario,Canada,2022-03-08,Active
108126,Michael,White,1995-04-06,Female,Calgary,Alberta,Canada,2026-02-13,Active
108127,Daniel,Wilson,1945-07-06,Male,Red Deer,Alberta,Canada,1995-04-01,Active
108128,Emily,Garcia,1990-10-23,Male,Montreal,Quebec,Canada,2018-11-08,Active
108129,David,Anderson,1971-10-03,Female,Brampton,Ontario,Canada,1990-12-04,Active
108130,John,Wilson,1978-04-13,Female,Victoria,British Columbia,Canada,2021-06-22,Active
108131,Michael,Thomas,1996-03-08,Female,Quebec City,Quebec,Canada,2021-06-07,Active
108132,Sophia,Martin,2003-06-23,Male,Mississauga,Ontario,Canada,2021-09-20,Active
108133,Jessica,Anderson,1961-12-15,Male,Red Deer,Alberta,Canada,1996-02-20,Active
108134,Robert,Thomas,2002-05-19,Male,Mississauga,Ontario,Canada,2025-09-29,Active
108135,Sophia,Anderson,2001-05-18,Female,Winnipeg,Manitoba,Canada,2022-03-05,Active
108136,Olivia,Harris,1995-07-14,Male,Edmonton,Alberta,Canada,2017-04-21,Active
108137,Emma,Thompson,1951-10-26,Male,Mississauga,Ontario,Canada,1985-04-07,Active
108138,Mia,Thompson,1953-08-07,Female,Toronto,Ontario,Canada,1981-04-05,Active
108139,Mia,Wilson,1946-02-18,Male,Brampton,Ontario,Canada,1997-12-03,Active
108140,Michael,Thomas,2000-05-01,Male,Red Deer,Alberta,Canada,2020-08-21,Inactive
108141,Sophia,Martin,2004-01-29,Female,Brampton,Ontario,Canada,2024-10-02,Inactive
108142,William,Taylor,1963-04-08,Male,Hamilton,Ontario,Canada,2003-11-17,Active
108143,Daniel,Brown,1977-02-15,Female,Victoria,British Columbia,Canada,2015-09-04,Active
108144,Jessica,Anderson,1979-12-01,Male,Ottawa,Ontario,Canada,2014-10-22,Inactive
108145,Jessica,Thompson,1968-08-27,Female,Toronto,Ontario,Canada,1989-01-08,Active
108146,Daniel,Martin,2005-05-29,Male,Red Deer,Alberta,Canada,2023-06-06,Active
108147,Ava,Brown,2003-05-21,Female,Laval,Quebec,Canada,2022-12-28,Active
108148,Michael,Thompson,1958-07-20,Female,Laval,Quebec,Canada,1993-09-27,Active
108149,John,Wilson,1978-08-23,Female,Ottawa,Ontario,Canada,2010-03-13,Active
108150,James,Garcia,1956-08-01,Female,Quebec City,Quebec,Canada,2011-04-10,Active
108151,Emma,Harris,1949-06-30,Female,Quebec City,Quebec,Canada,2025-01-01,Active
108152,Daniel,Brown,1997-09-02,Male,Montreal,Quebec,Canada,2023-12-03,Active
108153,Daniel,Thomas,1998-07-28,Male,Moncton,New Brunswick,Canada,2020-04-07,Inactive
108154,Jessica,Clark,1944-10-27,Male,Hamilton,Ontario,Canada,1977-10-13,Active
108155,Daniel,Jackson,1978-04-01,Male,Montreal,Quebec,Canada,2007-01-30,Active
108156,Emily,Thompson,1954-12-23,Male,Calgary,Alberta,Canada,1986-03-18,Active
108157,James,Garcia,1979-06-28,Female,Hamilton,Ontario,Canada,2013-11-01,Inactive
108158,Michael,Smith,1964-08-15,Female,Regina,Saskatchewan,Canada,2012-07-22,Active
108159,Mia,Lewis,1977-08-27,Female,Quebec City,Quebec,Canada,2003-10-13,Active
108160,Daniel,Thomas,1990-07-06,Male,Brampton,Ontario,Canada,2019-07-31,Active
108161,Michael,Garcia,1949-05-05,Female,Toronto,Ontario,Canada,1989-04-12,Inactive
108162,William,White,1974-04-08,Female,Ottawa,Ontario,Canada,2009-05-15,Active
108163,William,Harris,1965-07-24,Female,Regina,Saskatchewan,Canada,1993-10-31,Active
108164,Robert,Thomas,1968-10-11,Female,Regina,Saskatchewan,Canada,2008-07-30,Closed
108165,Robert,Clark,2002-08-19,Male,Quebec City,Quebec,Canada,2021-03-07,Active
108166,Olivia,Brown,2001-11-18,Male,Ottawa,Ontario,Canada,2023-04-09,Active
108167,John,Lewis,1985-02-01,Female,Laval,Quebec,Canada,2013-08-11,Active
108168,Robert,Taylor,1991-08-16,Female,Montreal,Quebec,Canada,2016-07-24,Active
108169,Sarah,Lewis,1968-04-20,Female,Ottawa,Ontario,Canada,2022-09-19,Active
108170,Emily,Smith,1983-11-14,Female,Ottawa,Ontario,Canada,2021-05-28,Inactive
108171,Mia,Smith,1973-09-06,Female,Mississauga,Ontario,Canada,2011-09-25,Active
108172,Mia,Brown,1965-06-03,Female,Brampton,Ontario,Canada,2021-11-06,Active
108173,Robert,Harris,1993-11-13,Female,Vancouver,British Columbia,Canada,2021-08-12,Active
108174,Emily,Taylor,1998-02-09,Female,Toronto,Ontario,Canada,2022-11-11,Active
108175,James,Harris,1966-03-06,Male,Brampton,Ontario,Canada,2004-08-12,Active
108176,Jessica,Clark,1959-12-11,Male,Mississauga,Ontario,Canada,1991-02-01,Active
108177,Michael,Smith,1969-04-23,Male,Surrey,British Columbia,Canada,1999-01-31,Active
108178,John,White,2003-08-05,Male,Victoria,British Columbia,Canada,2026-07-15,Active
108179,Olivia,Garcia,1992-08-06,Female,Ottawa,Ontario,Canada,2021-07-01,Active
108180,Michael,Jackson,1960-05-29,Female,Red Deer,Alberta,Canada,1982-08-31,Active
108181,Sarah,Lewis,1983-01-29,Male,Victoria,British Columbia,Canada,2007-02-05,Active
108182,John,Martin,1995-08-31,Male,Mississauga,Ontario,Canada,2026-01-16,Active
108183,Sophia,Smith,1966-06-30,Female,Hamilton,Ontario,Canada,1993-04-14,Active
108184,Sophia,Harris,2001-08-05,Female,Saint John,New Brunswick,Canada,2023-07-11,Active
108185,Emily,Thomas,2002-11-15,Female,Laval,Quebec,Canada,2022-12-02,Active
108186,Emma,Brown,1958-04-09,Male,Brampton,Ontario,Canada,2012-01-22,Active
108187,Daniel,Lee,1981-12-20,Male,Laval,Quebec,Canada,2022-12-16,Active
108188,Michael,Taylor,1958-06-15,Female,Brampton,Ontario,Canada,1997-09-20,Active
108189,Michael,Brown,1986-04-10,Female,Calgary,Alberta,Canada,2004-07-02,Active
108190,David,Taylor,1948-12-13,Female,Red Deer,Alberta,Canada,1988-04-09,Active
108191,David,Clark,1984-05-13,Female,Edmonton,Alberta,Canada,2002-11-24,Active
108192,Robert,Harris,1965-07-03,Male,Victoria,British Columbia,Canada,1993-02-20,Active
108193,David,Clark,1976-03-18,Male,Victoria,British Columbia,Canada,2006-09-18,Active
108194,Emily,Jackson,1975-07-08,Male,Ottawa,Ontario,Canada,1997-03-28,Active
108195,Michael,Brown,2006-08-16,Male,Winnipeg,Manitoba,Canada,2024-09-11,Active
108196,Jessica,Thomas,1949-05-31,Male,Toronto,Ontario,Canada,1985-12-11,Active
108197,William,Wilson,1980-08-28,Male,Toronto,Ontario,Canada,1999-05-22,Active
108198,Olivia,Harris,1953-03-21,Male,Charlottetown,Prince Edward Island,Canada,1985-04-30,Active
108199,Sarah,Anderson,1984-11-10,Female,Moncton,New Brunswick,Canada,2005-08-24,Active
108200,Mia,Lee,1970-08-06,Male,Quebec City,Quebec,Canada,2008-11-30,Active
108201,Daniel,Thomas,1954-06-19,Female,Laval,Quebec,Canada,2015-10-14,Active
108202,Robert,Anderson,1955-05-08,Male,Toronto,Ontario,Canada,2019-01-20,Active
108203,Emily,Lee,1951-10-19,Male,Surrey,British Columbia,Canada,2005-02-16,Active
108204,Jessica,White,1992-09-23,Male,Ottawa,Ontario,Canada,2012-01-22,Active
108205,Daniel,Wilson,2001-07-07,Male,Brampton,Ontario,Canada,2020-01-13,Active
108206,Emily,White,1964-04-24,Male,Montreal,Quebec,Canada,2015-06-11,Inactive
108207,Sarah,Taylor,1968-01-25,Female,Winnipeg,Manitoba,Canada,2016-06-04,Active
108208,Robert,Thompson,1946-12-02,Female,Moncton,New Brunswick,Canada,1981-06-10,Active
108209,Robert,Harris,1954-07-20,Male,Moncton,New Brunswick,Canada,2026-03-30,Active
108210,Mia,Thompson,1953-09-25,Male,Edmonton,Alberta,Canada,2006-12-13,Inactive
108211,Olivia,Lee,2003-09-13,Male,Mississauga,Ontario,Canada,2023-11-16,Active
108212,John,Thompson,1963-05-10,Female,Hamilton,Ontario,Canada,2009-10-11,Active
108213,Ava,Thomas,1993-05-21,Male,Montreal,Quebec,Canada,2011-09-02,Active
108214,Olivia,Taylor,1953-03-08,Male,Brampton,Ontario,Canada,2012-02-07,Active
108215,James,White,1955-04-09,Female,Surrey,British Columbia,Canada,1985-01-20,Active
108216,Olivia,Jackson,1957-07-31,Female,Brampton,Ontario,Canada,1976-05-10,Active
108217,Emily,Anderson,1956-02-05,Female,Winnipeg,Manitoba,Canada,2006-12-21,Active
108218,Mia,Clark,1957-01-05,Male,Ottawa,Ontario,Canada,1975-01-31,Active
108219,Sarah,Lewis,1962-03-10,Male,Toronto,Ontario,Canada,1981-05-26,Active
108220,Sarah,Thomas,1970-05-18,Male,Calgary,Alberta,Canada,1994-11-02,Active
108221,Robert,Thompson,1955-08-01,Female,Montreal,Quebec,Canada,2024-04-04,Active
108222,Robert,Lee,1977-01-06,Female,Mississauga,Ontario,Canada,2026-01-17,Active
108223,Jessica,Smith,1966-12-21,Male,Victoria,British Columbia,Canada,2002-07-04,Active
108224,Emma,Thomas,1983-03-23,Female,Laval,Quebec,Canada,2009-12-01,Active
108225,Mia,Garcia,1980-08-27,Male,Toronto,Ontario,Canada,2010-08-10,Active
108226,Sophia,White,2001-04-16,Female,Montreal,Quebec,Canada,2023-11-26,Active
108227,Jessica,Garcia,1983-02-01,Male,Regina,Saskatchewan,Canada,2015-10-22,Active
108228,Sarah,White,1987-05-08,Male,Brampton,Ontario,Canada,2011-12-01,Active
108229,William,Smith,1996-10-09,Male,Montreal,Quebec,Canada,2017-10-09,Inactive
108230,Sophia,Jackson,1956-07-05,Female,Ottawa,Ontario,Canada,1999-12-14,Active
108231,Robert,Jackson,1998-12-22,Male,Montreal,Quebec,Canada,2019-10-05,Active
108232,Robert,Clark,1972-04-19,Male,Saint John,New Brunswick,Canada,2006-03-23,Active
108233,Mia,Wilson,1985-09-22,Female,Toronto,Ontario,Canada,2004-05-18,Active
108234,Emily,Wilson,1989-12-16,Female,Red Deer,Alberta,Canada,2011-06-23,Active
108235,William,Wilson,1957-07-10,Female,Calgary,Alberta,Canada,2025-02-10,Active
108236,Emma,Harris,1978-12-22,Female,Toronto,Ontario,Canada,2007-08-11,Active
108237,Ava,Lee,1961-12-14,Female,Edmonton,Alberta,Canada,2000-03-15,Inactive
108238,Robert,Martin,1954-09-02,Female,St. John's,Newfoundland and Labrador,Canada,1982-12-18,Active
108239,Sarah,Clark,1999-06-30,Male,Halifax,Nova Scotia,Canada,2025-07-05,Active
108240,Sarah,Clark,1993-08-12,Male,Victoria,British Columbia,Canada,2015-10-27,Active
108241,Olivia,Martin,1955-09-03,Male,Ottawa,Ontario,Canada,1989-03-24,Active
108242,Ava,Martin,1956-05-22,Male,Mississauga,Ontario,Canada,1996-03-15,Active
108243,Emily,Taylor,1949-06-10,Male,Brampton,Ontario,Canada,2015-04-22,Active
108244,Sophia,Lee,1965-09-09,Male,Vancouver,British Columbia,Canada,2017-11-17,Active
108245,Emily,Garcia,1959-03-24,Male,Ottawa,Ontario,Canada,1986-04-11,Active
108246,Mia,Lewis,1990-03-22,Female,Surrey,British Columbia,Canada,2011-11-05,Active
108247,Daniel,Lee,1969-06-26,Female,Edmonton,Alberta,Canada,1997-06-23,Active
108248,William,Thomas,2005-01-25,Female,Mississauga,Ontario,Canada,2023-10-09,Active
108249,Daniel,Wilson,1979-04-22,Female,Winnipeg,Manitoba,Canada,2012-01-03,Active
108250,Ava,Clark,2000-02-04,Male,Brampton,Ontario,Canada,2020-03-19,Active
108251,Jessica,White,1950-01-13,Male,Toronto,Ontario,Canada,1972-04-14,Inactive
108252,Michael,Lee,2005-02-05,Male,Calgary,Alberta,Canada,2025-11-30,Active
108253,James,Thompson,1964-06-24,Female,Brampton,Ontario,Canada,1997-08-10,Active
108254,Sarah,Taylor,1968-12-29,Male,Mississauga,Ontario,Canada,1996-10-20,Active
108255,Emma,Thomas,1981-08-09,Female,Moncton,New Brunswick,Canada,2003-06-25,Active
108256,Sarah,Martin,1971-06-17,Male,Regina,Saskatchewan,Canada,2019-12-13,Active
108257,Emily,Thomas,1963-10-28,Male,Edmonton,Alberta,Canada,2008-10-26,Active
108258,Sophia,Anderson,1954-04-05,Female,Brampton,Ontario,Canada,1989-10-24,Active
108259,Sarah,Taylor,1970-06-02,Male,Toronto,Ontario,Canada,2020-02-01,Active
108260,Mia,Martin,1973-10-10,Female,Toronto,Ontario,Canada,2002-05-05,Active
108261,Jessica,Smith,1952-02-22,Female,Toronto,Ontario,Canada,1984-04-05,Active
108262,Olivia,Brown,1993-03-02,Female,Moncton,New Brunswick,Canada,2017-01-10,Active
108263,Sophia,Smith,1955-04-11,Female,Brampton,Ontario,Canada,1975-05-15,Closed
108264,Jessica,Garcia,1948-05-05,Male,Vancouver,British Columbia,Canada,1993-05-17,Active
108265,James,Smith,1964-04-02,Male,Ottawa,Ontario,Canada,2015-08-08,Active
108266,Daniel,Jackson,1964-02-05,Female,Quebec City,Quebec,Canada,2000-10-21,Active
108267,Michael,Brown,1962-11-03,Male,Hamilton,Ontario,Canada,2007-06-14,Active
108268,Sarah,Harris,2002-04-24,Male,Hamilton,Ontario,Canada,2022-10-26,Active
108269,Michael,Smith,1981-08-15,Male,Toronto,Ontario,Canada,2021-11-16,Active
108270,Sarah,Smith,1955-07-02,Female,Regina,Saskatchewan,Canada,2026-07-19,Active
108271,William,Jackson,1976-08-22,Male,Victoria,British Columbia,Canada,2012-01-05,Active
108272,James,Thompson,1962-09-20,Female,Victoria,British Columbia,Canada,2012-07-25,Closed
108273,John,Brown,2003-11-12,Male,Ottawa,Ontario,Canada,2024-10-15,Active
108274,Sarah,White,2002-11-28,Male,Vancouver,British Columbia,Canada,2025-12-26,Active
108275,John,Clark,1980-12-05,Male,Victoria,British Columbia,Canada,2024-01-18,Active
108276,Emma,Martin,1965-09-21,Male,Laval,Quebec,Canada,2022-02-05,Active
108277,Sophia,Garcia,1952-05-30,Male,Surrey,British Columbia,Canada,1974-05-02,Active
108278,Olivia,Anderson,1996-05-07,Female,Red Deer,Alberta,Canada,2019-08-10,Active
108279,Michael,Lee,1945-07-16,Male,Moncton,New Brunswick,Canada,1995-03-03,Active
108280,Sophia,Wilson,1962-02-01,Male,Charlottetown,Prince Edward Island,Canada,2016-03-12,Active
108281,Jessica,Martin,1978-06-27,Male,Quebec City,Quebec,Canada,2013-07-11,Active
108282,William,Jackson,1960-03-11,Male,Ottawa,Ontario,Canada,2001-01-04,Active
108283,James,Smith,1989-09-23,Female,Ottawa,Ontario,Canada,2017-10-29,Inactive
108284,Sarah,Lee,1955-10-15,Male,Mississauga,Ontario,Canada,2005-03-26,Active
108285,Sophia,Thompson,1997-09-18,Female,Ottawa,Ontario,Canada,2022-04-28,Inactive
108286,James,Taylor,1947-12-13,Male,Hamilton,Ontario,Canada,2010-07-19,Active
108287,James,Smith,1965-01-05,Male,Surrey,British Columbia,Canada,2000-06-24,Active
108288,William,Thompson,1970-03-02,Female,Laval,Quebec,Canada,2010-07-26,Inactive
108289,Sarah,Harris,2006-01-25,Male,Surrey,British Columbia,Canada,2024-05-18,Active
108290,Sarah,Smith,1988-12-11,Female,Saint John,New Brunswick,Canada,2016-12-12,Active
108291,Daniel,Lee,2006-05-11,Male,Ottawa,Ontario,Canada,2025-03-22,Active
108292,David,Thompson,1975-11-02,Male,Mississauga,Ontario,Canada,1994-03-23,Active
108293,James,Jackson,2003-02-04,Female,Vancouver,British Columbia,Canada,2022-03-31,Active
108294,James,Taylor,1969-08-30,Male,Quebec City,Quebec,Canada,2025-06-27,Active
108295,John,Anderson,1945-10-09,Female,Montreal,Quebec,Canada,1998-04-24,Active
108296,Olivia,Jackson,1956-11-17,Female,Red Deer,Alberta,Canada,1976-11-04,Active
108297,Sophia,Smith,1967-08-24,Male,Ottawa,Ontario,Canada,2021-12-20,Active
108298,Daniel,Thomas,1987-01-23,Male,Laval,Quebec,Canada,2007-08-30,Active
108299,John,Taylor,1957-03-25,Female,Regina,Saskatchewan,Canada,2007-05-06,Active
108300,Daniel,Brown,1959-12-06,Male,Quebec City,Quebec,Canada,1980-01-01,Active
108301,Ava,Brown,1985-03-13,Female,Quebec City,Quebec,Canada,2022-10-29,Active
108302,David,Thomas,1946-01-08,Male,Toronto,Ontario,Canada,2003-04-01,Active
108303,Sarah,Thomas,1999-08-31,Male,Toronto,Ontario,Canada,2025-05-15,Active
108304,Emily,Thomas,2004-10-07,Female,Hamilton,Ontario,Canada,2023-12-12,Closed
108305,Robert,Thompson,1994-12-04,Female,Laval,Quebec,Canada,2025-03-12,Active
108306,Daniel,White,2003-05-18,Female,Quebec City,Quebec,Canada,2026-02-07,Active
108307,Sarah,Wilson,1954-04-27,Female,Halifax,Nova Scotia,Canada,1998-04-13,Inactive
108308,Sarah,Lee,1957-07-05,Male,Victoria,British Columbia,Canada,2005-10-30,Inactive
108309,Olivia,Thompson,1998-08-11,Male,Brampton,Ontario,Canada,2020-05-24,Active
108310,Emily,White,1959-01-12,Male,Red Deer,Alberta,Canada,2015-10-28,Active
108311,James,Smith,1988-05-04,Male,Brampton,Ontario,Canada,2019-05-18,Active
108312,James,Lewis,1980-07-18,Male,Victoria,British Columbia,Canada,2002-08-17,Active
108313,Daniel,Garcia,1962-09-11,Female,Toronto,Ontario,Canada,1999-07-20,Active
108314,Mia,Jackson,1970-12-05,Male,Red Deer,Alberta,Canada,2004-06-04,Active
108315,James,Wilson,1972-03-04,Male,Saskatoon,Saskatchewan,Canada,2006-01-21,Active
108316,John,Brown,1999-12-06,Female,Mississauga,Ontario,Canada,2023-05-21,Active
108317,Olivia,Anderson,1977-11-01,Male,Montreal,Quebec,Canada,2004-06-17,Active
108318,Daniel,Taylor,1970-11-23,Female,Quebec City,Quebec,Canada,1995-12-27,Active
108319,David,Taylor,1986-03-24,Male,Toronto,Ontario,Canada,2014-06-28,Inactive
108320,David,Jackson,1952-07-22,Male,Ottawa,Ontario,Canada,1991-12-28,Active
108321,Jessica,Smith,1964-03-20,Female,Vancouver,British Columbia,Canada,2022-07-23,Active
108322,Sarah,Anderson,1978-06-10,Female,Hamilton,Ontario,Canada,2019-03-31,Active
108323,Jessica,Lewis,1982-12-01,Female,Toronto,Ontario,Canada,2007-03-27,Closed
108324,Robert,Clark,1951-02-19,Male,Edmonton,Alberta,Canada,2008-05-19,Active
108325,Sarah,Smith,1963-06-21,Male,Victoria,British Columbia,Canada,2008-10-27,Active
108326,Emma,Thompson,1972-03-04,Female,Mississauga,Ontario,Canada,2023-02-01,Active
108327,Robert,Lee,1944-03-08,Male,Saint John,New Brunswick,Canada,2010-04-05,Active
108328,William,Harris,1980-05-14,Female,Winnipeg,Manitoba,Canada,2014-03-01,Active
108329,Michael,Thomas,1997-05-19,Male,Saint John,New Brunswick,Canada,2018-03-15,Active
108330,Jessica,White,2003-07-23,Male,Montreal,Quebec,Canada,2022-08-12,Active
108331,James,Taylor,1984-08-22,Male,Mississauga,Ontario,Canada,2011-08-20,Active
108332,David,Thomas,1962-06-25,Female,Mississauga,Ontario,Canada,2021-01-24,Active
108333,Olivia,Lee,1988-08-24,Male,Halifax,Nova Scotia,Canada,2024-08-23,Active
108334,James,Martin,1984-11-29,Female,Winnipeg,Manitoba,Canada,2025-10-06,Active
108335,Ava,Jackson,1946-02-17,Male,Victoria,British Columbia,Canada,2025-06-21,Active
108336,Daniel,Brown,1944-01-05,Male,Quebec City,Quebec,Canada,1993-05-29,Active
108337,William,Lewis,2006-10-17,Male,Mississauga,Ontario,Canada,2025-12-02,Active
108338,Emily,Wilson,1998-11-25,Female,Surrey,British Columbia,Canada,2017-09-22,Active
108339,Jessica,Thompson,1969-06-13,Female,Brampton,Ontario,Canada,1993-09-13,Active
108340,Daniel,Anderson,1963-12-23,Male,Quebec City,Quebec,Canada,1993-04-12,Closed
108341,Mia,Anderson,1949-11-12,Male,Victoria,British Columbia,Canada,1977-10-30,Active
108342,Ava,Wilson,1959-03-04,Female,Edmonton,Alberta,Canada,2014-05-26,Active
108343,David,Thomas,1949-10-18,Male,Laval,Quebec,Canada,2017-06-20,Active
108344,Olivia,Thompson,1950-06-16,Female,Vancouver,British Columbia,Canada,1968-06-20,Active
108345,Robert,Jackson,1997-12-11,Female,Brampton,Ontario,Canada,2023-04-10,Active
108346,Ava,Smith,1993-06-21,Male,Brampton,Ontario,Canada,2015-12-13,Active
108347,David,Taylor,1993-11-08,Female,Hamilton,Ontario,Canada,2019-03-07,Active
108348,Robert,Wilson,1947-07-25,Female,Hamilton,Ontario,Canada,1988-02-10,Active
108349,Olivia,Jackson,1967-04-05,Male,Brampton,Ontario,Canada,1991-07-14,Active
108350,Sophia,Lewis,1982-12-04,Male,Mississauga,Ontario,Canada,2021-03-21,Active
108351,John,Lee,1978-11-19,Male,Laval,Quebec,Canada,2006-01-20,Active
108352,Emily,Lee,1963-11-17,Female,Montreal,Quebec,Canada,2001-06-14,Inactive
108353,William,Brown,1969-09-07,Female,Quebec City,Quebec,Canada,2010-09-14,Active
108354,Jessica,White,1988-10-20,Male,Calgary,Alberta,Canada,2017-03-29,Active
108355,Emily,Smith,1997-04-20,Male,Mississauga,Ontario,Canada,2017-05-25,Active
108356,Ava,White,2004-11-05,Male,Ottawa,Ontario,Canada,2025-05-30,Active
108357,Ava,Harris,1988-08-26,Male,Ottawa,Ontario,Canada,2009-11-03,Active
108358,Jessica,Garcia,1961-04-25,Male,Toronto,Ontario,Canada,2016-06-25,Active
108359,Olivia,Thomas,2001-03-08,Male,Vancouver,British Columbia,Canada,2024-01-13,Active
108360,Mia,Smith,1983-01-16,Male,Winnipeg,Manitoba,Canada,2009-09-15,Active
108361,Michael,Jackson,1992-03-11,Female,Brampton,Ontario,Canada,2016-01-08,Inactive
108362,Olivia,Jackson,1967-05-06,Female,Laval,Quebec,Canada,1992-06-11,Active
108363,Sophia,Martin,1979-01-28,Male,Brampton,Ontario,Canada,2010-03-12,Active
108364,John,Brown,1976-02-04,Female,Mississauga,Ontario,Canada,2000-01-08,Active
108365,Mia,Martin,1990-01-26,Male,Winnipeg,Manitoba,Canada,2017-07-02,Active
108366,Olivia,Jackson,1949-03-31,Male,Montreal,Quebec,Canada,1976-10-04,Active
108367,William,Garcia,1978-02-07,Female,Surrey,British Columbia,Canada,2023-04-02,Active
108368,Sarah,Lee,1956-11-15,Female,Winnipeg,Manitoba,Canada,1980-10-19,Active
108369,Sarah,Taylor,1954-02-21,Male,Quebec City,Quebec,Canada,2011-05-14,Active
108370,Mia,Garcia,1994-01-14,Male,Brampton,Ontario,Canada,2018-06-27,Active
108371,Ava,Brown,1978-01-19,Female,Vancouver,British Columbia,Canada,2006-06-10,Active
108372,Emma,Lee,1965-09-24,Male,Vancouver,British Columbia,Canada,1991-08-04,Active
108373,Jessica,White,1986-02-25,Female,Quebec City,Quebec,Canada,2018-07-01,Active
108374,John,Garcia,1944-01-24,Male,Vancouver,British Columbia,Canada,2012-08-13,Active
108375,Mia,Garcia,2001-06-28,Male,Montreal,Quebec,Canada,2024-02-20,Active
108376,Michael,Martin,1964-03-19,Female,Hamilton,Ontario,Canada,1982-03-19,Active
108377,Michael,Thomas,1951-05-18,Female,Victoria,British Columbia,Canada,2017-01-20,Active
108378,John,Garcia,1986-03-11,Male,Mississauga,Ontario,Canada,2025-08-15,Active
108379,Ava,White,1997-06-09,Female,Ottawa,Ontario,Canada,2023-05-12,Active
108380,Sarah,Martin,2005-03-18,Female,Montreal,Quebec,Canada,2023-04-03,Active
108381,David,Martin,1991-06-11,Male,Vancouver,British Columbia,Canada,2018-02-20,Active
108382,John,Jackson,1997-10-23,Male,Calgary,Alberta,Canada,2019-05-05,Active
108383,Daniel,Brown,1963-09-29,Male,Vancouver,British Columbia,Canada,2011-01-28,Active
108384,Olivia,Anderson,1991-09-07,Female,Vancouver,British Columbia,Canada,2022-06-28,Inactive
108385,Ava,Lee,1944-08-17,Female,Ottawa,Ontario,Canada,2019-06-15,Active
108386,Emily,White,2002-07-19,Male,Laval,Quebec,Canada,2025-11-19,Active
108387,Jessica,Martin,1994-07-05,Female,Ottawa,Ontario,Canada,2026-03-04,Active
108388,Emma,Taylor,1985-07-18,Male,Montreal,Quebec,Canada,2005-07-23,Active
108389,Mia,Thompson,2002-10-15,Female,Surrey,British Columbia,Canada,2021-06-25,Active
108390,Robert,White,1976-09-15,Female,Brampton,Ontario,Canada,2020-04-22,Active
108391,Ava,Taylor,1964-04-16,Male,Winnipeg,Manitoba,Canada,2014-01-27,Closed
108392,Sarah,Wilson,1977-12-29,Male,Montreal,Quebec,Canada,2019-01-16,Closed
108393,Mia,Thomas,1947-06-25,Male,Surrey,British Columbia,Canada,1979-11-11,Active
108394,John,Harris,2003-06-27,Female,Quebec City,Quebec,Canada,2023-11-14,Active
108395,John,Anderson,1975-12-24,Male,Vancouver,British Columbia,Canada,2014-12-27,Active
108396,Mia,Taylor,1944-02-19,Female,Montreal,Quebec,Canada,2002-08-04,Active
108397,Olivia,Anderson,1982-01-11,Male,Mississauga,Ontario,Canada,2022-11-25,Active
108398,Michael,Anderson,1976-06-26,Male,Saskatoon,Saskatchewan,Canada,2006-04-19,Closed
108399,Mia,Garcia,2006-04-14,Female,Surrey,British Columbia,Canada,2026-04-11,Inactive
108400,John,White,1992-06-14,Male,Quebec City,Quebec,Canada,2015-07-04,Active
108401,Olivia,White,1961-03-29,Female,Victoria,British Columbia,Canada,2015-04-15,Active
108402,David,Wilson,1946-05-26,Male,Ottawa,Ontario,Canada,1966-06-16,Active
108403,John,Harris,1971-08-24,Male,Edmonton,Alberta,Canada,1997-03-29,Active
108404,Emma,Lee,1995-11-11,Male,Quebec City,Quebec,Canada,2013-12-12,Active
108405,Emma,Garcia,1989-10-14,Male,Edmonton,Alberta,Canada,2011-11-13,Active
108406,John,Jackson,1997-03-03,Female,Toronto,Ontario,Canada,2021-03-20,Active
108407,John,Anderson,1996-05-01,Male,Calgary,Alberta,Canada,2025-01-27,Active
108408,Jessica,Thomas,1976-12-26,Male,Winnipeg,Manitoba,Canada,1995-05-09,Active
108409,James,Smith,1994-09-27,Male,St. John's,Newfoundland and Labrador,Canada,2020-11-20,Active
108410,Sophia,Smith,1996-03-19,Female,Calgary,Alberta,Canada,2015-09-28,Active
108411,Mia,Garcia,1950-07-14,Female,Vancouver,British Columbia,Canada,1978-08-21,Active
108412,Sophia,Clark,1952-12-26,Female,Quebec City,Quebec,Canada,1976-05-11,Active
108413,David,Lee,1958-10-23,Female,Brampton,Ontario,Canada,2006-02-20,Active
108414,Michael,Martin,2003-05-31,Male,Quebec City,Quebec,Canada,2024-09-26,Active
108415,Olivia,Lewis,1998-01-10,Male,Laval,Quebec,Canada,2018-12-20,Active
108416,James,Jackson,1947-01-28,Female,Ottawa,Ontario,Canada,2006-04-11,Active
108417,Emily,Taylor,2002-05-26,Male,Surrey,British Columbia,Canada,2022-11-28,Active
108418,Daniel,Taylor,1946-05-07,Female,Mississauga,Ontario,Canada,2011-05-10,Active
108419,Sophia,Taylor,1992-05-21,Female,Quebec City,Quebec,Canada,2018-11-30,Active
108420,David,Garcia,1977-01-05,Male,Quebec City,Quebec,Canada,2025-10-26,Active
108421,Sophia,Smith,1984-07-31,Female,Winnipeg,Manitoba,Canada,2018-08-24,Active
108422,Olivia,Lee,1990-04-27,Male,Ottawa,Ontario,Canada,2026-04-19,Closed
108423,David,Garcia,1998-10-28,Female,Mississauga,Ontario,Canada,2025-10-13,Active
108424,William,Thomas,1988-02-07,Male,Quebec City,Quebec,Canada,2010-05-16,Active
108425,James,Thompson,1978-02-17,Female,Laval,Quebec,Canada,2006-09-14,Active
108426,Daniel,Wilson,1978-08-30,Male,Hamilton,Ontario,Canada,2007-03-20,Active
108427,David,Jackson,2004-11-15,Female,Victoria,British Columbia,Canada,2025-03-10,Active
108428,John,Brown,1993-05-14,Female,Winnipeg,Manitoba,Canada,2019-12-16,Active
108429,Emily,Brown,1983-05-04,Female,Victoria,British Columbia,Canada,2013-04-12,Inactive
108430,Emily,Smith,1982-04-15,Female,Brampton,Ontario,Canada,2001-06-14,Active
108431,John,Garcia,1962-09-16,Female,Hamilton,Ontario,Canada,2001-04-14,Closed
108432,Michael,Garcia,1997-07-24,Female,Quebec City,Quebec,Canada,2017-09-11,Active
108433,John,Lewis,1989-04-02,Female,Victoria,British Columbia,Canada,2025-09-05,Active
108434,Olivia,Lee,1951-04-18,Female,Moncton,New Brunswick,Canada,2018-04-07,Active
108435,William,Lee,1994-04-21,Female,Toronto,Ontario,Canada,2014-11-30,Active
108436,John,Lee,2005-10-30,Female,Montreal,Quebec,Canada,2024-12-26,Active
108437,Michael,Smith,1989-10-07,Male,St. John's,Newfoundland and Labrador,Canada,2019-10-08,Active
108438,Ava,Garcia,1999-06-27,Female,Hamilton,Ontario,Canada,2021-12-07,Active
108439,David,Thompson,1993-03-01,Male,Moncton,New Brunswick,Canada,2013-10-23,Active
108440,Olivia,Wilson,2000-05-27,Male,Montreal,Quebec,Canada,2024-06-27,Active
108441,Sarah,Wilson,1980-09-03,Female,Victoria,British Columbia,Canada,2024-01-23,Active
108442,Michael,Lee,1966-11-27,Male,Laval,Quebec,Canada,2018-09-05,Active
108443,Robert,Lewis,1973-06-11,Male,Red Deer,Alberta,Canada,2003-12-07,Active
108444,James,Anderson,2003-08-27,Female,Winnipeg,Manitoba,Canada,2025-12-27,Active
108445,Sophia,Brown,1987-10-31,Female,Mississauga,Ontario,Canada,2024-03-22,Active
108446,William,Thomas,1952-11-30,Male,Victoria,British Columbia,Canada,2020-10-21,Active
108447,Sarah,Smith,1968-06-04,Male,Ottawa,Ontario,Canada,2019-08-20,Active
108448,Michael,Thompson,1948-11-27,Male,Ottawa,Ontario,Canada,1984-07-04,Active
108449,Emma,Thomas,2000-09-02,Male,Quebec City,Quebec,Canada,2022-09-05,Active
108450,David,Smith,1969-02-12,Male,Vancouver,British Columbia,Canada,2012-10-14,Active
108451,Emily,Lee,1948-07-28,Male,Toronto,Ontario,Canada,2015-06-21,Active
108452,Mia,Clark,2002-10-14,Female,Hamilton,Ontario,Canada,2021-06-09,Active
108453,Olivia,Lewis,1997-07-11,Female,Toronto,Ontario,Canada,2016-04-07,Active
108454,Jessica,Lee,2004-12-22,Female,Toronto,Ontario,Canada,2026-07-21,Active
108455,Mia,Smith,1966-03-12,Female,Hamilton,Ontario,Canada,2013-10-05,Active
108456,Michael,Garcia,1975-02-03,Female,Hamilton,Ontario,Canada,2002-01-29,Active
108457,Ava,Garcia,1975-12-08,Female,Edmonton,Alberta,Canada,2026-07-15,Active
108458,Emily,Garcia,1991-05-16,Male,Toronto,Ontario,Canada,2016-02-15,Active
108459,Daniel,Taylor,1996-01-27,Female,Winnipeg,Manitoba,Canada,2022-01-12,Active
108460,David,Thomas,1977-11-28,Female,Mississauga,Ontario,Canada,2024-07-14,Active
108461,Sophia,Lewis,1978-03-04,Male,Montreal,Quebec,Canada,2022-03-27,Active
108462,Ava,Smith,1951-02-23,Male,Brampton,Ontario,Canada,2005-05-23,Active
108463,Olivia,Martin,1955-10-12,Male,Mississauga,Ontario,Canada,2002-12-11,Active
108464,James,Garcia,1985-02-23,Male,Victoria,British Columbia,Canada,2009-12-04,Active
108465,Sarah,Garcia,1972-08-02,Female,Toronto,Ontario,Canada,1996-12-19,Active
108466,Olivia,Harris,1953-04-02,Male,Ottawa,Ontario,Canada,1976-01-12,Active
108467,William,Garcia,1950-08-21,Male,Montreal,Quebec,Canada,1969-08-04,Active
108468,Sophia,Lewis,1985-05-04,Male,Edmonton,Alberta,Canada,2014-09-27,Active
108469,Olivia,Garcia,2000-04-04,Female,Ottawa,Ontario,Canada,2021-03-12,Active
108470,John,Brown,1959-02-23,Male,Toronto,Ontario,Canada,2006-05-26,Active
108471,Emily,Taylor,1978-03-23,Male,Ottawa,Ontario,Canada,2011-10-12,Active
108472,Michael,Anderson,1960-08-03,Female,Laval,Quebec,Canada,2010-09-21,Inactive
108473,Sarah,Thomas,1995-07-08,Female,Charlottetown,Prince Edward Island,Canada,2016-01-25,Active
108474,William,Thomas,1986-07-09,Female,Brampton,Ontario,Canada,2008-03-02,Active
108475,Emma,Taylor,1965-09-22,Female,Ottawa,Ontario,Canada,1989-03-01,Active
108476,Mia,Thompson,1973-04-16,Male,Quebec City,Quebec,Canada,2016-04-05,Active
108477,Daniel,Brown,1977-08-10,Female,Halifax,Nova Scotia,Canada,2023-11-21,Active
108478,Emily,Garcia,1996-04-21,Female,Hamilton,Ontario,Canada,2018-10-14,Active
108479,Jessica,Martin,1974-08-29,Female,Edmonton,Alberta,Canada,1997-07-24,Active
108480,Jessica,Lee,1986-11-09,Male,Victoria,British Columbia,Canada,2025-06-11,Inactive
108481,Jessica,Smith,1973-09-10,Female,Toronto,Ontario,Canada,1999-09-23,Active
108482,Sophia,Anderson,1962-08-02,Male,Calgary,Alberta,Canada,2010-09-12,Active
108483,Ava,Lewis,1982-08-08,Male,Quebec City,Quebec,Canada,2023-08-03,Active
108484,Emma,White,1992-12-16,Female,Hamilton,Ontario,Canada,2025-05-18,Active
108485,Michael,Harris,2005-08-11,Female,Ottawa,Ontario,Canada,2024-04-17,Active
108486,Sarah,Smith,1948-01-28,Male,Brampton,Ontario,Canada,1967-11-25,Closed
108487,Daniel,Garcia,2005-07-17,Female,Hamilton,Ontario,Canada,2024-11-09,Active
108488,Sarah,Taylor,1990-04-18,Male,Surrey,British Columbia,Canada,2024-11-21,Active
108489,Sarah,Lee,1961-04-09,Female,Surrey,British Columbia,Canada,2001-09-03,Active
108490,Olivia,Thomas,1968-04-12,Male,Edmonton,Alberta,Canada,2021-09-25,Active
108491,Daniel,Wilson,1986-08-31,Male,Laval,Quebec,Canada,2023-01-04,Active
108492,David,Harris,1963-01-12,Female,Hamilton,Ontario,Canada,2004-05-04,Active
108493,Daniel,White,1965-05-01,Male,Mississauga,Ontario,Canada,2021-01-03,Active
108494,Emma,White,1976-12-04,Female,Red Deer,Alberta,Canada,2025-12-01,Active
108495,Robert,Lee,1988-01-12,Male,Ottawa,Ontario,Canada,2020-01-20,Inactive
108496,James,Thomas,2001-02-23,Female,Toronto,Ontario,Canada,2024-10-12,Active
108497,Ava,Thomas,1997-07-24,Male,Victoria,British Columbia,Canada,2020-07-08,Active
108498,Michael,Martin,1960-03-05,Female,Edmonton,Alberta,Canada,2026-06-05,Active
108499,Jessica,Wilson,1956-01-25,Female,Mississauga,Ontario,Canada,1992-09-18,Active
108500,Emma,Clark,2006-12-17,Female,Surrey,British Columbia,Canada,2026-04-02,Active
108501,Robert,Taylor,2003-01-30,Male,Toronto,Ontario,Canada,2026-05-05,Inactive
108502,William,Taylor,1981-02-05,Female,Red Deer,Alberta,Canada,2024-04-29,Active
108503,Robert,Smith,1987-12-08,Female,Victoria,British Columbia,Canada,2024-03-24,Active
108504,Michael,Thomas,1959-11-19,Male,Victoria,British Columbia,Canada,1987-07-02,Active
108505,Michael,Harris,1982-11-23,Female,Ottawa,Ontario,Canada,2026-02-26,Active
108506,Michael,Thompson,1987-07-16,Female,Montreal,Quebec,Canada,2009-09-13,Active
108507,Daniel,Lewis,1962-10-12,Female,Ottawa,Ontario,Canada,1991-08-08,Active
108508,Sarah,Garcia,1990-05-01,Male,Montreal,Quebec,Canada,2017-08-22,Active
108509,James,Anderson,1967-09-27,Male,St. John's,Newfoundland and Labrador,Canada,1991-08-19,Active
108510,Emma,Clark,1977-06-26,Female,Mississauga,Ontario,Canada,2018-03-23,Active
108511,Olivia,Wilson,1946-11-12,Female,Laval,Quebec,Canada,2022-03-23,Active
108512,John,Taylor,1952-03-23,Female,Toronto,Ontario,Canada,1985-03-07,Active
108513,Emma,Thomas,1983-09-09,Female,Quebec City,Quebec,Canada,2009-11-12,Active
108514,James,Harris,1995-05-09,Male,Quebec City,Quebec,Canada,2018-11-26,Active
108515,Emily,Taylor,1979-09-27,Male,Laval,Quebec,Canada,2000-04-01,Active
108516,Daniel,Lewis,1995-01-17,Female,Surrey,British Columbia,Canada,2015-05-24,Active
108517,Sarah,Anderson,1994-07-18,Female,Moncton,New Brunswick,Canada,2025-12-14,Active
108518,Ava,Thomas,1992-03-17,Female,Edmonton,Alberta,Canada,2025-06-10,Active
108519,Mia,Martin,1996-01-17,Female,Halifax,Nova Scotia,Canada,2020-05-20,Active
108520,Robert,Jackson,1991-08-11,Male,Brampton,Ontario,Canada,2022-04-22,Active
108521,Emily,Jackson,1996-04-02,Male,Charlottetown,Prince Edward Island,Canada,2014-11-09,Active
108522,Ava,Lee,1968-01-09,Male,Toronto,Ontario,Canada,1987-08-01,Active
108523,Olivia,Jackson,1968-10-26,Female,Ottawa,Ontario,Canada,2022-02-02,Active
108524,Mia,Brown,1975-01-16,Male,Laval,Quebec,Canada,1993-10-19,Active
108525,Daniel,Thompson,1977-12-07,Female,Toronto,Ontario,Canada,2017-08-28,Active
108526,Robert,Thompson,1985-09-02,Male,Edmonton,Alberta,Canada,2026-07-10,Active
108527,Sarah,Taylor,1978-05-18,Male,Ottawa,Ontario,Canada,2020-05-23,Inactive
108528,Emma,Clark,1954-06-09,Male,Laval,Quebec,Canada,1993-12-01,Active
108529,Mia,Thomas,1968-11-08,Female,Toronto,Ontario,Canada,2008-03-17,Active
108530,Olivia,Wilson,1982-01-24,Male,Toronto,Ontario,Canada,2016-02-01,Active
108531,Olivia,Wilson,1945-11-13,Female,Winnipeg,Manitoba,Canada,1991-10-08,Active
108532,Sarah,Thompson,1950-12-10,Female,Montreal,Quebec,Canada,2023-08-28,Active
108533,Robert,Taylor,2002-12-06,Male,Mississauga,Ontario,Canada,2021-03-08,Active
108534,Daniel,White,1997-05-31,Female,Victoria,British Columbia,Canada,2026-03-03,Active
108535,Sarah,Garcia,1980-08-12,Male,Calgary,Alberta,Canada,2022-09-18,Active
108536,Emma,Clark,1951-07-20,Male,Laval,Quebec,Canada,1975-01-11,Active
108537,Emily,White,1960-01-13,Male,Ottawa,Ontario,Canada,2005-08-15,Active
108538,Sophia,Lewis,1992-08-30,Female,Charlottetown,Prince Edward Island,Canada,2020-10-30,Active
108539,James,Anderson,1990-01-05,Female,Hamilton,Ontario,Canada,2026-05-20,Active
108540,Sophia,Lewis,1957-12-26,Male,Mississauga,Ontario,Canada,2026-04-21,Active
108541,Sarah,Taylor,1948-02-22,Female,Hamilton,Ontario,Canada,1994-08-13,Active
108542,Ava,Smith,2002-06-27,Female,Mississauga,Ontario,Canada,2021-08-06,Active
108543,Sarah,Thompson,1989-07-05,Female,Halifax,Nova Scotia,Canada,2022-12-10,Active
108544,Sarah,Garcia,1985-06-14,Female,Halifax,Nova Scotia,Canada,2018-11-02,Active
108545,John,Lewis,1999-01-13,Female,Montreal,Quebec,Canada,2021-12-24,Active
108546,Emma,Lewis,1971-03-01,Female,Victoria,British Columbia,Canada,2018-03-11,Active
108547,Olivia,Brown,1950-10-21,Male,Edmonton,Alberta,Canada,1973-08-06,Active
108548,Emma,Martin,1946-10-01,Female,Montreal,Quebec,Canada,1969-06-05,Active
108549,John,Thompson,2005-08-13,Male,Surrey,British Columbia,Canada,2025-01-30,Active
108550,David,Martin,1982-04-02,Female,Moncton,New Brunswick,Canada,2010-06-22,Active
108551,Mia,Smith,1990-09-10,Female,Ottawa,Ontario,Canada,2011-07-07,Active
108552,James,Smith,1967-10-26,Male,Ottawa,Ontario,Canada,1994-03-15,Active
108553,Sarah,Thompson,1950-12-04,Male,Calgary,Alberta,Canada,1997-01-04,Active
108554,Daniel,Clark,1994-04-17,Female,Surrey,British Columbia,Canada,2013-02-09,Active
108555,Ava,Wilson,1994-02-12,Female,Hamilton,Ontario,Canada,2022-06-20,Active
108556,Emma,Smith,1993-12-10,Female,Ottawa,Ontario,Canada,2013-05-27,Active
108557,Mia,Jackson,1976-08-13,Female,Victoria,British Columbia,Canada,2015-12-27,Active
108558,Robert,Anderson,1987-04-14,Male,Laval,Quebec,Canada,2012-08-04,Active
108559,Emily,Lee,1963-10-14,Male,Winnipeg,Manitoba,Canada,1988-11-04,Active
108560,Olivia,Lewis,1960-11-14,Female,Edmonton,Alberta,Canada,2006-07-21,Active
108561,Ava,Harris,1946-02-05,Male,Laval,Quebec,Canada,2003-08-07,Active
108562,James,Lee,1954-11-23,Female,Vancouver,British Columbia,Canada,2024-03-04,Active
108563,Ava,Taylor,1971-05-28,Male,Vancouver,British Columbia,Canada,2005-08-31,Active
108564,William,Lee,1975-04-25,Male,Ottawa,Ontario,Canada,2024-07-09,Active
108565,John,Jackson,1972-03-25,Female,Montreal,Quebec,Canada,2007-07-20,Active
108566,Jessica,White,1972-07-01,Female,Laval,Quebec,Canada,2022-01-19,Active
108567,Sophia,Smith,1957-09-11,Female,Winnipeg,Manitoba,Canada,1990-01-16,Active
108568,John,Wilson,1986-05-25,Male,Winnipeg,Manitoba,Canada,2021-07-29,Active
108569,James,Wilson,1972-01-06,Female,Hamilton,Ontario,Canada,1998-01-25,Active
108570,Mia,White,1977-07-26,Male,Red Deer,Alberta,Canada,1996-10-30,Active
108571,Ava,Wilson,1981-02-01,Female,Vancouver,British Columbia,Canada,2002-09-04,Active
108572,Michael,Brown,1975-03-07,Female,Brampton,Ontario,Canada,2006-10-06,Active
108573,Mia,Martin,1978-09-14,Male,Mississauga,Ontario,Canada,2000-08-10,Active
108574,Mia,Lewis,1974-04-16,Female,Winnipeg,Manitoba,Canada,2019-01-30,Active
108575,Ava,Brown,1967-11-05,Female,Toronto,Ontario,Canada,1989-06-27,Inactive
108576,David,Harris,1975-10-08,Female,Victoria,British Columbia,Canada,2025-08-06,Active
108577,Emily,Lee,1986-12-01,Female,Laval,Quebec,Canada,2012-07-14,Active
108578,Ava,Jackson,1998-12-12,Male,Laval,Quebec,Canada,2021-06-09,Active
108579,Mia,Wilson,1950-01-27,Female,Montreal,Quebec,Canada,2011-09-13,Active
108580,Jessica,Brown,1954-10-06,Male,Montreal,Quebec,Canada,2010-07-25,Active
108581,Michael,Lee,1951-09-18,Male,Winnipeg,Manitoba,Canada,2017-06-03,Active
108582,John,Jackson,1945-03-07,Female,Laval,Quebec,Canada,2026-05-15,Active
108583,David,Brown,1996-02-01,Male,Ottawa,Ontario,Canada,2017-12-02,Active
108584,James,Clark,1957-12-23,Female,Laval,Quebec,Canada,2007-07-23,Active
108585,Michael,Clark,1962-04-21,Male,Surrey,British Columbia,Canada,2011-05-16,Active
108586,John,Thompson,1963-07-19,Male,Montreal,Quebec,Canada,2016-09-07,Active
108587,Sophia,Brown,1998-05-05,Male,Victoria,British Columbia,Canada,2019-04-26,Active
108588,Emily,Brown,1982-08-01,Male,Toronto,Ontario,Canada,2025-10-15,Active
108589,Sarah,Taylor,1950-08-17,Male,Quebec City,Quebec,Canada,1982-07-05,Active
108590,Emma,Wilson,1997-01-31,Male,Edmonton,Alberta,Canada,2023-04-23,Active
108591,Daniel,White,2006-02-05,Male,Quebec City,Quebec,Canada,2026-05-15,Active
108592,Daniel,Thomas,1988-12-03,Male,Surrey,British Columbia,Canada,2009-07-11,Active
108593,David,Garcia,1974-06-02,Male,Vancouver,British Columbia,Canada,2010-10-30,Active
108594,Daniel,Brown,2006-11-22,Male,Surrey,British Columbia,Canada,2026-08-18,Active
108595,Michael,Thompson,1946-09-10,Male,Brampton,Ontario,Canada,1973-11-17,Active
108596,Emily,Lee,1944-01-17,Male,Vancouver,British Columbia,Canada,2013-12-31,Active
108597,Ava,Brown,1993-02-10,Male,Quebec City,Quebec,Canada,2024-02-26,Active
108598,Sarah,Martin,1955-12-23,Male,Brampton,Ontario,Canada,1987-12-02,Active
108599,Robert,White,1947-08-29,Male,Laval,Quebec,Canada,2008-10-19,Active
108600,Olivia,Brown,1949-06-27,Male,Quebec City,Quebec,Canada,2025-11-30,Active
108601,Emma,Anderson,1972-04-30,Female,Mississauga,Ontario,Canada,2004-05-27,Active
108602,Sarah,Garcia,1985-10-21,Male,Surrey,British Columbia,Canada,2005-08-16,Inactive
108603,David,Lewis,1971-12-22,Male,Laval,Quebec,Canada,1999-07-04,Active
108604,Olivia,Thomas,1970-11-24,Female,Toronto,Ontario,Canada,2024-05-24,Active
108605,Michael,Brown,1953-03-20,Male,Toronto,Ontario,Canada,2022-03-21,Active
108606,Ava,Taylor,1963-08-12,Male,Victoria,British Columbia,Canada,2019-07-05,Active
108607,Robert,Clark,2003-07-11,Female,Montreal,Quebec,Canada,2024-07-06,Active
108608,William,Harris,1963-09-12,Female,Victoria,British Columbia,Canada,1994-01-23,Inactive
108609,Olivia,Jackson,1965-08-22,Female,Quebec City,Quebec,Canada,2010-03-13,Active
108610,James,Smith,2000-04-04,Female,Red Deer,Alberta,Canada,2025-06-29,Inactive
108611,David,Garcia,1948-01-12,Female,Ottawa,Ontario,Canada,2015-10-29,Active
108612,John,Jackson,1948-10-03,Female,Vancouver,British Columbia,Canada,1970-05-16,Active
108613,William,Harris,2000-06-09,Male,Mississauga,Ontario,Canada,2024-04-15,Active
108614,Emily,Clark,1963-09-29,Female,Brampton,Ontario,Canada,2024-07-09,Active
108615,Michael,Harris,1959-01-06,Female,Halifax,Nova Scotia,Canada,1983-03-28,Active
108616,William,Lewis,1975-06-29,Male,Edmonton,Alberta,Canada,2013-07-22,Active
108617,Sophia,Harris,1946-05-25,Male,Mississauga,Ontario,Canada,2003-01-26,Active
108618,Ava,Thomas,1969-12-06,Female,Toronto,Ontario,Canada,2008-02-11,Inactive
108619,James,Lewis,1944-09-27,Female,Calgary,Alberta,Canada,2010-10-21,Active
108620,Jessica,Martin,1987-04-25,Female,Ottawa,Ontario,Canada,2026-06-23,Active
108621,James,Garcia,1997-09-04,Male,Saskatoon,Saskatchewan,Canada,2022-10-29,Active
108622,Sarah,Taylor,1982-04-09,Female,Hamilton,Ontario,Canada,2000-12-19,Active
108623,Mia,Thompson,1955-06-09,Male,Quebec City,Quebec,Canada,2001-01-04,Active
108624,Sophia,Harris,1994-06-06,Female,Hamilton,Ontario,Canada,2019-09-22,Active
108625,David,Brown,1985-09-23,Male,Quebec City,Quebec,Canada,2009-12-12,Active
108626,David,Taylor,1997-03-08,Male,Ottawa,Ontario,Canada,2023-08-17,Active
108627,Sophia,Lewis,2001-06-18,Male,Montreal,Quebec,Canada,2023-07-31,Active
108628,Emma,Harris,1969-03-13,Male,Regina,Saskatchewan,Canada,1991-08-17,Inactive
108629,Robert,Garcia,2005-05-04,Male,Brampton,Ontario,Canada,2025-12-03,Active
108630,James,Wilson,1998-07-25,Female,Victoria,British Columbia,Canada,2016-09-18,Active
108631,Daniel,Taylor,1980-12-08,Male,Brampton,Ontario,Canada,2023-01-09,Closed
108632,Jessica,Lee,1983-10-29,Female,Victoria,British Columbia,Canada,2017-02-08,Active
108633,Daniel,Jackson,1972-05-15,Female,Hamilton,Ontario,Canada,2026-06-29,Inactive
108634,Ava,Lewis,1998-03-16,Male,Vancouver,British Columbia,Canada,2019-09-28,Inactive
108635,Emma,Clark,1947-05-14,Female,Calgary,Alberta,Canada,1979-01-17,Active
108636,Sophia,Thomas,1973-04-26,Female,Winnipeg,Manitoba,Canada,2008-05-07,Active
108637,James,Lee,1950-04-29,Female,Saskatoon,Saskatchewan,Canada,2015-06-15,Active
108638,Emma,Garcia,1945-08-11,Female,Mississauga,Ontario,Canada,2002-11-06,Active
108639,Sophia,Brown,2003-04-10,Female,Hamilton,Ontario,Canada,2023-09-04,Active
108640,William,Brown,1985-06-14,Female,Mississauga,Ontario,Canada,2012-05-31,Active
108641,Emily,Brown,1972-12-15,Male,Victoria,British Columbia,Canada,2019-02-14,Active
108642,Emma,Garcia,2004-11-09,Male,Ottawa,Ontario,Canada,2023-09-03,Active
108643,Mia,Wilson,1949-10-10,Female,Red Deer,Alberta,Canada,1969-09-29,Active
108644,Emily,Anderson,2002-08-10,Male,Saint John,New Brunswick,Canada,2022-01-19,Active
108645,James,Jackson,1974-07-10,Female,Brampton,Ontario,Canada,1999-09-02,Active
108646,Jessica,Wilson,1953-07-30,Male,Ottawa,Ontario,Canada,1981-11-24,Active
108647,Olivia,Anderson,1962-08-01,Male,Laval,Quebec,Canada,1994-10-30,Active
108648,James,Thompson,1974-11-04,Female,Laval,Quebec,Canada,2017-01-22,Active
108649,Emma,Lee,1994-11-05,Male,Montreal,Quebec,Canada,2016-04-07,Active
108650,David,White,1998-12-27,Male,Ottawa,Ontario,Canada,2018-04-15,Active
108651,Mia,Garcia,1952-01-29,Female,Winnipeg,Manitoba,Canada,1992-08-21,Active
108652,Emily,White,1970-03-29,Female,Vancouver,British Columbia,Canada,2025-08-06,Active
108653,Robert,Jackson,1969-09-28,Female,Hamilton,Ontario,Canada,2024-04-07,Active
108654,James,White,1976-08-23,Male,Mississauga,Ontario,Canada,1994-10-17,Active
108655,James,Lee,1979-01-28,Female,Red Deer,Alberta,Canada,1997-06-11,Active
108656,Sophia,Smith,2006-11-06,Female,Mississauga,Ontario,Canada,2025-05-26,Active
108657,William,White,1960-10-27,Female,Winnipeg,Manitoba,Canada,1985-10-04,Inactive
108658,Emma,Smith,1974-05-29,Male,Montreal,Quebec,Canada,2019-11-28,Active
108659,David,Lewis,1961-04-29,Male,Saskatoon,Saskatchewan,Canada,1986-05-28,Active
108660,Mia,Martin,1955-12-21,Female,Edmonton,Alberta,Canada,1978-09-20,Active
108661,Ava,Smith,1969-02-01,Female,Winnipeg,Manitoba,Canada,1996-01-09,Active
108662,John,Martin,1946-06-08,Male,Surrey,British Columbia,Canada,2001-01-09,Inactive
108663,Jessica,Jackson,1993-03-09,Female,Quebec City,Quebec,Canada,2013-10-01,Inactive
108664,Ava,Smith,1973-01-24,Female,Ottawa,Ontario,Canada,2001-05-30,Active
108665,Robert,Lee,1971-11-30,Male,Surrey,British Columbia,Canada,2008-05-23,Active
108666,John,Thomas,1976-06-02,Female,Montreal,Quebec,Canada,2025-07-20,Active
108667,Mia,Smith,1976-09-30,Male,Montreal,Quebec,Canada,2022-05-18,Active
108668,Sarah,Martin,2001-12-15,Female,Montreal,Quebec,Canada,2021-06-03,Active
108669,James,Thomas,1980-11-21,Female,Toronto,Ontario,Canada,2006-12-13,Active
108670,Emma,Martin,1993-11-23,Female,Laval,Quebec,Canada,2012-12-09,Inactive
108671,Olivia,Wilson,1995-09-30,Female,Hamilton,Ontario,Canada,2017-07-25,Active
108672,John,Clark,1947-12-17,Female,Laval,Quebec,Canada,2003-03-21,Active
108673,David,Jackson,1994-08-14,Male,Quebec City,Quebec,Canada,2019-11-23,Active
108674,James,Jackson,1995-06-17,Female,Red Deer,Alberta,Canada,2018-06-05,Active
108675,Ava,Clark,1984-02-05,Female,Quebec City,Quebec,Canada,2002-07-25,Active
108676,James,Harris,1948-05-19,Male,Winnipeg,Manitoba,Canada,2020-11-14,Active
108677,Sophia,Smith,1944-07-01,Female,Moncton,New Brunswick,Canada,1987-07-17,Active
108678,Sarah,Harris,1944-11-19,Male,Mississauga,Ontario,Canada,2021-03-30,Active
108679,Emily,Martin,1988-02-12,Female,Quebec City,Quebec,Canada,2021-03-22,Active
108680,Emma,Anderson,1978-06-17,Female,Mississauga,Ontario,Canada,2020-06-22,Active
108681,Mia,Wilson,1967-02-17,Female,Red Deer,Alberta,Canada,2002-08-22,Inactive
108682,John,Smith,1977-05-18,Female,Laval,Quebec,Canada,1999-05-27,Active
108683,James,Clark,1972-06-05,Male,Brampton,Ontario,Canada,1998-07-25,Active
108684,John,Smith,1963-12-08,Female,Toronto,Ontario,Canada,2011-05-16,Active
108685,Olivia,Harris,1992-01-04,Female,Surrey,British Columbia,Canada,2019-10-02,Active
108686,Emily,Clark,1973-01-05,Male,Toronto,Ontario,Canada,1994-04-19,Active
108687,John,Thomas,1978-05-30,Male,Mississauga,Ontario,Canada,2022-06-24,Active
108688,David,Taylor,2001-12-25,Female,Winnipeg,Manitoba,Canada,2020-02-24,Active
108689,Emily,Thompson,2001-04-24,Female,Hamilton,Ontario,Canada,2022-10-10,Active
108690,Olivia,Martin,1986-08-12,Male,Surrey,British Columbia,Canada,2008-12-17,Active
108691,William,Smith,2000-12-10,Male,Victoria,British Columbia,Canada,2020-04-11,Active
108692,Ava,Harris,1965-07-28,Male,Toronto,Ontario,Canada,2004-11-17,Active
108693,Ava,Smith,1967-05-01,Female,Ottawa,Ontario,Canada,1998-11-07,Active
108694,Sophia,Thomas,2002-11-03,Male,Brampton,Ontario,Canada,2023-06-20,Active
108695,Daniel,Anderson,1999-12-29,Male,Moncton,New Brunswick,Canada,2026-03-11,Active
108696,Mia,Clark,1954-04-08,Female,Vancouver,British Columbia,Canada,2014-06-25,Active
108697,Olivia,Lee,1944-05-21,Male,Hamilton,Ontario,Canada,1983-04-24,Active
108698,Sarah,Thompson,1955-01-14,Female,Edmonton,Alberta,Canada,2001-02-08,Active
108699,Daniel,Garcia,1991-10-04,Male,Hamilton,Ontario,Canada,2016-02-04,Active
108700,Emma,Smith,1958-09-05,Male,Toronto,Ontario,Canada,1989-11-20,Active
108701,Emily,Smith,2006-03-23,Female,Ottawa,Ontario,Canada,2025-05-04,Active
108702,Michael,Garcia,1958-08-24,Female,Edmonton,Alberta,Canada,1983-08-20,Active
108703,Ava,Jackson,1954-09-15,Female,Montreal,Quebec,Canada,1985-05-31,Active
108704,John,White,1948-06-21,Male,Surrey,British Columbia,Canada,2000-10-06,Active
108705,Olivia,Thompson,2003-11-01,Male,Ottawa,Ontario,Canada,2025-05-23,Active
108706,Jessica,Thomas,1963-07-05,Male,Calgary,Alberta,Canada,2011-12-25,Active
108707,Emily,Thompson,1995-11-03,Female,Edmonton,Alberta,Canada,2026-06-29,Active
108708,James,Thompson,1978-07-26,Male,Montreal,Quebec,Canada,2002-12-22,Active
108709,Sarah,Taylor,1954-01-21,Female,Hamilton,Ontario,Canada,1978-08-25,Active
108710,Mia,Thompson,1958-01-13,Female,Vancouver,British Columbia,Canada,2008-01-10,Active
108711,David,Wilson,1949-04-18,Male,Brampton,Ontario,Canada,2000-12-15,Inactive
108712,Olivia,Anderson,1950-09-24,Male,Hamilton,Ontario,Canada,2018-07-26,Active
108713,Emma,Garcia,1994-09-26,Male,Vancouver,British Columbia,Canada,2014-07-04,Active
108714,Ava,Lee,1984-12-23,Female,Montreal,Quebec,Canada,2008-09-17,Active
108715,Sarah,Smith,1954-01-20,Female,Edmonton,Alberta,Canada,1994-07-19,Active
108716,Robert,Martin,1970-06-17,Female,Ottawa,Ontario,Canada,2019-10-08,Active
108717,Olivia,Harris,1958-05-22,Female,Mississauga,Ontario,Canada,1986-04-18,Active
108718,Sarah,Martin,1985-02-28,Male,Surrey,British Columbia,Canada,2025-07-01,Active
108719,Jessica,Garcia,1952-03-13,Male,Vancouver,British Columbia,Canada,1976-06-12,Active
108720,Sophia,Brown,1959-08-17,Male,Montreal,Quebec,Canada,2023-07-21,Active
108721,Olivia,Garcia,1986-04-16,Female,Montreal,Quebec,Canada,2019-05-13,Active
108722,David,Anderson,1991-08-20,Female,Hamilton,Ontario,Canada,2012-01-15,Active
108723,Sophia,Wilson,2004-12-11,Female,Montreal,Quebec,Canada,2026-08-17,Active
108724,Emily,Jackson,2005-04-14,Female,Saint John,New Brunswick,Canada,2023-06-13,Active
108725,Mia,Smith,1988-11-08,Male,Brampton,Ontario,Canada,2014-07-29,Active
108726,Jessica,Martin,1960-06-16,Female,Quebec City,Quebec,Canada,2013-06-26,Active
108727,Mia,Harris,1996-02-05,Female,Toronto,Ontario,Canada,2018-06-03,Closed
108728,Ava,White,1984-04-12,Male,Toronto,Ontario,Canada,2011-08-06,Active
108729,Ava,Smith,2004-08-14,Male,Calgary,Alberta,Canada,2023-10-11,Inactive
108730,Sophia,Garcia,1992-03-13,Female,Montreal,Quebec,Canada,2013-02-14,Active
108731,Emily,Smith,1994-10-01,Female,Brampton,Ontario,Canada,2020-11-10,Active
108732,John,Taylor,1978-03-24,Male,Montreal,Quebec,Canada,2009-11-01,Active
108733,William,Thomas,1994-11-25,Female,Ottawa,Ontario,Canada,2024-01-25,Active
108734,Sarah,Thompson,1962-05-05,Female,Mississauga,Ontario,Canada,2005-06-25,Active
108735,Sophia,Jackson,1949-05-29,Female,Calgary,Alberta,Canada,1997-11-03,Active
108736,Emily,Clark,1957-07-05,Male,Hamilton,Ontario,Canada,1983-10-13,Active
108737,Daniel,Lee,1979-09-28,Male,Quebec City,Quebec,Canada,2005-01-10,Active
108738,Michael,Garcia,1984-09-25,Female,Quebec City,Quebec,Canada,2003-08-21,Active
108739,Olivia,Smith,1975-04-01,Male,Edmonton,Alberta,Canada,2025-10-21,Closed
108740,Daniel,Garcia,1974-03-26,Male,Brampton,Ontario,Canada,2019-02-25,Active
108741,James,Taylor,1956-07-05,Female,Quebec City,Quebec,Canada,1988-08-13,Inactive
108742,Robert,Lewis,1996-09-30,Male,Toronto,Ontario,Canada,2020-03-07,Active
108743,Mia,Lee,1958-08-12,Male,Hamilton,Ontario,Canada,2004-09-30,Active
108744,John,Brown,1949-08-18,Female,Brampton,Ontario,Canada,1982-01-20,Active
108745,Daniel,Brown,1953-07-26,Male,Victoria,British Columbia,Canada,1978-08-19,Active
108746,Sarah,Thompson,1946-01-22,Female,Toronto,Ontario,Canada,2023-11-11,Active
108747,John,Wilson,2006-10-14,Male,Halifax,Nova Scotia,Canada,2025-06-16,Active
108748,Michael,Lee,1967-05-13,Male,Montreal,Quebec,Canada,2016-09-18,Inactive
108749,Ava,Harris,1994-01-08,Male,Edmonton,Alberta,Canada,2021-04-17,Closed
108750,Emily,Harris,1973-11-19,Male,Toronto,Ontario,Canada,2005-11-20,Active
108751,David,Clark,2001-10-19,Male,Hamilton,Ontario,Canada,2024-01-10,Active
108752,Michael,Taylor,1984-04-17,Female,Vancouver,British Columbia,Canada,2008-12-10,Active
108753,Daniel,Harris,1959-04-25,Female,Mississauga,Ontario,Canada,1989-10-06,Active
108754,Olivia,Lee,1951-03-09,Male,Quebec City,Quebec,Canada,2011-02-06,Active
108755,Olivia,Smith,1954-10-13,Male,Calgary,Alberta,Canada,2014-08-22,Active
108756,Michael,Wilson,1980-12-31,Female,Vancouver,British Columbia,Canada,2019-01-15,Active
108757,Olivia,Wilson,1945-10-24,Male,Calgary,Alberta,Canada,2007-10-16,Active
108758,Mia,Thomas,1995-03-22,Male,Toronto,Ontario,Canada,2025-02-08,Inactive
108759,David,Brown,1962-01-19,Male,Surrey,British Columbia,Canada,1994-03-17,Active
108760,James,Wilson,2001-04-20,Male,Vancouver,British Columbia,Canada,2019-05-25,Active
108761,Ava,Clark,1951-07-26,Female,Vancouver,British Columbia,Canada,1985-05-19,Active
108762,Sarah,Jackson,2000-09-07,Male,Montreal,Quebec,Canada,2023-09-16,Active
108763,Sophia,Thomas,1999-02-12,Female,Victoria,British Columbia,Canada,2022-10-27,Active
108764,Robert,Jackson,1976-08-30,Male,Calgary,Alberta,Canada,2003-09-05,Active
108765,Robert,Lee,1974-02-05,Male,Mississauga,Ontario,Canada,2019-01-04,Active
108766,David,White,2000-08-26,Female,Mississauga,Ontario,Canada,2026-06-18,Active
108767,David,White,1995-05-13,Male,Mississauga,Ontario,Canada,2014-12-31,Active
108768,Sarah,Lewis,1977-11-13,Female,Hamilton,Ontario,Canada,1996-08-18,Active
108769,John,Smith,1964-12-04,Female,Victoria,British Columbia,Canada,2013-04-23,Active
108770,Emma,White,1948-08-15,Female,Quebec City,Quebec,Canada,1995-11-21,Active
108771,Sarah,Garcia,2002-07-23,Male,Brampton,Ontario,Canada,2024-08-24,Active
108772,Mia,White,2005-05-05,Male,Winnipeg,Manitoba,Canada,2025-09-14,Active
108773,Sarah,Lewis,1998-12-01,Male,Winnipeg,Manitoba,Canada,2017-04-22,Active
108774,Robert,Lewis,1944-02-29,Female,Laval,Quebec,Canada,2010-08-15,Active
108775,Sarah,Thomas,1971-01-15,Female,Montreal,Quebec,Canada,1995-08-16,Inactive
108776,Michael,Clark,1962-01-02,Male,Mississauga,Ontario,Canada,2009-07-18,Active
108777,Emma,Taylor,1971-04-24,Male,Quebec City,Quebec,Canada,2026-02-13,Active
108778,Olivia,Taylor,1946-12-03,Male,Laval,Quebec,Canada,1994-01-27,Active
108779,Michael,Lee,1978-01-31,Male,Toronto,Ontario,Canada,2006-10-10,Inactive
108780,Emily,Smith,1978-04-02,Male,Calgary,Alberta,Canada,2023-11-29,Active
108781,Emily,Thomas,1959-08-13,Female,Montreal,Quebec,Canada,1998-01-29,Active
108782,David,Martin,1979-10-01,Female,Brampton,Ontario,Canada,2014-06-05,Closed
108783,John,Jackson,1978-04-30,Male,Victoria,British Columbia,Canada,2002-05-31,Active
108784,Sophia,Clark,1984-03-10,Male,Montreal,Quebec,Canada,2014-12-12,Active
108785,David,Taylor,1958-10-06,Male,Ottawa,Ontario,Canada,1980-06-11,Active
108786,Sarah,Harris,1952-11-03,Male,Hamilton,Ontario,Canada,2018-09-09,Active
108787,David,Brown,1964-06-09,Female,Toronto,Ontario,Canada,2009-05-28,Active
108788,Jessica,Taylor,1945-02-04,Male,Quebec City,Quebec,Canada,1991-04-09,Active
108789,James,Wilson,1987-11-10,Female,Hamilton,Ontario,Canada,2021-06-08,Active
108790,William,Garcia,1960-09-26,Female,Ottawa,Ontario,Canada,2007-11-15,Active
108791,Emily,Taylor,1964-01-20,Male,Calgary,Alberta,Canada,2000-10-02,Active
108792,Daniel,Thompson,1947-03-30,Female,Red Deer,Alberta,Canada,1985-06-14,Active
108793,Jessica,Thomas,1977-01-08,Female,Laval,Quebec,Canada,1997-03-03,Inactive
108794,Michael,Harris,1946-03-22,Female,Calgary,Alberta,Canada,1977-06-21,Active
108795,Daniel,Lewis,1973-11-23,Male,Quebec City,Quebec,Canada,2005-11-18,Inactive
108796,Sophia,Clark,1960-08-17,Female,Brampton,Ontario,Canada,2000-09-27,Inactive
108797,William,Smith,1983-08-25,Male,Quebec City,Quebec,Canada,2026-07-11,Active
108798,Michael,Garcia,2006-12-05,Male,Ottawa,Ontario,Canada,2025-07-06,Active
108799,Emma,Lee,1979-07-10,Female,Laval,Quebec,Canada,2011-07-17,Active
108800,Sophia,Thompson,1994-08-12,Male,Saint John,New Brunswick,Canada,2013-02-21,Active
108801,Olivia,Wilson,1956-06-13,Male,Toronto,Ontario,Canada,1979-03-14,Active
108802,Sophia,Martin,1966-10-16,Male,Hamilton,Ontario,Canada,2005-03-04,Active
108803,Sophia,Martin,1995-06-02,Male,Hamilton,Ontario,Canada,2018-01-11,Inactive
108804,Sophia,Martin,1967-09-11,Male,Winnipeg,Manitoba,Canada,2012-07-31,Active
108805,Sarah,Jackson,2002-03-16,Male,Brampton,Ontario,Canada,2025-08-28,Active
108806,James,White,2002-07-31,Female,Winnipeg,Manitoba,Canada,2020-11-23,Active
108807,Emily,Martin,1991-01-07,Female,Toronto,Ontario,Canada,2011-12-09,Active
108808,Robert,Jackson,1985-09-14,Male,Calgary,Alberta,Canada,2016-09-23,Active
108809,Sophia,Garcia,1965-08-09,Female,Hamilton,Ontario,Canada,1987-11-20,Active
108810,Sarah,Thompson,1996-09-23,Female,Toronto,Ontario,Canada,2018-06-06,Inactive
108811,Mia,Anderson,2006-04-05,Female,Toronto,Ontario,Canada,2025-12-17,Active
108812,Emily,Martin,1998-06-17,Female,Toronto,Ontario,Canada,2016-11-16,Active
108813,Emily,Garcia,1965-10-28,Female,Toronto,Ontario,Canada,2010-04-21,Active
108814,Mia,White,1954-08-31,Male,Ottawa,Ontario,Canada,1977-11-24,Active
108815,Sarah,Thompson,2001-08-11,Female,Montreal,Quebec,Canada,2024-12-18,Active
108816,William,Brown,1945-01-05,Female,Laval,Quebec,Canada,2008-08-10,Active
108817,William,Thomas,1994-03-17,Female,Brampton,Ontario,Canada,2012-12-21,Active
108818,Mia,Thompson,1960-11-24,Male,Surrey,British Columbia,Canada,2004-08-25,Active
108819,Sophia,Lewis,1992-06-13,Female,Edmonton,Alberta,Canada,2018-02-05,Active
108820,Michael,Martin,1981-06-12,Female,St. John's,Newfoundland and Labrador,Canada,2025-06-19,Active
108821,Sarah,Martin,1951-04-15,Male,Laval,Quebec,Canada,1971-07-25,Active
108822,William,Thomas,2001-03-28,Female,Ottawa,Ontario,Canada,2024-04-19,Active
108823,Jessica,Thompson,2002-12-12,Female,Moncton,New Brunswick,Canada,2024-01-22,Active
108824,James,Thomas,1963-06-11,Female,Halifax,Nova Scotia,Canada,2024-12-21,Active
108825,Olivia,Smith,1954-01-01,Male,Regina,Saskatchewan,Canada,2012-02-28,Active
108826,Sophia,Taylor,1997-07-23,Female,Vancouver,British Columbia,Canada,2018-09-22,Active
108827,David,Martin,1971-07-26,Female,Surrey,British Columbia,Canada,1993-08-09,Active
108828,Michael,Lee,1985-09-19,Male,Regina,Saskatchewan,Canada,2017-01-30,Active
108829,Jessica,White,1995-12-13,Female,Quebec City,Quebec,Canada,2024-09-30,Active
108830,David,Clark,1985-03-27,Male,Mississauga,Ontario,Canada,2016-04-28,Active
108831,Ava,Garcia,1973-11-29,Female,St. John's,Newfoundland and Labrador,Canada,2012-02-01,Active
108832,Sophia,Harris,1989-02-15,Female,Calgary,Alberta,Canada,2017-05-10,Active
108833,Ava,Clark,1949-03-08,Female,Ottawa,Ontario,Canada,1989-04-13,Active
108834,Emily,Jackson,1976-03-23,Female,Ottawa,Ontario,Canada,2023-05-04,Active
108835,Ava,Jackson,1982-02-15,Male,Winnipeg,Manitoba,Canada,2004-07-18,Active
108836,James,Garcia,1986-06-09,Female,Hamilton,Ontario,Canada,2016-03-02,Active
108837,Robert,Martin,1957-11-20,Male,Victoria,British Columbia,Canada,2020-01-15,Active
108838,James,White,1993-12-23,Female,Mississauga,Ontario,Canada,2015-11-06,Active
108839,Olivia,Jackson,1964-09-28,Male,Brampton,Ontario,Canada,2001-04-17,Active
108840,Sarah,Lee,1981-02-17,Female,Surrey,British Columbia,Canada,2018-06-17,Active
108841,Robert,Smith,1988-06-14,Female,Moncton,New Brunswick,Canada,2009-01-12,Active
108842,Robert,Smith,1946-06-21,Male,Montreal,Quebec,Canada,1980-12-10,Active
108843,Jessica,White,2004-02-14,Male,Brampton,Ontario,Canada,2025-05-31,Active
108844,Michael,Smith,1976-03-02,Male,Mississauga,Ontario,Canada,1996-11-15,Active
108845,Sarah,Thomas,1944-07-08,Male,Brampton,Ontario,Canada,1986-08-11,Active
108846,Jessica,Harris,1981-08-11,Male,Saskatoon,Saskatchewan,Canada,2015-07-15,Active
108847,David,Jackson,1960-04-30,Female,Quebec City,Quebec,Canada,2019-06-09,Active
108848,David,Taylor,1999-02-23,Female,Halifax,Nova Scotia,Canada,2018-06-16,Closed
108849,William,Anderson,1954-05-27,Female,Calgary,Alberta,Canada,2001-05-24,Active
108850,Emily,Martin,1944-04-30,Male,Montreal,Quebec,Canada,2008-04-12,Active
108851,David,Lee,1989-09-22,Male,Ottawa,Ontario,Canada,2015-03-30,Active
108852,William,Garcia,1947-01-22,Male,Saint John,New Brunswick,Canada,1992-01-21,Active
108853,Emily,Harris,1956-07-17,Female,Brampton,Ontario,Canada,1998-07-06,Active
108854,Michael,Wilson,1967-03-07,Female,Calgary,Alberta,Canada,2021-02-11,Active
108855,Emily,Taylor,1998-11-30,Female,Quebec City,Quebec,Canada,2022-11-30,Active
108856,Michael,Jackson,1994-08-03,Male,Toronto,Ontario,Canada,2018-04-15,Active
108857,Michael,Taylor,1981-11-22,Female,Laval,Quebec,Canada,2000-02-24,Active
108858,David,Thompson,1974-07-06,Female,Toronto,Ontario,Canada,2006-01-16,Active
108859,Robert,Thomas,1986-04-24,Male,Surrey,British Columbia,Canada,2022-07-22,Active
108860,James,Clark,1963-03-26,Female,Quebec City,Quebec,Canada,2000-09-18,Active
108861,Ava,Anderson,1999-10-09,Female,Mississauga,Ontario,Canada,2021-04-09,Inactive
108862,Robert,White,1987-09-04,Male,Laval,Quebec,Canada,2020-08-28,Active
108863,Emma,Thompson,1980-11-05,Female,Montreal,Quebec,Canada,2025-11-14,Active
108864,Mia,Taylor,1975-10-10,Female,Regina,Saskatchewan,Canada,1998-11-17,Active
108865,Emma,Garcia,1983-09-30,Female,Winnipeg,Manitoba,Canada,2025-04-10,Active
108866,Emma,Harris,1980-02-22,Male,Victoria,British Columbia,Canada,2007-11-17,Active
108867,John,Martin,1987-01-25,Male,Moncton,New Brunswick,Canada,2017-09-26,Active
108868,William,Jackson,1970-12-26,Female,Brampton,Ontario,Canada,1999-01-29,Active
108869,Sophia,Lee,1962-10-12,Male,Brampton,Ontario,Canada,1981-10-08,Active
108870,Emily,Garcia,1989-09-05,Male,Hamilton,Ontario,Canada,2015-01-16,Active
108871,James,Wilson,1963-03-31,Male,Red Deer,Alberta,Canada,2021-05-04,Active
108872,Emily,Harris,1944-12-24,Male,Mississauga,Ontario,Canada,2021-01-15,Active
108873,Emma,Lewis,1948-08-01,Female,Red Deer,Alberta,Canada,1989-03-13,Active
108874,Emma,Anderson,1944-02-08,Female,Quebec City,Quebec,Canada,2002-11-12,Active
108875,William,Harris,1976-12-08,Male,Ottawa,Ontario,Canada,2019-05-30,Active
108876,David,Garcia,1987-01-07,Female,Laval,Quebec,Canada,2015-11-30,Active
108877,Robert,Anderson,1962-02-13,Male,Quebec City,Quebec,Canada,2017-11-29,Active
108878,Robert,White,1945-09-05,Male,Quebec City,Quebec,Canada,1971-10-21,Active
108879,William,Harris,1984-06-15,Male,Edmonton,Alberta,Canada,2025-01-17,Active
108880,Robert,Wilson,1965-03-30,Male,Vancouver,British Columbia,Canada,2008-04-07,Active
108881,Daniel,Wilson,1994-03-23,Male,Toronto,Ontario,Canada,2014-06-24,Active
108882,James,Harris,1967-01-29,Female,Vancouver,British Columbia,Canada,2018-04-18,Inactive
108883,Robert,Wilson,1984-12-11,Male,Brampton,Ontario,Canada,2024-12-25,Active
108884,Robert,Lee,1982-09-02,Female,Calgary,Alberta,Canada,2010-01-20,Active
108885,Michael,White,1961-11-13,Male,Hamilton,Ontario,Canada,2001-09-01,Inactive
108886,Mia,Thompson,1992-08-30,Female,Surrey,British Columbia,Canada,2025-02-10,Active
108887,Olivia,Thomas,1995-06-03,Female,Montreal,Quebec,Canada,2020-07-24,Active
108888,Mia,Anderson,1995-10-10,Male,Hamilton,Ontario,Canada,2018-04-22,Active
108889,Emily,White,1964-01-22,Female,Vancouver,British Columbia,Canada,2010-09-02,Active
108890,John,Thompson,1961-08-25,Female,Hamilton,Ontario,Canada,1987-03-11,Inactive
108891,Mia,Thomas,1962-03-25,Male,Vancouver,British Columbia,Canada,1996-01-26,Active
108892,Daniel,Anderson,1954-03-23,Female,Montreal,Quebec,Canada,2017-04-15,Active
108893,Olivia,Wilson,1999-05-27,Female,Toronto,Ontario,Canada,2018-04-08,Active
108894,William,Harris,2005-10-16,Male,Brampton,Ontario,Canada,2025-06-01,Active
108895,Sarah,Thompson,1996-01-19,Female,Victoria,British Columbia,Canada,2022-08-24,Active
108896,Sarah,White,1946-10-03,Male,Quebec City,Quebec,Canada,1996-10-01,Active
108897,Robert,Taylor,2003-07-03,Female,Montreal,Quebec,Canada,2023-07-08,Active
108898,Emily,Taylor,1995-04-09,Female,Brampton,Ontario,Canada,2025-09-02,Inactive
108899,Sophia,Thomas,1948-04-12,Female,Mississauga,Ontario,Canada,2015-02-07,Active
108900,James,Thomas,1945-04-08,Female,Surrey,British Columbia,Canada,2015-07-23,Active
108901,John,Taylor,1959-10-06,Female,Winnipeg,Manitoba,Canada,1982-07-08,Active
108902,Emma,Lee,1974-07-25,Male,Laval,Quebec,Canada,2026-06-02,Active
108903,Emily,Anderson,1966-03-09,Male,Montreal,Quebec,Canada,2005-08-29,Active
108904,Ava,Taylor,1984-05-31,Female,Montreal,Quebec,Canada,2019-03-10,Closed
108905,Jessica,Martin,1987-09-17,Male,Victoria,British Columbia,Canada,2013-08-16,Active
108906,Jessica,Clark,1974-02-04,Female,Calgary,Alberta,Canada,2012-02-18,Active
108907,Mia,Jackson,1967-11-12,Male,Ottawa,Ontario,Canada,2014-11-05,Active
108908,Jessica,Thompson,1979-07-30,Male,Surrey,British Columbia,Canada,2013-04-02,Active
108909,Robert,Brown,1950-07-21,Male,Brampton,Ontario,Canada,2001-09-17,Active
108910,Sarah,White,1945-08-06,Female,Toronto,Ontario,Canada,1986-01-17,Active
108911,David,Smith,1994-01-05,Male,Ottawa,Ontario,Canada,2026-07-20,Active
108912,William,Wilson,1953-09-18,Male,Toronto,Ontario,Canada,1981-08-27,Active
108913,Olivia,Harris,2005-11-25,Female,Toronto,Ontario,Canada,2024-12-07,Active
108914,Michael,Taylor,1978-11-09,Female,Mississauga,Ontario,Canada,2021-06-14,Active
108915,Olivia,Smith,1977-03-25,Female,Toronto,Ontario,Canada,2010-03-03,Active
108916,Emily,Wilson,1996-02-23,Male,Toronto,Ontario,Canada,2014-03-25,Active
108917,Robert,Garcia,1957-01-19,Male,Brampton,Ontario,Canada,1980-04-13,Inactive
108918,James,Harris,1978-07-20,Female,Ottawa,Ontario,Canada,2023-04-16,Active
108919,Olivia,Thomas,1973-05-22,Male,Red Deer,Alberta,Canada,2026-05-15,Active
108920,Emma,Lee,1975-06-20,Male,Laval,Quebec,Canada,2002-03-07,Inactive
108921,Olivia,Thomas,2002-03-15,Female,Hamilton,Ontario,Canada,2021-07-25,Active
108922,Daniel,Lewis,2006-04-04,Male,Brampton,Ontario,Canada,2024-10-31,Active
108923,Jessica,Thomas,1969-07-26,Female,Montreal,Quebec,Canada,2023-05-03,Active
108924,Daniel,Smith,1968-07-23,Male,Brampton,Ontario,Canada,1986-11-03,Active
108925,William,Brown,1960-12-01,Male,Toronto,Ontario,Canada,1983-07-21,Active
108926,Robert,Anderson,1968-04-14,Male,Toronto,Ontario,Canada,2000-10-26,Active
108927,David,Wilson,1971-03-22,Female,Quebec City,Quebec,Canada,2025-11-14,Active
108928,Ava,Wilson,1948-08-30,Female,Vancouver,British Columbia,Canada,1971-12-28,Inactive
108929,Jessica,Thomas,1958-08-08,Female,Montreal,Quebec,Canada,1993-04-03,Active
108930,Michael,Lee,1993-05-04,Male,Brampton,Ontario,Canada,2014-03-02,Active
108931,Emma,Taylor,1989-02-16,Female,Hamilton,Ontario,Canada,2013-07-18,Active
108932,Michael,Taylor,1948-04-07,Female,Winnipeg,Manitoba,Canada,2007-11-03,Active
108933,Emily,Lee,2000-03-18,Female,Surrey,British Columbia,Canada,2019-11-25,Closed
108934,Michael,Taylor,1952-07-30,Female,Surrey,British Columbia,Canada,1993-11-14,Active
108935,William,Clark,1954-03-18,Female,Saskatoon,Saskatchewan,Canada,1981-01-07,Active
108936,Jessica,Martin,1947-07-30,Female,Laval,Quebec,Canada,1966-03-31,Active
108937,Ava,Lewis,1953-10-21,Male,Brampton,Ontario,Canada,1999-03-19,Active
108938,Ava,Harris,1956-02-13,Female,Victoria,British Columbia,Canada,1990-10-08,Active
108939,Mia,Harris,2000-03-12,Male,Toronto,Ontario,Canada,2024-06-30,Closed
108940,David,Taylor,1971-08-26,Female,Victoria,British Columbia,Canada,1989-11-16,Active
108941,John,Harris,1956-04-06,Male,Laval,Quebec,Canada,1976-11-13,Active
108942,Mia,Thompson,1946-08-24,Male,Brampton,Ontario,Canada,2021-05-28,Active
108943,Mia,Lee,1959-07-17,Male,Brampton,Ontario,Canada,1998-10-11,Active
108944,Robert,Brown,1969-12-02,Female,Hamilton,Ontario,Canada,2021-04-05,Active
108945,James,Wilson,1971-09-27,Male,Laval,Quebec,Canada,1993-09-04,Active
108946,Jessica,Smith,1974-04-22,Female,Toronto,Ontario,Canada,2004-06-11,Active
108947,John,Garcia,1956-08-08,Female,Mississauga,Ontario,Canada,2010-11-03,Active
108948,James,Brown,1950-12-24,Male,Ottawa,Ontario,Canada,1982-11-07,Active
108949,Ava,Lewis,1974-07-10,Female,Edmonton,Alberta,Canada,2000-01-29,Active
108950,Sarah,Thomas,1947-06-22,Female,Red Deer,Alberta,Canada,1972-01-06,Active
108951,John,Anderson,2000-02-21,Female,Surrey,British Columbia,Canada,2021-02-08,Active
108952,Jessica,Lee,1963-10-22,Male,Montreal,Quebec,Canada,2013-06-10,Active
108953,William,Thompson,1985-02-24,Female,Montreal,Quebec,Canada,2010-01-17,Active
108954,Emily,Harris,1984-12-25,Male,Toronto,Ontario,Canada,2005-10-31,Active
108955,Mia,Lewis,1946-06-01,Female,Ottawa,Ontario,Canada,2003-05-04,Active
108956,David,Garcia,1982-04-01,Female,Ottawa,Ontario,Canada,2017-12-08,Active
108957,Jessica,Martin,1983-09-25,Male,Edmonton,Alberta,Canada,2011-12-01,Inactive
108958,Emma,Anderson,1951-12-23,Male,Quebec City,Quebec,Canada,1984-08-15,Active
108959,Daniel,Lee,1980-08-02,Female,Mississauga,Ontario,Canada,2019-02-18,Active
108960,Ava,Thompson,1949-10-15,Male,Laval,Quebec,Canada,2010-09-23,Inactive
108961,Daniel,Lee,1973-03-01,Male,Mississauga,Ontario,Canada,2012-06-17,Active
108962,Daniel,Lee,1955-10-10,Male,Quebec City,Quebec,Canada,1994-07-28,Active
108963,Mia,Harris,1964-08-07,Female,Surrey,British Columbia,Canada,2004-11-02,Active
108964,Jessica,Thomas,1999-01-31,Male,Calgary,Alberta,Canada,2018-05-24,Active
108965,Mia,Lee,2000-08-07,Male,Victoria,British Columbia,Canada,2018-08-15,Active
108966,Sophia,Lee,2002-09-11,Female,Winnipeg,Manitoba,Canada,2022-05-08,Active
108967,Olivia,Brown,2004-06-17,Female,Hamilton,Ontario,Canada,2024-08-23,Active
108968,David,Martin,1976-11-10,Female,Vancouver,British Columbia,Canada,2016-10-22,Active
108969,William,Martin,1998-04-21,Female,Winnipeg,Manitoba,Canada,2018-10-06,Active
108970,Emma,Garcia,2000-11-04,Male,Toronto,Ontario,Canada,2024-03-14,Active
108971,Jessica,Lee,1961-06-02,Male,Edmonton,Alberta,Canada,1993-12-12,Active
108972,Robert,Taylor,1952-04-11,Male,Halifax,Nova Scotia,Canada,2003-12-15,Active
108973,Robert,Lee,1968-12-14,Male,Victoria,British Columbia,Canada,1991-04-26,Active
108974,Sophia,Martin,1985-05-28,Male,Toronto,Ontario,Canada,2010-12-03,Active
108975,Michael,Brown,1951-06-21,Female,Ottawa,Ontario,Canada,1980-06-26,Active
108976,John,White,1984-11-14,Male,Vancouver,British Columbia,Canada,2017-12-26,Active
108977,Sophia,Wilson,1964-07-07,Male,Calgary,Alberta,Canada,2013-10-30,Active
108978,Robert,Lee,1972-04-22,Female,Toronto,Ontario,Canada,1991-11-03,Active
108979,Sophia,Garcia,1968-01-13,Male,Mississauga,Ontario,Canada,2002-03-11,Active
108980,Emily,Lewis,1990-06-25,Female,Mississauga,Ontario,Canada,2019-06-21,Active
108981,Ava,Martin,1964-10-12,Male,Quebec City,Quebec,Canada,2015-03-24,Active
108982,Sarah,Thomas,1973-12-04,Female,Edmonton,Alberta,Canada,2019-01-25,Active
108983,Mia,Jackson,1983-10-24,Male,Laval,Quebec,Canada,2020-12-19,Active
108984,Emma,Lee,1997-12-16,Male,Laval,Quebec,Canada,2017-06-08,Inactive
108985,David,Wilson,1972-11-05,Female,Victoria,British Columbia,Canada,2013-07-17,Active
108986,Ava,Lewis,1952-07-23,Male,Quebec City,Quebec,Canada,2016-05-15,Inactive
108987,Sophia,Jackson,1979-04-12,Male,Vancouver,British Columbia,Canada,2013-08-22,Active
108988,John,Harris,1945-02-02,Male,Ottawa,Ontario,Canada,2020-08-17,Active
108989,James,Thompson,1985-10-20,Female,Ottawa,Ontario,Canada,2022-07-17,Active
108990,Robert,Brown,1967-10-27,Male,Red Deer,Alberta,Canada,2024-12-28,Active
108991,James,Wilson,1984-09-18,Female,Laval,Quebec,Canada,2025-06-08,Active
108992,William,Wilson,1952-02-07,Female,Toronto,Ontario,Canada,1971-10-20,Active
108993,Ava,Garcia,1975-05-25,Female,Quebec City,Quebec,Canada,2006-08-14,Active
108994,Sarah,Brown,1955-04-14,Female,Victoria,British Columbia,Canada,2021-02-03,Active
108995,James,Martin,1978-11-08,Male,Hamilton,Ontario,Canada,1999-04-09,Active
108996,Sarah,Brown,1947-01-03,Female,Montreal,Quebec,Canada,1968-12-01,Active
108997,David,Garcia,1976-11-24,Male,Hamilton,Ontario,Canada,2003-11-01,Active
108998,Emma,Lee,1971-02-16,Male,Calgary,Alberta,Canada,2003-05-16,Active
108999,John,Jackson,1951-12-15,Female,Quebec City,Quebec,Canada,2005-02-27,Active
109000,Sophia,Taylor,1990-06-12,Female,Red Deer,Alberta,Canada,2018-06-09,Active
109001,Daniel,Jackson,1996-09-23,Male,Vancouver,British Columbia,Canada,2023-06-30,Active
109002,James,Thompson,1979-01-26,Female,Calgary,Alberta,Canada,2003-08-19,Active
109003,Olivia,Thompson,1976-10-15,Female,Hamilton,Ontario,Canada,2010-02-21,Active
109004,Daniel,Martin,1966-06-21,Male,Hamilton,Ontario,Canada,1999-01-04,Inactive
109005,Sophia,Harris,1961-05-13,Female,Winnipeg,Manitoba,Canada,2021-12-30,Active
109006,Jessica,Martin,1944-09-26,Female,Winnipeg,Manitoba,Canada,2020-10-15,Closed
109007,Sophia,Taylor,1974-03-10,Female,Winnipeg,Manitoba,Canada,2020-07-30,Active
109008,Daniel,Taylor,1976-01-27,Female,St. John's,Newfoundland and Labrador,Canada,1999-10-12,Active
109009,James,Lewis,1945-12-18,Male,Montreal,Quebec,Canada,1969-10-15,Active
109010,John,Harris,1964-08-23,Female,Laval,Quebec,Canada,2006-05-12,Inactive
109011,Daniel,Clark,1979-05-10,Male,Edmonton,Alberta,Canada,2018-02-06,Active
109012,William,Martin,1959-01-18,Female,Hamilton,Ontario,Canada,2018-01-30,Active
109013,Sophia,Jackson,1981-05-02,Female,Edmonton,Alberta,Canada,2021-02-08,Active
109014,Daniel,Harris,1972-06-12,Female,Edmonton,Alberta,Canada,1999-03-06,Active
109015,Emma,Thompson,2002-08-02,Male,Montreal,Quebec,Canada,2022-09-04,Active
109016,Michael,Wilson,1954-09-18,Male,Mississauga,Ontario,Canada,2023-03-01,Active
109017,William,Jackson,1946-05-01,Female,Surrey,British Columbia,Canada,2008-06-21,Active
109018,Sophia,Thompson,1964-04-05,Male,Saskatoon,Saskatchewan,Canada,2025-10-13,Active
109019,John,Brown,1994-06-03,Male,Brampton,Ontario,Canada,2015-07-15,Active
109020,Robert,Brown,2002-05-08,Male,Mississauga,Ontario,Canada,2022-01-11,Active
109021,Sophia,Wilson,1983-08-30,Female,Vancouver,British Columbia,Canada,2018-01-21,Active
109022,Emily,Harris,1982-06-26,Male,Red Deer,Alberta,Canada,2012-11-13,Active
109023,Sophia,Taylor,1989-08-15,Female,Surrey,British Columbia,Canada,2026-04-01,Active
109024,Sarah,Jackson,2006-05-10,Female,Quebec City,Quebec,Canada,2024-05-19,Closed
109025,Emma,Wilson,2003-05-13,Female,Hamilton,Ontario,Canada,2024-08-31,Active
109026,Mia,Taylor,1983-07-23,Female,Quebec City,Quebec,Canada,2025-09-06,Active
109027,Ava,Smith,1966-02-27,Male,Winnipeg,Manitoba,Canada,2006-10-14,Active
109028,John,Clark,1950-02-09,Male,Ottawa,Ontario,Canada,1976-02-23,Active
109029,Emily,Jackson,1954-06-26,Male,Hamilton,Ontario,Canada,1975-10-18,Active
109030,John,Wilson,1985-12-12,Female,Hamilton,Ontario,Canada,2013-08-31,Active
109031,David,White,1948-06-19,Female,Brampton,Ontario,Canada,2012-05-02,Active
109032,Robert,Lewis,1998-07-20,Female,Quebec City,Quebec,Canada,2023-05-10,Active
109033,Jessica,Clark,1974-02-08,Female,Red Deer,Alberta,Canada,1995-09-10,Active
109034,Daniel,Lewis,2001-07-02,Female,Quebec City,Quebec,Canada,2024-02-29,Active
109035,Emma,Jackson,1998-04-05,Female,Vancouver,British Columbia,Canada,2025-09-23,Active
109036,Robert,Thomas,1978-12-08,Female,Quebec City,Quebec,Canada,2016-05-03,Active
109037,Jessica,Anderson,1970-12-16,Male,Winnipeg,Manitoba,Canada,1998-09-18,Active
109038,Sophia,Anderson,1951-07-27,Male,Toronto,Ontario,Canada,1970-07-19,Active
109039,Ava,Lewis,2004-09-20,Female,Hamilton,Ontario,Canada,2024-12-10,Active
109040,David,Wilson,1984-07-06,Female,Quebec City,Quebec,Canada,2020-03-30,Active
109041,Sophia,Clark,1970-03-19,Female,Moncton,New Brunswick,Canada,2021-10-08,Active
109042,John,Lewis,1953-01-02,Male,Surrey,British Columbia,Canada,2012-07-12,Active
109043,Emily,Clark,1997-11-12,Female,Vancouver,British Columbia,Canada,2020-11-23,Active
109044,Daniel,Martin,1947-07-13,Male,Ottawa,Ontario,Canada,1998-11-14,Closed
109045,Ava,Clark,1986-02-11,Male,Mississauga,Ontario,Canada,2008-07-12,Active
109046,Sophia,Smith,1957-05-03,Female,Halifax,Nova Scotia,Canada,2012-11-16,Active
109047,Mia,Clark,1983-10-28,Female,Montreal,Quebec,Canada,2018-03-18,Active
109048,Emma,White,1950-02-10,Male,Surrey,British Columbia,Canada,1968-02-22,Active
109049,Daniel,Lee,1994-08-19,Male,Calgary,Alberta,Canada,2016-12-04,Closed
109050,Sophia,Brown,1972-01-23,Female,Surrey,British Columbia,Canada,1996-02-23,Active
109051,James,Lewis,1971-04-28,Male,Hamilton,Ontario,Canada,2025-09-06,Active
109052,Emily,Harris,2003-06-20,Male,Ottawa,Ontario,Canada,2021-11-07,Active
109053,James,Brown,1955-08-25,Female,Mississauga,Ontario,Canada,2001-02-26,Active
109054,Olivia,White,1985-08-09,Female,Saint John,New Brunswick,Canada,2010-10-26,Inactive
109055,Ava,Smith,1979-11-16,Male,Edmonton,Alberta,Canada,2024-07-16,Active
109056,Olivia,Brown,1987-10-02,Female,Montreal,Quebec,Canada,2010-01-04,Active
109057,Emma,White,1985-04-07,Female,Winnipeg,Manitoba,Canada,2025-06-04,Active
109058,David,Clark,1994-08-17,Male,Brampton,Ontario,Canada,2015-03-29,Active
109059,Ava,Brown,1966-03-26,Male,Hamilton,Ontario,Canada,1985-12-16,Active
109060,Emily,Taylor,1959-01-26,Male,Hamilton,Ontario,Canada,1997-11-17,Active
109061,Olivia,Thomas,1986-09-27,Male,Winnipeg,Manitoba,Canada,2015-08-24,Active
109062,Sophia,Harris,1980-01-23,Female,Toronto,Ontario,Canada,2015-11-25,Active
109063,Jessica,Smith,2001-06-30,Male,Hamilton,Ontario,Canada,2023-04-03,Active
109064,Robert,Martin,1988-11-30,Female,Toronto,Ontario,Canada,2017-08-24,Active
109065,Jessica,White,1958-12-05,Male,Quebec City,Quebec,Canada,1992-03-23,Active
109066,Jessica,Lee,1963-02-26,Female,Laval,Quebec,Canada,2019-03-31,Active
109067,Emma,Anderson,1987-07-27,Female,Brampton,Ontario,Canada,2017-02-07,Active
109068,Sarah,White,1968-06-01,Female,Red Deer,Alberta,Canada,2002-04-07,Active
109069,Sarah,Brown,2002-04-04,Female,Halifax,Nova Scotia,Canada,2020-10-03,Closed
109070,Sarah,Lewis,1988-03-08,Female,Hamilton,Ontario,Canada,2014-07-14,Active
109071,John,Clark,1967-05-18,Male,Saskatoon,Saskatchewan,Canada,2003-07-31,Active
109072,John,Thomas,1994-12-07,Female,Red Deer,Alberta,Canada,2013-01-29,Active
109073,James,Jackson,1987-09-30,Female,Winnipeg,Manitoba,Canada,2022-08-20,Inactive
109074,Jessica,Clark,1966-10-13,Female,Toronto,Ontario,Canada,2016-08-15,Active
109075,Daniel,Anderson,1970-09-23,Male,Edmonton,Alberta,Canada,1997-09-01,Active
109076,Emma,Taylor,1983-06-02,Male,Montreal,Quebec,Canada,2016-08-15,Active
109077,Olivia,Taylor,1959-07-20,Male,Ottawa,Ontario,Canada,1984-04-04,Active
109078,Michael,Thompson,1985-11-07,Female,Calgary,Alberta,Canada,2006-09-20,Active
109079,John,Taylor,1964-12-06,Male,Mississauga,Ontario,Canada,2012-04-16,Active
109080,William,Brown,2002-07-09,Male,Red Deer,Alberta,Canada,2021-09-12,Active
109081,Mia,Wilson,1980-02-20,Female,Vancouver,British Columbia,Canada,2024-06-08,Active
109082,James,Lee,1993-08-11,Male,Laval,Quebec,Canada,2014-03-09,Active
109083,Michael,Lewis,1978-09-02,Female,Ottawa,Ontario,Canada,2016-03-03,Closed
109084,James,Lee,1956-04-03,Male,Winnipeg,Manitoba,Canada,1995-08-12,Active
109085,Daniel,Anderson,1986-04-22,Female,Brampton,Ontario,Canada,2005-12-28,Active
109086,Ava,Jackson,1983-06-01,Male,Red Deer,Alberta,Canada,2002-05-17,Active
109087,Olivia,White,1953-05-06,Female,Vancouver,British Columbia,Canada,1979-01-17,Closed
109088,Sarah,White,2004-05-03,Female,Mississauga,Ontario,Canada,2025-09-15,Active
109089,Michael,Smith,1949-06-26,Male,Quebec City,Quebec,Canada,2026-02-21,Active
109090,William,Harris,1967-10-31,Male,Saint John,New Brunswick,Canada,1998-10-28,Active
109091,Sarah,Smith,1951-10-26,Female,Saskatoon,Saskatchewan,Canada,1985-02-05,Closed
109092,Robert,Anderson,1992-03-19,Female,Mississauga,Ontario,Canada,2025-04-30,Active
109093,Olivia,Anderson,1971-01-31,Male,Mississauga,Ontario,Canada,2004-05-30,Active
109094,Ava,Thompson,1977-12-20,Female,Hamilton,Ontario,Canada,2004-04-21,Active
109095,David,Lewis,2000-09-12,Male,Red Deer,Alberta,Canada,2023-02-09,Active
109096,David,Thompson,1971-08-01,Male,Brampton,Ontario,Canada,2003-03-03,Active
109097,John,Jackson,1975-02-18,Male,Toronto,Ontario,Canada,2003-03-20,Active
109098,Olivia,White,1979-12-05,Male,Hamilton,Ontario,Canada,2024-05-24,Active
109099,Daniel,White,2002-05-15,Male,Moncton,New Brunswick,Canada,2024-12-20,Active
109100,Robert,Wilson,1970-10-13,Male,Brampton,Ontario,Canada,1995-03-02,Active
109101,David,Lee,1959-09-19,Male,Vancouver,British Columbia,Canada,2006-09-12,Active
109102,John,Lewis,1964-01-14,Male,Toronto,Ontario,Canada,2019-10-12,Active
109103,Sarah,Taylor,1978-07-03,Female,Vancouver,British Columbia,Canada,2011-03-20,Active
109104,Olivia,Brown,1991-12-14,Female,Quebec City,Quebec,Canada,2012-06-25,Active
109105,David,Wilson,1998-01-23,Male,Winnipeg,Manitoba,Canada,2021-03-19,Active
109106,James,Martin,1977-07-23,Male,Surrey,British Columbia,Canada,2010-12-20,Closed
109107,Sarah,Smith,1974-02-15,Female,Toronto,Ontario,Canada,1999-01-28,Active
109108,Olivia,Brown,2002-11-24,Female,Quebec City,Quebec,Canada,2025-12-09,Active
109109,William,Martin,1986-04-24,Female,Toronto,Ontario,Canada,2005-03-01,Active
109110,David,Wilson,1944-07-20,Male,Mississauga,Ontario,Canada,1972-10-16,Inactive
109111,Michael,Brown,1985-03-04,Male,Saint John,New Brunswick,Canada,2005-09-08,Active
109112,Sophia,Smith,1992-06-20,Male,Quebec City,Quebec,Canada,2011-01-27,Active
109113,Emma,Thompson,1992-08-23,Female,Calgary,Alberta,Canada,2015-04-09,Active
109114,Sophia,Thomas,1953-11-29,Male,Hamilton,Ontario,Canada,1985-01-06,Active
109115,Sarah,Anderson,1976-02-04,Male,Winnipeg,Manitoba,Canada,2020-07-20,Active
109116,Olivia,Martin,1991-12-16,Male,Winnipeg,Manitoba,Canada,2014-05-03,Active
109117,William,Wilson,2002-11-22,Female,Victoria,British Columbia,Canada,2022-04-22,Active
109118,James,White,1998-10-28,Male,Hamilton,Ontario,Canada,2020-10-30,Active
109119,William,White,1993-09-19,Female,Winnipeg,Manitoba,Canada,2013-01-17,Active
109120,Olivia,Thompson,1993-05-24,Male,Winnipeg,Manitoba,Canada,2022-10-02,Active
109121,Jessica,Martin,1966-03-08,Male,Toronto,Ontario,Canada,2018-10-15,Active
109122,Ava,Thompson,1981-05-30,Male,Halifax,Nova Scotia,Canada,2000-09-18,Active
109123,Ava,Taylor,1946-03-06,Female,Winnipeg,Manitoba,Canada,2003-12-03,Active
109124,David,Wilson,1951-09-24,Male,Brampton,Ontario,Canada,2002-04-16,Active
109125,James,Harris,1959-12-18,Male,Brampton,Ontario,Canada,2025-06-30,Active
109126,Robert,Smith,2004-07-03,Female,Toronto,Ontario,Canada,2025-07-10,Active
109127,Mia,Jackson,1959-08-27,Male,Quebec City,Quebec,Canada,2022-01-15,Active
109128,Emma,Martin,1964-07-23,Male,Winnipeg,Manitoba,Canada,2018-02-28,Closed
109129,John,Clark,1994-10-27,Male,Winnipeg,Manitoba,Canada,2021-04-11,Active
109130,Michael,Martin,1945-10-11,Female,Brampton,Ontario,Canada,2024-07-25,Active
109131,Emily,Lee,1954-12-07,Male,Quebec City,Quebec,Canada,2005-11-17,Active
109132,Jessica,Harris,1944-02-13,Female,Laval,Quebec,Canada,2015-05-24,Active
109133,Ava,Jackson,1981-09-29,Female,Quebec City,Quebec,Canada,2011-09-28,Active
109134,Sophia,Taylor,1990-07-14,Female,Victoria,British Columbia,Canada,2010-05-28,Active
109135,David,Thompson,2002-08-04,Male,Surrey,British Columbia,Canada,2024-08-10,Active
109136,James,Clark,1996-06-24,Female,Mississauga,Ontario,Canada,2016-08-14,Active
109137,Jessica,Anderson,1989-10-04,Female,Brampton,Ontario,Canada,2017-05-13,Closed
109138,Emily,Brown,1994-08-04,Female,Winnipeg,Manitoba,Canada,2022-09-25,Active
109139,Mia,Smith,2001-12-08,Male,Toronto,Ontario,Canada,2025-10-25,Active
109140,Emily,Martin,1979-03-22,Female,Montreal,Quebec,Canada,2003-06-16,Active
109141,Sarah,Martin,1951-12-23,Female,Moncton,New Brunswick,Canada,2020-10-18,Active
109142,Robert,Brown,1983-10-23,Female,Edmonton,Alberta,Canada,2007-12-13,Active
109143,John,Smith,1963-08-12,Male,Vancouver,British Columbia,Canada,2016-12-31,Active
109144,Mia,Martin,2001-02-16,Female,Mississauga,Ontario,Canada,2025-07-12,Inactive
109145,Emma,Thomas,1977-06-15,Female,Vancouver,British Columbia,Canada,2015-12-08,Active
109146,Michael,Jackson,1985-10-22,Female,Surrey,British Columbia,Canada,2014-05-11,Active
109147,Olivia,Taylor,1976-06-26,Female,Montreal,Quebec,Canada,2013-05-11,Active
109148,William,Thompson,1966-02-15,Female,Brampton,Ontario,Canada,2001-01-02,Active
109149,Daniel,Garcia,2001-07-03,Male,Mississauga,Ontario,Canada,2020-04-08,Active
109150,Emma,Smith,2003-11-16,Male,Laval,Quebec,Canada,2024-02-15,Active
109151,Emma,Brown,2000-06-17,Male,Halifax,Nova Scotia,Canada,2018-08-18,Active
109152,Michael,Harris,2004-10-31,Female,Surrey,British Columbia,Canada,2023-10-25,Active
109153,Robert,Martin,1945-01-26,Male,Brampton,Ontario,Canada,2026-02-04,Active
109154,Emma,Wilson,1983-07-23,Female,Hamilton,Ontario,Canada,2003-10-03,Active
109155,Mia,Wilson,1970-06-29,Female,Laval,Quebec,Canada,1990-08-23,Active
109156,John,Thompson,1979-08-31,Female,Laval,Quebec,Canada,2026-01-02,Active
109157,Emma,Jackson,1972-07-20,Female,Brampton,Ontario,Canada,2016-09-27,Active
109158,Sarah,Brown,2003-01-08,Female,Saskatoon,Saskatchewan,Canada,2022-09-01,Active
109159,Emily,Martin,1995-08-07,Male,Winnipeg,Manitoba,Canada,2015-01-24,Inactive
109160,John,Brown,1993-01-07,Male,Regina,Saskatchewan,Canada,2019-01-11,Active
109161,Olivia,Taylor,1985-06-09,Female,Laval,Quebec,Canada,2025-05-10,Closed
109162,Olivia,Thompson,1951-06-24,Female,Edmonton,Alberta,Canada,1972-10-31,Active
109163,Jessica,Taylor,1955-05-01,Male,Surrey,British Columbia,Canada,2026-07-24,Inactive
109164,Sophia,Smith,2004-05-13,Male,Quebec City,Quebec,Canada,2023-01-02,Active
109165,Ava,Lee,1946-10-17,Female,Hamilton,Ontario,Canada,2025-01-18,Active
109166,Emma,Taylor,1989-08-20,Male,Brampton,Ontario,Canada,2009-07-30,Active
109167,Sophia,White,1980-10-26,Female,Ottawa,Ontario,Canada,2006-02-28,Active
109168,Ava,Clark,1990-07-23,Male,Winnipeg,Manitoba,Canada,2009-06-26,Closed
109169,Olivia,Lee,2006-04-24,Female,Victoria,British Columbia,Canada,2025-05-11,Active
109170,Olivia,Clark,1969-04-04,Female,St. John's,Newfoundland and Labrador,Canada,2012-11-28,Active
109171,Emily,Thomas,1981-04-01,Female,Montreal,Quebec,Canada,2003-01-11,Active
109172,Sophia,Clark,1944-07-13,Female,Brampton,Ontario,Canada,1963-08-13,Active
109173,John,Smith,1966-01-21,Male,Montreal,Quebec,Canada,1989-09-16,Active
109174,Sarah,Anderson,1961-02-12,Male,Ottawa,Ontario,Canada,2000-11-02,Active
109175,Daniel,Wilson,1995-11-12,Female,Winnipeg,Manitoba,Canada,2020-06-09,Active
109176,Mia,White,1964-11-10,Male,Brampton,Ontario,Canada,2011-12-28,Active
109177,John,Lewis,1963-03-12,Female,Toronto,Ontario,Canada,2024-03-07,Active
109178,Jessica,Garcia,1972-09-20,Male,Quebec City,Quebec,Canada,2003-10-09,Active
109179,Michael,Lee,1980-08-04,Female,Edmonton,Alberta,Canada,2015-01-22,Inactive
109180,Mia,Wilson,1988-03-08,Male,Montreal,Quebec,Canada,2009-04-04,Active
109181,Emma,Garcia,2005-04-06,Female,Ottawa,Ontario,Canada,2024-06-04,Active
109182,David,Thompson,1972-05-21,Female,Surrey,British Columbia,Canada,1998-06-28,Active
109183,Mia,Jackson,1982-06-02,Male,Mississauga,Ontario,Canada,2005-05-14,Active
109184,Sarah,Brown,1967-06-12,Male,Surrey,British Columbia,Canada,1991-10-11,Active
109185,Ava,Brown,1981-01-25,Female,Surrey,British Columbia,Canada,2000-04-14,Active
109186,Olivia,Lewis,1959-08-19,Female,Ottawa,Ontario,Canada,1992-02-12,Active
109187,James,Anderson,1959-02-02,Female,Laval,Quebec,Canada,1979-09-29,Active
109188,David,Martin,1992-05-31,Female,Brampton,Ontario,Canada,2016-03-15,Active
109189,Daniel,Lee,1986-02-14,Female,Mississauga,Ontario,Canada,2005-07-05,Active
109190,David,White,1993-08-12,Female,Vancouver,British Columbia,Canada,2017-08-01,Active
109191,John,Taylor,1989-08-16,Female,Brampton,Ontario,Canada,2023-01-20,Active
109192,Ava,White,1966-11-18,Female,Hamilton,Ontario,Canada,1994-03-15,Active
109193,Mia,Taylor,1993-04-11,Male,Surrey,British Columbia,Canada,2012-07-20,Closed
109194,Daniel,Wilson,1957-09-15,Female,Vancouver,British Columbia,Canada,1987-08-22,Active
109195,David,Clark,1944-05-15,Female,Red Deer,Alberta,Canada,1989-10-12,Active
109196,Michael,Thomas,1957-11-11,Male,Winnipeg,Manitoba,Canada,2008-05-06,Active
109197,Mia,Thompson,1987-04-02,Male,Laval,Quebec,Canada,2018-08-27,Active
109198,Robert,Thompson,1985-10-04,Female,Montreal,Quebec,Canada,2004-04-13,Active
109199,James,Harris,1990-05-17,Female,Montreal,Quebec,Canada,2025-05-02,Closed
109200,William,Harris,1992-09-02,Male,Edmonton,Alberta,Canada,2017-09-24,Inactive
109201,Daniel,Wilson,1957-10-28,Female,Laval,Quebec,Canada,1991-11-15,Active
109202,Jessica,White,1993-06-15,Female,Charlottetown,Prince Edward Island,Canada,2025-08-03,Active
109203,William,Garcia,1973-09-06,Male,Vancouver,British Columbia,Canada,1998-02-26,Active
109204,Mia,Wilson,1998-11-07,Female,Brampton,Ontario,Canada,2024-04-28,Active
109205,Jessica,Taylor,1945-05-21,Male,Red Deer,Alberta,Canada,2025-09-12,Active
109206,Ava,Thompson,1991-07-14,Female,Ottawa,Ontario,Canada,2015-03-28,Active
109207,William,Lee,1987-06-06,Male,Regina,Saskatchewan,Canada,2014-08-16,Active
109208,Jessica,Thomas,1974-08-12,Female,Brampton,Ontario,Canada,2011-04-17,Active
109209,William,Clark,1998-11-02,Male,Surrey,British Columbia,Canada,2024-12-27,Active
109210,Olivia,Wilson,1960-11-04,Female,Vancouver,British Columbia,Canada,2025-10-20,Active
109211,Sophia,Harris,1967-03-31,Female,Hamilton,Ontario,Canada,2008-08-03,Active
109212,Robert,Lee,1967-07-20,Male,Surrey,British Columbia,Canada,2015-01-01,Active
109213,Ava,Jackson,1974-03-29,Female,Ottawa,Ontario,Canada,2021-10-04,Active
109214,Emma,White,1961-11-15,Male,Hamilton,Ontario,Canada,2007-06-18,Active
109215,Mia,Wilson,1986-10-23,Female,Toronto,Ontario,Canada,2021-12-21,Active
109216,David,White,1950-04-08,Female,Red Deer,Alberta,Canada,2000-12-04,Active
109217,Olivia,Harris,1946-02-02,Female,Calgary,Alberta,Canada,1998-06-04,Active
109218,John,Lee,1953-01-24,Female,Brampton,Ontario,Canada,2020-10-14,Active
109219,John,Taylor,1972-01-20,Female,Edmonton,Alberta,Canada,2003-07-23,Active
109220,Ava,Thomas,1944-10-19,Male,Winnipeg,Manitoba,Canada,1975-03-29,Active
109221,Michael,Martin,1983-11-30,Male,Brampton,Ontario,Canada,2019-10-31,Active
109222,Emma,Lee,1956-05-24,Male,Charlottetown,Prince Edward Island,Canada,2004-08-22,Active
109223,Daniel,Taylor,1991-08-04,Male,Brampton,Ontario,Canada,2019-03-03,Active
109224,Robert,Thompson,1996-08-13,Female,Red Deer,Alberta,Canada,2018-11-01,Active
109225,John,Lewis,1997-08-12,Male,Montreal,Quebec,Canada,2023-07-09,Active
109226,Olivia,Martin,1977-11-02,Female,Halifax,Nova Scotia,Canada,2010-04-09,Active
109227,Olivia,Jackson,1977-06-22,Male,Ottawa,Ontario,Canada,2015-12-06,Active
109228,Sarah,Taylor,1968-07-14,Male,Brampton,Ontario,Canada,1988-02-19,Active
109229,Emma,Anderson,1952-05-23,Female,Calgary,Alberta,Canada,2022-10-26,Active
109230,Robert,Smith,1958-12-15,Male,Vancouver,British Columbia,Canada,2016-05-21,Active
109231,Emily,Wilson,1959-09-19,Female,Victoria,British Columbia,Canada,2002-01-20,Closed
109232,Robert,Jackson,1981-02-28,Female,Vancouver,British Columbia,Canada,2004-03-24,Active
109233,Emily,Wilson,1945-02-19,Female,Surrey,British Columbia,Canada,2025-08-10,Active
109234,Michael,Smith,2005-04-28,Female,Brampton,Ontario,Canada,2025-03-15,Active
109235,Sarah,Thompson,1951-06-07,Female,Hamilton,Ontario,Canada,1995-12-01,Active
109236,Emily,Brown,1965-12-03,Male,Toronto,Ontario,Canada,2023-05-22,Active
109237,Emily,Wilson,1964-12-28,Female,Mississauga,Ontario,Canada,2022-08-03,Closed
109238,Daniel,Harris,1997-05-24,Male,Edmonton,Alberta,Canada,2018-04-18,Active
109239,Jessica,Lewis,1983-07-02,Male,Hamilton,Ontario,Canada,2018-06-06,Active
109240,Sarah,Thompson,2003-03-03,Female,Montreal,Quebec,Canada,2022-12-21,Active
109241,Robert,Smith,2001-05-15,Female,Hamilton,Ontario,Canada,2019-08-25,Active
109242,David,Wilson,1993-07-30,Female,Winnipeg,Manitoba,Canada,2017-09-14,Active
109243,Jessica,Garcia,1953-04-17,Female,Toronto,Ontario,Canada,1984-08-13,Active
109244,Ava,Thompson,1981-04-05,Female,Brampton,Ontario,Canada,2014-03-02,Active
109245,Sophia,Thomas,1981-09-12,Female,Red Deer,Alberta,Canada,2011-08-29,Active
109246,Jessica,Lee,1963-01-11,Male,Brampton,Ontario,Canada,1991-07-13,Active
109247,Mia,Lewis,1946-05-17,Male,Edmonton,Alberta,Canada,1992-10-01,Active
109248,Mia,Garcia,1946-02-07,Female,Brampton,Ontario,Canada,2010-04-20,Active
109249,Sarah,Garcia,1968-03-28,Female,Red Deer,Alberta,Canada,2011-04-16,Active
109250,John,Garcia,1990-05-28,Male,Toronto,Ontario,Canada,2019-11-27,Active
109251,Jessica,Wilson,1954-08-02,Male,Hamilton,Ontario,Canada,1979-06-17,Active
109252,Jessica,Thompson,2004-03-23,Male,Montreal,Quebec,Canada,2022-08-21,Inactive
109253,Robert,Lee,1962-01-15,Female,Surrey,British Columbia,Canada,2009-08-22,Inactive
109254,Emma,Taylor,1987-06-03,Male,Calgary,Alberta,Canada,2016-03-31,Active
109255,Mia,Smith,1947-02-05,Male,Ottawa,Ontario,Canada,2003-11-02,Active
109256,Robert,Thomas,1946-04-13,Male,Victoria,British Columbia,Canada,1986-09-23,Active
109257,Sarah,Anderson,1975-11-13,Male,Toronto,Ontario,Canada,1997-05-22,Active
109258,Michael,Lee,1952-10-13,Female,Calgary,Alberta,Canada,1990-05-17,Inactive
109259,Michael,Jackson,1984-01-16,Female,Regina,Saskatchewan,Canada,2017-12-03,Active
109260,David,Martin,1968-10-03,Male,Mississauga,Ontario,Canada,2025-12-28,Active
109261,William,Lee,1958-07-19,Female,Mississauga,Ontario,Canada,2005-02-19,Active
109262,Robert,Garcia,2006-04-29,Female,Edmonton,Alberta,Canada,2025-04-10,Active
109263,Michael,Garcia,1968-12-28,Female,Winnipeg,Manitoba,Canada,2001-06-12,Active
109264,Daniel,Lee,1949-05-07,Male,Victoria,British Columbia,Canada,1968-10-07,Active
109265,Jessica,Thompson,1952-11-16,Male,Laval,Quebec,Canada,1981-10-26,Active
109266,Robert,Taylor,1964-01-10,Female,Calgary,Alberta,Canada,1997-11-14,Closed
109267,Emily,Thompson,1975-06-03,Female,Ottawa,Ontario,Canada,2013-10-29,Active
109268,Robert,Anderson,1978-10-08,Male,Charlottetown,Prince Edward Island,Canada,2014-09-11,Active
109269,Olivia,Anderson,1972-02-14,Female,Red Deer,Alberta,Canada,2002-03-27,Active
109270,Jessica,Martin,1951-01-20,Male,Winnipeg,Manitoba,Canada,1999-06-18,Active
109271,Ava,Anderson,1960-04-19,Male,Calgary,Alberta,Canada,1989-05-19,Active
109272,James,Smith,1951-05-30,Male,Saskatoon,Saskatchewan,Canada,1973-10-28,Closed
109273,Emma,Lee,1976-07-14,Female,Mississauga,Ontario,Canada,2003-11-23,Active
109274,William,Harris,1948-04-29,Male,Winnipeg,Manitoba,Canada,1976-06-21,Active
109275,James,Thompson,1992-10-27,Male,Ottawa,Ontario,Canada,2019-04-19,Active
109276,Olivia,Clark,1975-09-04,Male,Ottawa,Ontario,Canada,2019-01-21,Active
109277,Michael,Martin,1961-12-30,Male,Hamilton,Ontario,Canada,1987-11-13,Active
109278,Michael,Martin,1962-01-19,Male,Mississauga,Ontario,Canada,1980-05-21,Active
109279,Ava,Garcia,1946-06-18,Female,Laval,Quebec,Canada,1967-11-30,Active
109280,David,Anderson,1946-06-27,Female,Quebec City,Quebec,Canada,1978-10-27,Active
109281,Emily,Clark,1985-06-05,Male,Brampton,Ontario,Canada,2007-04-10,Active
109282,David,Thompson,1975-08-13,Male,Ottawa,Ontario,Canada,2026-01-11,Active
109283,John,Wilson,1951-12-18,Female,Mississauga,Ontario,Canada,1983-05-27,Active
109284,James,Wilson,1990-01-07,Male,Surrey,British Columbia,Canada,2020-03-30,Active
109285,James,Lewis,2005-01-10,Male,Quebec City,Quebec,Canada,2025-07-23,Active
109286,Sarah,Lewis,1986-02-19,Female,Vancouver,British Columbia,Canada,2009-08-31,Active
109287,Daniel,Lee,1999-09-30,Female,Edmonton,Alberta,Canada,2019-01-18,Active
109288,James,Brown,1987-02-10,Male,Vancouver,British Columbia,Canada,2009-04-17,Closed
109289,William,Lewis,2002-03-24,Male,Mississauga,Ontario,Canada,2025-11-21,Inactive
109290,Robert,Clark,1978-09-09,Male,Quebec City,Quebec,Canada,2009-03-05,Active
109291,Emily,Garcia,1995-04-06,Male,Quebec City,Quebec,Canada,2013-05-12,Active
109292,Ava,White,1993-03-21,Female,Toronto,Ontario,Canada,2021-03-10,Active
109293,Olivia,White,1964-12-20,Female,Winnipeg,Manitoba,Canada,2001-09-24,Active
109294,Mia,Jackson,1947-12-06,Male,Hamilton,Ontario,Canada,1976-04-26,Active
109295,Michael,Smith,1970-08-07,Male,Saint John,New Brunswick,Canada,1994-10-15,Active
109296,David,White,1956-01-06,Male,Brampton,Ontario,Canada,2013-05-24,Inactive
109297,Sophia,Taylor,1998-11-13,Male,Surrey,British Columbia,Canada,2019-12-10,Active
109298,Robert,Taylor,1988-04-22,Female,Toronto,Ontario,Canada,2007-02-27,Active
109299,Emma,Smith,2000-03-31,Male,Winnipeg,Manitoba,Canada,2024-09-11,Active
109300,Daniel,Jackson,1965-02-24,Female,Edmonton,Alberta,Canada,1991-08-04,Active
109301,David,Smith,1978-04-17,Female,Ottawa,Ontario,Canada,2026-07-30,Active
109302,Emma,Clark,1959-01-18,Female,Hamilton,Ontario,Canada,2006-05-03,Active
109303,Emily,Lewis,1974-01-24,Female,Surrey,British Columbia,Canada,2011-01-29,Active
109304,Emma,Clark,1945-09-14,Female,Brampton,Ontario,Canada,2008-03-01,Active
109305,Daniel,Anderson,1966-02-12,Female,Hamilton,Ontario,Canada,1993-07-20,Active
109306,John,Wilson,1998-09-18,Male,Saint John,New Brunswick,Canada,2023-05-28,Active
109307,Olivia,White,1982-10-08,Male,Victoria,British Columbia,Canada,2005-05-15,Active
109308,John,Thompson,1996-10-16,Male,Ottawa,Ontario,Canada,2017-11-24,Active
109309,Jessica,Smith,1992-04-26,Female,Quebec City,Quebec,Canada,2019-09-07,Active
109310,Daniel,Clark,1947-10-23,Female,Toronto,Ontario,Canada,1989-04-08,Active
109311,Sophia,Jackson,1974-03-18,Male,Edmonton,Alberta,Canada,2023-04-16,Active
109312,Mia,Clark,1963-03-06,Female,Hamilton,Ontario,Canada,1982-11-21,Active
109313,Daniel,Brown,1951-06-18,Female,Hamilton,Ontario,Canada,1975-02-28,Active
109314,Mia,Jackson,1957-07-08,Female,Hamilton,Ontario,Canada,1975-07-16,Active
109315,John,Jackson,1944-08-14,Male,St. John's,Newfoundland and Labrador,Canada,2020-08-30,Active
109316,John,Smith,1957-01-10,Male,Brampton,Ontario,Canada,1996-07-13,Active
109317,Ava,Thompson,1986-06-06,Female,Victoria,British Columbia,Canada,2023-12-27,Active
109318,Emily,Lewis,1960-04-04,Male,Montreal,Quebec,Canada,2004-07-23,Active
109319,Daniel,Harris,1989-09-22,Female,Calgary,Alberta,Canada,2024-01-10,Active
109320,Michael,Thomas,1962-09-18,Male,Ottawa,Ontario,Canada,2018-06-12,Active
109321,Robert,Martin,1947-06-02,Male,Calgary,Alberta,Canada,1971-05-26,Inactive
109322,Olivia,Thomas,1988-07-05,Male,Halifax,Nova Scotia,Canada,2025-11-30,Active
109323,Emma,Thomas,1954-06-07,Female,Toronto,Ontario,Canada,2000-02-29,Active
109324,Mia,Garcia,2005-02-06,Male,Toronto,Ontario,Canada,2025-03-27,Active
109325,Daniel,Harris,1971-01-30,Female,Saint John,New Brunswick,Canada,1998-03-16,Active
109326,Daniel,Taylor,1946-11-11,Male,Quebec City,Quebec,Canada,2015-04-30,Active
109327,Michael,Jackson,1958-12-22,Female,Calgary,Alberta,Canada,1981-02-01,Active
109328,John,Clark,1964-05-05,Male,Edmonton,Alberta,Canada,1988-02-15,Active
109329,Daniel,White,1975-05-13,Male,Brampton,Ontario,Canada,2000-12-18,Active
109330,Emily,Brown,1986-01-17,Female,Brampton,Ontario,Canada,2022-07-09,Active
109331,John,Clark,1964-01-02,Female,Hamilton,Ontario,Canada,2018-06-08,Active
109332,Daniel,Garcia,1963-04-10,Female,Quebec City,Quebec,Canada,1992-10-10,Active
109333,Jessica,Anderson,2002-06-09,Female,Montreal,Quebec,Canada,2023-11-09,Active
109334,Emma,Lee,1956-01-15,Male,Victoria,British Columbia,Canada,1995-08-09,Active
109335,Ava,Lee,1990-02-24,Female,Montreal,Quebec,Canada,2018-04-25,Closed
109336,William,Lee,1954-07-28,Male,Red Deer,Alberta,Canada,1973-09-22,Active
109337,William,Thomas,1960-07-05,Female,Toronto,Ontario,Canada,1999-06-13,Active
109338,Mia,Lewis,1981-09-02,Female,Montreal,Quebec,Canada,2012-04-21,Inactive
109339,Olivia,Clark,1950-02-23,Female,Hamilton,Ontario,Canada,1968-12-26,Active
109340,Robert,Lewis,1953-07-07,Female,Toronto,Ontario,Canada,2007-06-08,Active
109341,Olivia,Harris,1997-09-17,Female,Hamilton,Ontario,Canada,2019-11-29,Active
109342,Michael,Anderson,1950-01-30,Female,Winnipeg,Manitoba,Canada,1982-11-05,Active
109343,Daniel,Taylor,1953-01-13,Male,Brampton,Ontario,Canada,2014-10-09,Active
109344,Robert,Lee,1991-03-26,Female,Brampton,Ontario,Canada,2023-05-01,Active
109345,Ava,White,1973-08-24,Female,Victoria,British Columbia,Canada,2000-07-10,Inactive
109346,James,Lewis,1965-08-28,Male,Victoria,British Columbia,Canada,2023-06-29,Active
109347,Emma,Harris,1995-11-05,Female,Montreal,Quebec,Canada,2014-01-17,Active
109348,Robert,Harris,2000-05-10,Male,Ottawa,Ontario,Canada,2023-02-05,Active
109349,James,Brown,1951-06-05,Female,Mississauga,Ontario,Canada,2010-01-26,Active
109350,Jessica,Jackson,1975-04-10,Female,Toronto,Ontario,Canada,2001-06-03,Active
109351,Olivia,Harris,2002-04-02,Male,Brampton,Ontario,Canada,2022-08-08,Active
109352,Michael,Brown,1952-04-20,Male,Brampton,Ontario,Canada,2010-01-20,Active
109353,James,Wilson,1969-11-30,Female,Surrey,British Columbia,Canada,2001-12-19,Active
109354,John,Harris,1956-02-22,Male,Winnipeg,Manitoba,Canada,1989-08-13,Active
109355,Daniel,Taylor,1953-04-29,Female,Hamilton,Ontario,Canada,2007-03-11,Active
109356,John,Thompson,1999-07-14,Male,Mississauga,Ontario,Canada,2019-01-08,Active
109357,Olivia,Jackson,1984-12-09,Male,Winnipeg,Manitoba,Canada,2016-03-21,Active
109358,John,Jackson,1951-11-29,Male,Montreal,Quebec,Canada,1986-02-05,Active
109359,Sophia,Brown,1965-05-20,Female,Surrey,British Columbia,Canada,1997-03-07,Active
109360,Mia,Jackson,1963-11-17,Female,Winnipeg,Manitoba,Canada,2001-07-16,Active
109361,Olivia,Harris,2002-02-27,Female,Surrey,British Columbia,Canada,2024-12-04,Active
109362,Ava,Harris,1963-02-12,Female,Surrey,British Columbia,Canada,1991-05-25,Active
109363,Ava,Anderson,1951-01-17,Female,Brampton,Ontario,Canada,2007-10-07,Active
109364,James,Smith,2006-03-24,Male,Regina,Saskatchewan,Canada,2025-01-18,Active
109365,William,Lee,1947-12-27,Male,Surrey,British Columbia,Canada,2020-01-01,Active
109366,Sophia,Lee,2005-05-22,Female,Mississauga,Ontario,Canada,2024-09-06,Active
109367,William,Lewis,1964-04-30,Male,Montreal,Quebec,Canada,2000-11-27,Inactive
109368,Sophia,Anderson,1987-08-08,Female,Toronto,Ontario,Canada,2021-06-25,Active
109369,Sophia,Martin,1978-03-23,Female,Montreal,Quebec,Canada,1997-07-25,Active
109370,Ava,Wilson,1958-11-02,Female,Ottawa,Ontario,Canada,2019-07-29,Active
109371,Robert,Lewis,1978-05-03,Female,Vancouver,British Columbia,Canada,2006-06-12,Active
109372,William,Smith,1955-04-18,Female,Montreal,Quebec,Canada,2017-04-27,Active
109373,James,White,1975-10-25,Female,Laval,Quebec,Canada,2005-12-15,Active
109374,Robert,Clark,1947-10-14,Female,Vancouver,British Columbia,Canada,1977-07-19,Closed
109375,Robert,Thompson,1958-09-25,Male,Toronto,Ontario,Canada,1982-01-26,Active
109376,Daniel,Clark,1947-11-11,Male,Hamilton,Ontario,Canada,2015-02-05,Active
109377,Daniel,White,1983-05-30,Male,Quebec City,Quebec,Canada,2002-01-12,Active
109378,Emma,Brown,2003-04-10,Female,Montreal,Quebec,Canada,2024-09-22,Active
109379,Sophia,Smith,1946-09-10,Female,Saskatoon,Saskatchewan,Canada,2002-02-27,Inactive
109380,Olivia,Wilson,1982-01-08,Female,Toronto,Ontario,Canada,2006-05-10,Active
109381,James,Smith,1975-09-28,Male,Montreal,Quebec,Canada,2018-08-19,Active
109382,Sarah,Jackson,1956-06-29,Female,Regina,Saskatchewan,Canada,1994-02-09,Active
109383,Olivia,Smith,1987-08-27,Male,Victoria,British Columbia,Canada,2022-05-19,Active
109384,David,Wilson,1993-03-23,Female,Mississauga,Ontario,Canada,2016-07-22,Active
109385,Daniel,Jackson,2002-06-21,Male,Quebec City,Quebec,Canada,2025-04-20,Active
109386,Olivia,Garcia,1948-10-24,Female,Winnipeg,Manitoba,Canada,1992-11-09,Active
109387,Sophia,Thompson,1955-04-23,Female,Quebec City,Quebec,Canada,1997-10-21,Active
109388,Emma,Smith,1976-11-28,Male,Ottawa,Ontario,Canada,2021-09-27,Active
109389,Daniel,Lewis,1992-07-06,Male,Laval,Quebec,Canada,2012-02-07,Active
109390,William,Harris,1956-05-02,Male,Mississauga,Ontario,Canada,1995-11-15,Active
109391,William,Thomas,1966-05-16,Male,Montreal,Quebec,Canada,1986-03-19,Active
109392,Olivia,Thomas,1972-04-06,Male,Charlottetown,Prince Edward Island,Canada,1992-04-01,Inactive
109393,Daniel,Clark,1985-07-29,Male,Saint John,New Brunswick,Canada,2006-09-23,Active
109394,Daniel,Jackson,1958-06-07,Male,Surrey,British Columbia,Canada,2013-06-21,Active
109395,Michael,Taylor,1962-08-18,Male,Winnipeg,Manitoba,Canada,2016-09-30,Active
109396,Sarah,Jackson,1952-08-07,Female,Red Deer,Alberta,Canada,2014-09-22,Active
109397,David,Brown,1957-04-26,Male,Halifax,Nova Scotia,Canada,2026-04-08,Active
109398,Sarah,Wilson,2002-05-23,Male,Winnipeg,Manitoba,Canada,2023-12-25,Active
109399,Mia,Anderson,1991-04-01,Female,Winnipeg,Manitoba,Canada,2012-09-14,Active
109400,Sophia,Taylor,2001-12-15,Male,Hamilton,Ontario,Canada,2023-02-22,Active
109401,Sarah,Thomas,2003-03-13,Female,Brampton,Ontario,Canada,2024-03-23,Inactive
109402,Ava,Smith,1975-01-29,Female,Mississauga,Ontario,Canada,2019-01-05,Active
109403,Ava,Martin,1954-09-07,Female,Victoria,British Columbia,Canada,1998-05-28,Active
109404,Daniel,Brown,1993-07-13,Female,Saskatoon,Saskatchewan,Canada,2011-11-12,Active
109405,Sophia,Taylor,2006-02-28,Female,Charlottetown,Prince Edward Island,Canada,2026-04-05,Active
109406,William,Lee,1956-09-16,Female,Red Deer,Alberta,Canada,2005-01-22,Active
109407,Mia,Smith,1992-04-13,Female,Edmonton,Alberta,Canada,2012-01-19,Active
109408,William,Anderson,1969-01-03,Male,Laval,Quebec,Canada,2024-10-04,Active
109409,David,White,2002-06-08,Female,Laval,Quebec,Canada,2023-03-29,Active
109410,Michael,Anderson,1958-03-17,Female,Victoria,British Columbia,Canada,2016-04-14,Active
109411,Emma,Anderson,1985-05-12,Female,Brampton,Ontario,Canada,2020-04-30,Active
109412,Robert,Brown,1949-04-11,Male,Red Deer,Alberta,Canada,1983-08-21,Active
109413,Emma,Jackson,2002-07-15,Male,Victoria,British Columbia,Canada,2026-01-10,Active
109414,John,Garcia,1970-09-14,Female,Mississauga,Ontario,Canada,2023-07-17,Active
109415,Sarah,Harris,1974-12-26,Male,Vancouver,British Columbia,Canada,2024-09-03,Active
109416,Daniel,Lewis,1990-12-05,Female,Montreal,Quebec,Canada,2012-07-08,Active
109417,Daniel,Thompson,1958-07-07,Male,Edmonton,Alberta,Canada,1983-06-18,Active
109418,Michael,Garcia,1990-12-03,Male,Red Deer,Alberta,Canada,2018-08-17,Active
109419,John,Jackson,1951-04-14,Male,Hamilton,Ontario,Canada,1983-06-05,Active
109420,William,Martin,1971-12-07,Female,Red Deer,Alberta,Canada,2012-11-21,Active
109421,Sarah,Harris,1965-01-23,Female,Hamilton,Ontario,Canada,2012-06-07,Active
109422,Sophia,Clark,1972-02-13,Female,Toronto,Ontario,Canada,1991-05-13,Active
109423,Daniel,White,1980-04-15,Female,Laval,Quebec,Canada,2019-12-05,Active
109424,David,Jackson,1981-12-25,Female,Edmonton,Alberta,Canada,2003-05-18,Active
109425,David,Brown,1957-01-29,Male,Winnipeg,Manitoba,Canada,2004-08-04,Active
109426,Jessica,Clark,2002-10-14,Male,Toronto,Ontario,Canada,2023-12-27,Active
109427,Daniel,Jackson,1985-08-03,Female,Vancouver,British Columbia,Canada,2004-01-09,Active
109428,Mia,Garcia,1953-06-15,Female,Winnipeg,Manitoba,Canada,1981-06-10,Active
109429,Daniel,Thompson,1953-10-23,Male,Halifax,Nova Scotia,Canada,2001-06-06,Inactive
109430,Emily,Smith,1969-07-05,Female,Brampton,Ontario,Canada,2003-12-03,Active
109431,James,Martin,2005-03-22,Male,Brampton,Ontario,Canada,2024-11-08,Active
109432,Michael,White,2001-01-21,Female,Montreal,Quebec,Canada,2024-06-05,Active
109433,Emma,Taylor,1959-02-24,Female,Winnipeg,Manitoba,Canada,2011-04-09,Active
109434,William,Taylor,1978-07-27,Male,Brampton,Ontario,Canada,2015-05-23,Active
109435,Daniel,Martin,1964-09-15,Female,Quebec City,Quebec,Canada,2015-01-28,Active
109436,Emily,Brown,1993-12-14,Female,Charlottetown,Prince Edward Island,Canada,2024-10-25,Active
109437,James,Martin,1990-09-14,Female,Montreal,Quebec,Canada,2012-06-30,Active
109438,Sarah,Clark,1973-02-22,Female,Victoria,British Columbia,Canada,2023-11-13,Active
109439,William,Brown,1966-01-13,Male,Charlottetown,Prince Edward Island,Canada,2004-01-25,Closed
109440,Michael,Smith,2002-01-10,Male,Ottawa,Ontario,Canada,2026-03-06,Active
109441,Daniel,Smith,1970-05-02,Male,Brampton,Ontario,Canada,2012-10-20,Inactive
109442,Daniel,Thompson,2000-02-01,Male,Toronto,Ontario,Canada,2021-06-14,Active
109443,Michael,Clark,1945-11-19,Male,Vancouver,British Columbia,Canada,1966-08-22,Active
109444,Emily,Lee,1972-02-04,Female,Ottawa,Ontario,Canada,1994-07-21,Active
109445,Sophia,Smith,1978-04-23,Male,Brampton,Ontario,Canada,2015-03-10,Closed
109446,Robert,White,1944-04-25,Female,Mississauga,Ontario,Canada,2005-03-31,Active
109447,Ava,Smith,1947-12-11,Male,Laval,Quebec,Canada,1974-03-31,Active
109448,Jessica,Thomas,1979-09-01,Male,Red Deer,Alberta,Canada,2024-04-26,Active
109449,Sophia,Anderson,1991-02-24,Female,Quebec City,Quebec,Canada,2014-11-24,Active
109450,John,Martin,1956-11-05,Female,Calgary,Alberta,Canada,2014-09-16,Active
109451,Sophia,Lewis,2000-08-22,Female,Halifax,Nova Scotia,Canada,2024-11-05,Active
109452,William,Clark,1959-02-26,Male,Victoria,British Columbia,Canada,2011-08-31,Inactive
109453,Olivia,Smith,1947-03-26,Female,Vancouver,British Columbia,Canada,2021-06-02,Active
109454,Emma,Taylor,1971-01-27,Male,Mississauga,Ontario,Canada,2019-03-31,Active
109455,David,Anderson,1950-12-11,Female,Laval,Quebec,Canada,1978-06-06,Active
109456,David,Taylor,1972-05-07,Female,Hamilton,Ontario,Canada,2005-03-25,Active
109457,James,Thomas,1946-04-07,Male,Laval,Quebec,Canada,1999-11-13,Active
109458,Jessica,Martin,1998-03-22,Female,Halifax,Nova Scotia,Canada,2021-06-18,Active
109459,Sophia,Garcia,1984-06-02,Female,Brampton,Ontario,Canada,2015-02-10,Active
109460,Daniel,Lee,1945-12-20,Male,Mississauga,Ontario,Canada,1976-07-01,Active
109461,Michael,Thompson,2001-12-22,Male,Edmonton,Alberta,Canada,2026-06-23,Active
109462,Robert,Anderson,1962-08-04,Female,Charlottetown,Prince Edward Island,Canada,2011-07-14,Active
109463,Daniel,Wilson,1975-11-02,Male,Edmonton,Alberta,Canada,2020-04-05,Active
109464,Mia,Thomas,1983-11-02,Male,Ottawa,Ontario,Canada,2010-06-23,Active
109465,John,Garcia,1969-06-10,Male,Laval,Quebec,Canada,2013-06-30,Active
109466,William,Lee,1983-03-09,Female,Quebec City,Quebec,Canada,2008-01-01,Active
109467,Jessica,Thomas,1954-01-28,Male,Vancouver,British Columbia,Canada,2004-05-05,Active
109468,David,Wilson,1964-01-08,Female,Victoria,British Columbia,Canada,1993-03-18,Active
109469,Mia,Smith,1986-08-31,Female,Calgary,Alberta,Canada,2025-03-13,Active
109470,Mia,Brown,1955-03-18,Male,Brampton,Ontario,Canada,2000-07-05,Active
109471,William,Martin,1963-12-06,Male,Saint John,New Brunswick,Canada,2003-12-05,Active
109472,Sophia,Harris,1961-06-14,Female,Hamilton,Ontario,Canada,2004-12-11,Active
109473,Sophia,Martin,1951-11-29,Male,Hamilton,Ontario,Canada,1982-10-13,Active
109474,Olivia,Smith,2000-03-20,Male,Red Deer,Alberta,Canada,2025-03-13,Active
109475,Michael,Jackson,2005-12-12,Male,Montreal,Quebec,Canada,2024-09-20,Active
109476,James,Wilson,1960-07-23,Female,Montreal,Quebec,Canada,2022-08-22,Active
109477,William,Thomas,1997-10-04,Female,Hamilton,Ontario,Canada,2024-11-12,Active
109478,John,Martin,1974-12-24,Female,Mississauga,Ontario,Canada,2003-05-24,Active
109479,Robert,Anderson,1958-12-25,Male,Brampton,Ontario,Canada,2004-07-23,Active
109480,Jessica,Martin,2003-05-14,Male,Edmonton,Alberta,Canada,2023-02-15,Inactive
109481,Emily,Anderson,1952-02-21,Female,Hamilton,Ontario,Canada,1977-12-03,Active
109482,David,White,1951-06-17,Male,Charlottetown,Prince Edward Island,Canada,1985-07-18,Inactive
109483,James,Jackson,1969-11-09,Female,Edmonton,Alberta,Canada,2021-08-10,Active
109484,David,Thomas,1998-11-09,Female,Edmonton,Alberta,Canada,2019-10-27,Active
109485,Daniel,Brown,1962-11-07,Male,Winnipeg,Manitoba,Canada,2023-05-14,Active
109486,Sophia,Harris,1990-10-31,Female,Surrey,British Columbia,Canada,2021-10-28,Active
109487,William,Lee,1999-01-27,Female,Quebec City,Quebec,Canada,2021-05-11,Active
109488,Robert,Martin,1974-08-01,Female,Regina,Saskatchewan,Canada,2014-01-09,Active
109489,Emily,Garcia,1951-12-07,Male,Laval,Quebec,Canada,2020-01-07,Active
109490,John,Clark,2003-10-14,Female,Mississauga,Ontario,Canada,2022-03-01,Active
109491,David,Smith,1994-10-09,Male,Laval,Quebec,Canada,2023-11-29,Active
109492,James,Garcia,1948-09-08,Female,Ottawa,Ontario,Canada,2001-01-10,Active
109493,Sarah,Taylor,1980-08-04,Male,Vancouver,British Columbia,Canada,2026-01-31,Active
109494,Daniel,Martin,1997-11-03,Male,Charlottetown,Prince Edward Island,Canada,2025-01-06,Active
109495,Emily,Lee,1979-09-25,Female,Victoria,British Columbia,Canada,2023-08-23,Active
109496,Jessica,Lewis,1956-06-14,Male,Ottawa,Ontario,Canada,1977-08-05,Active
109497,William,Jackson,2002-11-30,Male,Hamilton,Ontario,Canada,2023-07-11,Active
109498,Mia,Clark,1966-04-25,Female,Ottawa,Ontario,Canada,2022-08-30,Active
109499,Mia,Martin,1944-01-12,Male,Hamilton,Ontario,Canada,1979-07-20,Active
109500,John,Brown,1951-09-16,Female,Quebec City,Quebec,Canada,1984-05-02,Active
109501,Mia,Taylor,1972-12-02,Female,Calgary,Alberta,Canada,2014-10-10,Active
109502,Michael,Lee,1975-03-16,Male,Vancouver,British Columbia,Canada,2004-03-03,Active
109503,David,Lewis,1983-03-22,Female,Vancouver,British Columbia,Canada,2016-03-10,Active
109504,Sarah,Lewis,1954-08-26,Female,Montreal,Quebec,Canada,1994-03-25,Active
109505,James,Thomas,1950-04-12,Female,Mississauga,Ontario,Canada,1994-08-09,Active
109506,William,Anderson,1960-01-27,Female,Victoria,British Columbia,Canada,1984-12-26,Active
109507,Michael,Clark,1947-07-23,Female,Laval,Quebec,Canada,2016-07-01,Active
109508,Sarah,Smith,1947-10-04,Female,Mississauga,Ontario,Canada,1971-10-03,Active
109509,Emma,Lewis,1984-04-02,Male,Surrey,British Columbia,Canada,2006-05-26,Active
109510,Mia,Martin,1963-03-22,Female,Mississauga,Ontario,Canada,1992-02-27,Active
109511,David,Martin,1953-12-07,Male,Mississauga,Ontario,Canada,1986-12-21,Active
109512,Emily,Jackson,1954-04-28,Male,Quebec City,Quebec,Canada,1972-08-12,Active
109513,Sarah,Lee,1994-05-23,Male,Hamilton,Ontario,Canada,2026-01-29,Active
109514,Daniel,Garcia,1987-03-06,Female,Vancouver,British Columbia,Canada,2017-07-31,Active
109515,Jessica,Smith,1946-11-02,Male,Brampton,Ontario,Canada,1995-02-05,Active
109516,Ava,White,1984-03-16,Male,Calgary,Alberta,Canada,2005-06-29,Active
109517,Daniel,Clark,1982-09-21,Male,Laval,Quebec,Canada,2017-02-27,Active
109518,James,Brown,1985-12-03,Male,Toronto,Ontario,Canada,2006-01-16,Active
109519,Mia,Garcia,1993-09-14,Female,Ottawa,Ontario,Canada,2015-10-13,Active
109520,Mia,Taylor,1986-08-03,Male,Halifax,Nova Scotia,Canada,2017-01-08,Active
109521,Robert,White,1988-11-07,Male,Montreal,Quebec,Canada,2026-04-27,Active
109522,Sarah,Lewis,1950-07-01,Female,Edmonton,Alberta,Canada,2002-12-20,Active
109523,Emma,White,2001-12-06,Male,Winnipeg,Manitoba,Canada,2023-02-24,Inactive
109524,Sarah,Smith,1957-06-21,Male,Hamilton,Ontario,Canada,2009-04-02,Active
109525,Sarah,Smith,1991-09-21,Female,Laval,Quebec,Canada,2022-02-19,Active
109526,Mia,Garcia,1990-06-18,Female,Vancouver,British Columbia,Canada,2017-08-19,Active
109527,Emma,Lewis,1974-06-28,Male,Edmonton,Alberta,Canada,2004-01-30,Active
109528,Sarah,Anderson,1974-05-18,Female,Montreal,Quebec,Canada,2022-09-13,Active
109529,Michael,Lee,2000-08-14,Female,Halifax,Nova Scotia,Canada,2021-01-26,Active
109530,Daniel,Jackson,1983-09-12,Female,Victoria,British Columbia,Canada,2004-10-24,Active
109531,Olivia,Smith,1960-04-17,Male,Winnipeg,Manitoba,Canada,1992-06-06,Inactive
109532,Robert,White,1947-07-26,Female,Mississauga,Ontario,Canada,2013-08-10,Active
109533,Emily,Lee,1952-06-22,Female,Laval,Quebec,Canada,1974-10-10,Active
109534,Jessica,Taylor,1968-05-03,Female,Hamilton,Ontario,Canada,2002-12-02,Active
109535,John,Lee,1985-12-29,Female,Saskatoon,Saskatchewan,Canada,2004-11-30,Active
109536,Emily,Martin,1971-08-05,Female,Toronto,Ontario,Canada,2023-02-01,Active
109537,Sophia,Thomas,1992-01-14,Female,Vancouver,British Columbia,Canada,2015-07-18,Active
109538,David,Thompson,1987-08-14,Male,Brampton,Ontario,Canada,2010-07-22,Active
109539,Emily,Jackson,1988-09-13,Male,Toronto,Ontario,Canada,2020-07-16,Active
109540,Olivia,Brown,2001-06-17,Female,Ottawa,Ontario,Canada,2026-04-16,Active
109541,James,Lewis,1949-01-24,Male,Red Deer,Alberta,Canada,1970-03-22,Active
109542,Jessica,Thomas,1980-03-12,Female,Mississauga,Ontario,Canada,2022-11-19,Active
109543,David,Harris,1965-07-13,Female,Edmonton,Alberta,Canada,2000-06-16,Active
109544,William,Garcia,1991-12-13,Female,Edmonton,Alberta,Canada,2012-11-04,Active
109545,Jessica,Brown,1994-11-22,Male,Charlottetown,Prince Edward Island,Canada,2013-11-24,Active
109546,James,Thompson,1984-07-16,Female,Victoria,British Columbia,Canada,2013-01-11,Active
109547,James,Thomas,1990-07-08,Female,Vancouver,British Columbia,Canada,2012-11-24,Inactive
109548,Daniel,Harris,2001-04-28,Female,Surrey,British Columbia,Canada,2021-02-08,Active
109549,Ava,Jackson,1979-01-20,Female,Hamilton,Ontario,Canada,2002-08-03,Active
109550,James,Garcia,1995-01-29,Male,Montreal,Quebec,Canada,2015-01-03,Active
109551,Sophia,Wilson,1950-08-04,Female,Edmonton,Alberta,Canada,2014-03-29,Inactive
109552,John,Brown,1959-07-31,Male,Toronto,Ontario,Canada,1996-08-16,Active
109553,Sarah,Jackson,2001-03-12,Female,Hamilton,Ontario,Canada,2025-03-07,Inactive
109554,Daniel,Brown,1958-01-02,Male,Surrey,British Columbia,Canada,2003-02-12,Inactive
109555,Sarah,Taylor,1944-08-04,Male,Red Deer,Alberta,Canada,1967-08-21,Closed
109556,John,Martin,2001-06-13,Male,Brampton,Ontario,Canada,2022-05-06,Active
109557,Sophia,Clark,1966-07-27,Male,Winnipeg,Manitoba,Canada,1988-03-21,Active
109558,Robert,Thompson,1981-08-21,Female,Ottawa,Ontario,Canada,2008-08-07,Active
109559,Sophia,Anderson,1992-07-20,Female,Laval,Quebec,Canada,2023-10-26,Active
109560,Jessica,Clark,1972-04-29,Male,Halifax,Nova Scotia,Canada,2002-03-29,Active
109561,Emily,Jackson,1945-04-16,Male,Montreal,Quebec,Canada,1978-05-22,Active
109562,Robert,Wilson,1988-02-09,Female,Laval,Quebec,Canada,2009-06-02,Active
109563,Jessica,Garcia,1985-03-01,Male,Regina,Saskatchewan,Canada,2006-04-14,Active
109564,Ava,White,1961-09-30,Male,Ottawa,Ontario,Canada,1990-03-13,Active
109565,Mia,Thomas,1985-07-11,Male,Mississauga,Ontario,Canada,2024-07-27,Active
109566,Mia,Martin,1994-12-10,Female,Halifax,Nova Scotia,Canada,2020-03-16,Active
109567,David,Thompson,2005-11-17,Female,Laval,Quebec,Canada,2026-01-22,Active
109568,Emily,Taylor,1977-03-31,Male,Moncton,New Brunswick,Canada,2000-03-29,Active
109569,William,Brown,1948-03-13,Female,Edmonton,Alberta,Canada,2003-01-05,Active
109570,Ava,White,1998-11-15,Female,Montreal,Quebec,Canada,2024-12-30,Active
109571,Ava,Smith,1971-05-08,Female,Laval,Quebec,Canada,2018-04-19,Active
109572,Mia,Martin,1984-07-21,Female,Montreal,Quebec,Canada,2020-04-21,Active
109573,Michael,Jackson,1999-12-04,Female,Toronto,Ontario,Canada,2024-07-01,Active
109574,Robert,Taylor,1960-05-23,Female,Laval,Quebec,Canada,2026-02-16,Active
109575,Olivia,Harris,1944-03-25,Female,Edmonton,Alberta,Canada,1987-03-02,Active
109576,Sophia,Thomas,2004-10-28,Male,St. John's,Newfoundland and Labrador,Canada,2024-01-15,Active
109577,William,Thomas,1954-02-22,Female,Saint John,New Brunswick,Canada,1977-04-11,Active
109578,Michael,Taylor,1969-05-09,Female,Moncton,New Brunswick,Canada,1994-07-10,Active
109579,Michael,Thompson,1993-10-09,Male,Ottawa,Ontario,Canada,2017-10-14,Active
109580,Olivia,Lewis,1992-04-02,Male,Laval,Quebec,Canada,2011-06-28,Active
109581,Daniel,Martin,1954-05-27,Male,Ottawa,Ontario,Canada,2013-06-30,Active
109582,Sarah,Taylor,1960-02-06,Male,Vancouver,British Columbia,Canada,1995-02-04,Active
109583,Emma,Clark,1987-05-22,Male,Halifax,Nova Scotia,Canada,2012-04-08,Active
109584,James,Brown,1970-04-11,Male,Winnipeg,Manitoba,Canada,2023-08-19,Active
109585,Sophia,Anderson,1975-09-22,Male,Edmonton,Alberta,Canada,1995-09-10,Active
109586,Robert,Smith,1990-07-06,Female,Hamilton,Ontario,Canada,2019-03-31,Active
109587,Mia,Clark,1998-03-16,Male,Laval,Quebec,Canada,2022-06-21,Closed
109588,Ava,Smith,1987-11-12,Male,Brampton,Ontario,Canada,2025-10-20,Active
109589,Sarah,Harris,1954-11-20,Male,Montreal,Quebec,Canada,1994-11-23,Active
109590,Robert,Wilson,2003-02-27,Male,Mississauga,Ontario,Canada,2026-03-11,Active
109591,David,Taylor,1979-06-16,Male,Calgary,Alberta,Canada,2017-03-14,Active
109592,Michael,Martin,1994-04-06,Female,Laval,Quebec,Canada,2017-09-24,Active
109593,Ava,Clark,1982-08-05,Male,Surrey,British Columbia,Canada,2014-05-23,Active
109594,Michael,Smith,1964-06-03,Male,Winnipeg,Manitoba,Canada,2001-10-18,Active
109595,Daniel,Wilson,1984-12-29,Female,Mississauga,Ontario,Canada,2017-04-03,Active
109596,Sarah,Anderson,1998-05-22,Female,Victoria,British Columbia,Canada,2019-06-19,Active
109597,Olivia,Lee,1995-12-27,Male,Calgary,Alberta,Canada,2018-03-04,Active
109598,Emma,Smith,2002-01-10,Male,Halifax,Nova Scotia,Canada,2024-12-13,Active
109599,Emily,Wilson,1947-06-04,Female,Hamilton,Ontario,Canada,2025-07-13,Active
109600,Sophia,Jackson,2004-02-09,Male,Surrey,British Columbia,Canada,2024-09-14,Active
109601,Emily,Anderson,1964-08-09,Male,Laval,Quebec,Canada,1997-02-10,Active
109602,Daniel,Smith,2000-09-23,Female,Mississauga,Ontario,Canada,2019-03-25,Active
109603,Michael,Harris,1977-03-21,Female,Ottawa,Ontario,Canada,2024-09-24,Active
109604,David,Martin,1987-10-23,Female,Montreal,Quebec,Canada,2024-12-20,Active
109605,Daniel,Wilson,1993-04-12,Male,Brampton,Ontario,Canada,2014-06-20,Active
109606,James,Thompson,1994-02-19,Female,Surrey,British Columbia,Canada,2023-07-20,Active
109607,Robert,Smith,1964-02-22,Female,Brampton,Ontario,Canada,2012-04-18,Active
109608,Daniel,Thompson,1984-10-24,Female,Toronto,Ontario,Canada,2025-01-24,Active
109609,Sarah,Taylor,1979-07-29,Male,Edmonton,Alberta,Canada,2012-03-21,Active
109610,Emma,Taylor,1964-02-21,Male,Brampton,Ontario,Canada,1993-03-31,Active
109611,Ava,Wilson,1946-05-19,Male,Ottawa,Ontario,Canada,1985-09-03,Active
109612,Olivia,Lewis,1995-06-01,Female,Mississauga,Ontario,Canada,2023-05-24,Active
109613,John,White,1970-08-19,Male,Mississauga,Ontario,Canada,1996-04-25,Active
109614,Daniel,Thompson,1958-05-03,Male,Laval,Quebec,Canada,2008-03-28,Inactive
109615,Olivia,Taylor,1965-03-23,Male,Calgary,Alberta,Canada,2019-02-24,Active
109616,Emily,Smith,1971-03-04,Male,Victoria,British Columbia,Canada,1993-10-15,Active
109617,Daniel,Smith,2006-09-21,Female,Mississauga,Ontario,Canada,2025-09-30,Active
109618,Daniel,Jackson,1965-08-22,Male,Ottawa,Ontario,Canada,1994-10-22,Active
109619,Daniel,Anderson,1952-05-25,Male,Red Deer,Alberta,Canada,1998-05-30,Active
109620,Emily,Garcia,1954-11-05,Female,Brampton,Ontario,Canada,1983-03-02,Active
109621,Michael,Garcia,2001-11-17,Female,Brampton,Ontario,Canada,2022-01-16,Active
109622,Sarah,Anderson,1994-05-01,Female,Ottawa,Ontario,Canada,2014-07-13,Active
109623,David,Jackson,1944-03-22,Female,Edmonton,Alberta,Canada,1987-09-17,Active
109624,Olivia,Thomas,1973-09-24,Male,Vancouver,British Columbia,Canada,2014-06-01,Active
109625,Emma,Thompson,1960-12-19,Male,Brampton,Ontario,Canada,1993-07-05,Active
109626,Sarah,Martin,1977-03-14,Male,Hamilton,Ontario,Canada,2022-06-14,Active
109627,William,Martin,1981-10-19,Female,Edmonton,Alberta,Canada,2016-01-26,Inactive
109628,Ava,Smith,1975-08-18,Female,Hamilton,Ontario,Canada,2026-04-07,Active
109629,Jessica,Thomas,1974-09-07,Male,Laval,Quebec,Canada,2015-08-23,Active
109630,Daniel,Lee,1987-06-07,Female,Calgary,Alberta,Canada,2009-12-30,Inactive
109631,James,Thomas,1988-11-06,Female,Brampton,Ontario,Canada,2018-01-29,Active
109632,James,Wilson,1955-01-30,Female,Hamilton,Ontario,Canada,2009-03-17,Active
109633,David,Wilson,1987-04-06,Male,Victoria,British Columbia,Canada,2015-06-05,Active
109634,David,Smith,1975-07-21,Male,Surrey,British Columbia,Canada,1996-02-23,Active
109635,Olivia,Garcia,1969-10-04,Female,Laval,Quebec,Canada,1994-10-13,Active
109636,Sarah,Smith,1960-05-24,Female,Quebec City,Quebec,Canada,1989-12-06,Active
109637,Ava,Harris,1978-11-11,Female,Montreal,Quebec,Canada,2009-03-03,Active
109638,Emily,Thomas,2005-03-19,Female,Laval,Quebec,Canada,2026-02-20,Active
109639,Mia,Brown,1973-05-18,Male,Hamilton,Ontario,Canada,1992-04-06,Active
109640,Emily,Lewis,1947-10-16,Female,Hamilton,Ontario,Canada,2023-02-08,Active
109641,William,Garcia,1959-05-01,Male,Ottawa,Ontario,Canada,2003-06-06,Active
109642,Olivia,Clark,2002-06-28,Male,Laval,Quebec,Canada,2026-06-26,Active
109643,Daniel,Lee,1994-07-14,Male,Mississauga,Ontario,Canada,2022-02-28,Active
109644,Robert,Lewis,1947-10-10,Male,Montreal,Quebec,Canada,1994-01-21,Active
109645,Sarah,Thompson,1994-09-29,Male,Vancouver,British Columbia,Canada,2014-05-13,Active
109646,Jessica,Harris,1950-11-19,Female,Charlottetown,Prince Edward Island,Canada,2011-05-27,Active
109647,William,Thompson,1962-12-05,Female,Vancouver,British Columbia,Canada,2008-10-10,Active
109648,Olivia,Jackson,2001-02-04,Male,Surrey,British Columbia,Canada,2021-11-21,Active
109649,Ava,Wilson,1984-11-01,Male,Toronto,Ontario,Canada,2022-04-17,Active
109650,Daniel,Thomas,1984-10-24,Male,Calgary,Alberta,Canada,2019-07-14,Active
109651,Robert,White,1957-07-07,Male,Laval,Quebec,Canada,1990-04-03,Active
109652,Daniel,Smith,1964-06-09,Male,Calgary,Alberta,Canada,1989-03-02,Active
109653,Emma,Clark,1949-11-14,Female,Moncton,New Brunswick,Canada,2006-08-08,Active
109654,Michael,Lewis,1981-01-24,Female,Ottawa,Ontario,Canada,2002-06-08,Active
109655,Ava,Jackson,1974-08-19,Female,Regina,Saskatchewan,Canada,2010-07-05,Active
109656,Daniel,White,1954-06-20,Female,Victoria,British Columbia,Canada,2025-10-15,Active
109657,Emma,Clark,1962-05-22,Female,Victoria,British Columbia,Canada,2014-09-28,Active
109658,Sophia,Jackson,1948-02-01,Male,Montreal,Quebec,Canada,1984-12-16,Active
109659,Sophia,Thompson,1948-01-12,Male,Toronto,Ontario,Canada,2024-04-20,Active
109660,Mia,White,1947-02-06,Male,Red Deer,Alberta,Canada,2020-05-02,Active
109661,Michael,Anderson,1964-05-03,Male,Hamilton,Ontario,Canada,2004-02-15,Inactive
109662,Emily,Garcia,1961-01-04,Female,Quebec City,Quebec,Canada,1980-02-03,Active
109663,John,Wilson,1955-11-15,Male,Hamilton,Ontario,Canada,2020-11-21,Active
109664,Robert,Taylor,1955-04-21,Male,Ottawa,Ontario,Canada,2017-09-03,Active
109665,James,Thompson,2003-10-24,Male,Surrey,British Columbia,Canada,2026-07-20,Active
109666,Olivia,Thompson,1969-05-29,Male,Red Deer,Alberta,Canada,2024-03-07,Active
109667,Jessica,Lee,1976-09-10,Female,Winnipeg,Manitoba,Canada,2010-06-06,Active
109668,Sophia,Thompson,1999-03-25,Male,Victoria,British Columbia,Canada,2017-05-17,Inactive
109669,Michael,Smith,2006-11-07,Female,Surrey,British Columbia,Canada,2025-07-26,Active
109670,Robert,Clark,1967-11-06,Male,Halifax,Nova Scotia,Canada,2001-09-26,Active
109671,Olivia,Jackson,1992-05-27,Male,Quebec City,Quebec,Canada,2015-04-17,Active
109672,Emma,Smith,1969-02-09,Male,Surrey,British Columbia,Canada,2019-01-30,Active
109673,Mia,Harris,1960-11-25,Female,Calgary,Alberta,Canada,2017-07-23,Active
109674,John,Wilson,1951-08-11,Male,Calgary,Alberta,Canada,1969-11-12,Active
109675,Daniel,Jackson,1965-12-14,Female,Calgary,Alberta,Canada,2022-12-25,Active
109676,James,White,2006-04-16,Male,Montreal,Quebec,Canada,2025-01-05,Active
109677,Emma,Brown,1954-08-30,Female,Quebec City,Quebec,Canada,1982-02-25,Active
109678,John,Clark,1953-02-24,Female,Surrey,British Columbia,Canada,1985-06-26,Active
109679,Emma,White,1960-02-11,Female,Victoria,British Columbia,Canada,1981-03-07,Active
109680,Michael,Lee,1965-04-24,Male,Montreal,Quebec,Canada,1989-02-08,Active
109681,James,Jackson,1968-01-15,Male,Hamilton,Ontario,Canada,1997-12-27,Active
109682,Mia,Harris,2003-08-01,Female,Brampton,Ontario,Canada,2022-01-11,Active
109683,Daniel,Clark,2002-08-07,Female,Quebec City,Quebec,Canada,2021-08-24,Active
109684,Daniel,Taylor,1972-08-29,Male,Toronto,Ontario,Canada,1999-08-16,Closed
109685,Jessica,Lewis,1999-11-23,Male,Montreal,Quebec,Canada,2024-08-14,Active
109686,Robert,Wilson,1965-04-20,Male,Toronto,Ontario,Canada,1991-12-21,Active
109687,Olivia,Lee,1968-11-02,Male,Brampton,Ontario,Canada,2023-06-07,Active
109688,Daniel,Martin,1989-01-20,Male,Edmonton,Alberta,Canada,2026-03-01,Active
109689,Robert,White,1998-09-06,Male,Montreal,Quebec,Canada,2020-01-17,Active
109690,William,Taylor,1946-01-30,Male,Calgary,Alberta,Canada,1965-06-18,Active
109691,James,Harris,1981-01-18,Female,Brampton,Ontario,Canada,2007-01-13,Active
109692,Robert,Harris,1964-03-27,Female,Toronto,Ontario,Canada,1987-12-27,Active
109693,Emily,Lee,1968-08-20,Female,Ottawa,Ontario,Canada,1987-11-28,Active
109694,Michael,Clark,1980-07-21,Female,Ottawa,Ontario,Canada,2021-03-30,Active
109695,John,White,1976-04-29,Female,Toronto,Ontario,Canada,1997-11-07,Active
109696,Jessica,Thomas,2006-06-08,Male,Quebec City,Quebec,Canada,2026-02-19,Active
109697,Daniel,Thomas,1971-11-01,Female,Hamilton,Ontario,Canada,2014-06-02,Active
109698,Michael,Thomas,2004-12-15,Male,Red Deer,Alberta,Canada,2024-09-09,Active
109699,Sophia,Smith,1986-10-15,Male,Montreal,Quebec,Canada,2011-10-09,Inactive
109700,Sophia,Smith,1983-06-14,Female,Hamilton,Ontario,Canada,2011-03-02,Active
109701,James,Garcia,1977-09-12,Male,Edmonton,Alberta,Canada,2005-04-19,Active
109702,David,Taylor,1965-06-05,Female,Laval,Quebec,Canada,1998-05-27,Inactive
109703,William,Jackson,1980-12-13,Female,Brampton,Ontario,Canada,2006-05-26,Active
109704,Olivia,Thompson,1978-08-27,Male,Laval,Quebec,Canada,2025-11-14,Active
109705,John,Martin,1950-09-13,Male,Victoria,British Columbia,Canada,2021-12-12,Active
109706,Emma,Thomas,2002-11-01,Female,Montreal,Quebec,Canada,2025-11-21,Active
109707,Robert,Garcia,1999-11-21,Female,Regina,Saskatchewan,Canada,2025-04-04,Active
109708,John,Wilson,1986-01-12,Female,Toronto,Ontario,Canada,2009-12-15,Inactive
109709,Emma,White,1986-03-02,Male,Laval,Quebec,Canada,2023-09-05,Active
109710,John,Brown,1953-05-26,Female,Red Deer,Alberta,Canada,1996-11-18,Inactive
109711,John,White,1981-08-07,Male,Vancouver,British Columbia,Canada,2004-01-10,Active
109712,Ava,Brown,2005-03-17,Male,Saint John,New Brunswick,Canada,2025-10-14,Active
109713,Sarah,Lee,1951-10-05,Female,Red Deer,Alberta,Canada,2024-08-21,Closed
109714,Daniel,Martin,2000-11-02,Male,Quebec City,Quebec,Canada,2025-04-17,Active
109715,Olivia,Taylor,1966-02-20,Male,Vancouver,British Columbia,Canada,1984-12-06,Active
109716,Jessica,Martin,1957-08-28,Male,Quebec City,Quebec,Canada,1981-11-16,Active
109717,Jessica,Thomas,2000-10-25,Female,Hamilton,Ontario,Canada,2019-11-07,Active
109718,James,White,1985-05-19,Female,Montreal,Quebec,Canada,2025-08-21,Active
109719,Emily,Wilson,1994-07-03,Female,Hamilton,Ontario,Canada,2020-01-07,Active
109720,Robert,White,1999-04-30,Male,Vancouver,British Columbia,Canada,2024-12-23,Active
109721,Emma,Brown,1944-09-05,Male,Victoria,British Columbia,Canada,1971-05-29,Active
109722,Sarah,Wilson,1957-11-22,Female,Regina,Saskatchewan,Canada,2001-06-16,Active
109723,John,Harris,1958-11-24,Male,Hamilton,Ontario,Canada,1995-06-06,Active
109724,Mia,White,2002-03-10,Male,Montreal,Quebec,Canada,2023-06-07,Inactive
109725,Robert,Anderson,1977-02-20,Male,Toronto,Ontario,Canada,2016-04-04,Active
109726,Robert,Smith,1955-05-06,Female,Quebec City,Quebec,Canada,2000-05-20,Closed
109727,Ava,Jackson,1987-12-31,Female,Ottawa,Ontario,Canada,2007-07-07,Active
109728,Sophia,Lewis,1966-07-02,Male,Laval,Quebec,Canada,2018-11-24,Active
109729,Emma,Thompson,1980-05-15,Male,Victoria,British Columbia,Canada,2024-01-24,Inactive
109730,Jessica,Smith,2003-06-02,Female,Hamilton,Ontario,Canada,2024-04-14,Active
109731,Mia,Lee,1961-01-02,Female,Victoria,British Columbia,Canada,1987-09-17,Active
109732,John,Jackson,2003-08-22,Male,Hamilton,Ontario,Canada,2025-09-21,Active
109733,Emily,Harris,1990-10-13,Male,Toronto,Ontario,Canada,2019-07-02,Active
109734,Robert,Smith,1945-06-19,Female,Winnipeg,Manitoba,Canada,2018-01-15,Active
109735,William,Anderson,1968-11-07,Female,Brampton,Ontario,Canada,2011-05-12,Active
109736,David,Garcia,1998-08-01,Female,Toronto,Ontario,Canada,2023-09-01,Active
109737,David,Anderson,1997-12-17,Female,Saskatoon,Saskatchewan,Canada,2024-05-11,Active
109738,Daniel,Wilson,1987-09-15,Female,Brampton,Ontario,Canada,2006-09-08,Active
109739,Mia,Brown,1987-07-03,Male,Ottawa,Ontario,Canada,2010-09-03,Active
109740,Jessica,Lewis,1998-12-02,Male,Quebec City,Quebec,Canada,2021-04-14,Active
109741,William,Clark,1952-12-15,Male,Surrey,British Columbia,Canada,2010-05-16,Active
109742,Daniel,Smith,1973-02-06,Female,Surrey,British Columbia,Canada,2000-03-11,Active
109743,Sarah,Lewis,1966-02-12,Male,Victoria,British Columbia,Canada,2003-03-26,Active
109744,David,Clark,2005-11-01,Male,Halifax,Nova Scotia,Canada,2023-12-15,Active
109745,Sarah,Thomas,1992-04-22,Male,Toronto,Ontario,Canada,2020-08-26,Closed
109746,Olivia,Martin,1991-02-20,Female,Montreal,Quebec,Canada,2020-07-04,Active
109747,David,Taylor,1950-01-03,Female,Moncton,New Brunswick,Canada,2000-02-15,Active
109748,Emily,Taylor,1991-11-03,Male,Toronto,Ontario,Canada,2018-06-20,Active
109749,Olivia,Thompson,1996-09-01,Male,Halifax,Nova Scotia,Canada,2026-08-25,Inactive
109750,Sarah,Taylor,1970-11-24,Female,Halifax,Nova Scotia,Canada,1991-03-17,Active
109751,Robert,Thomas,1998-05-26,Male,Halifax,Nova Scotia,Canada,2023-09-07,Active
109752,Emily,Thomas,1968-09-18,Female,Hamilton,Ontario,Canada,2011-07-22,Active
109753,Sophia,Wilson,1985-02-26,Male,Quebec City,Quebec,Canada,2013-10-02,Active
109754,David,Clark,1956-12-13,Female,Calgary,Alberta,Canada,1984-10-11,Inactive
109755,Emily,Thompson,1976-03-12,Male,Mississauga,Ontario,Canada,2024-07-19,Active
109756,Olivia,Clark,1947-09-02,Female,Montreal,Quebec,Canada,2022-11-03,Active
109757,Robert,White,1951-07-06,Male,Brampton,Ontario,Canada,1988-12-11,Active
109758,William,Wilson,2000-10-16,Male,Ottawa,Ontario,Canada,2024-04-12,Active
109759,Mia,Anderson,1988-03-09,Female,Calgary,Alberta,Canada,2008-05-27,Active
109760,William,Thomas,1981-03-19,Female,St. John's,Newfoundland and Labrador,Canada,1999-04-25,Active
109761,Emily,Lee,1969-06-28,Female,Hamilton,Ontario,Canada,2025-05-06,Inactive
109762,Michael,Taylor,1979-02-28,Female,Brampton,Ontario,Canada,2022-11-15,Inactive
109763,Mia,Thompson,1988-06-25,Female,Montreal,Quebec,Canada,2006-08-29,Active
109764,Emily,Brown,1965-04-18,Female,Mississauga,Ontario,Canada,1986-02-11,Active
109765,Sophia,Lee,1964-05-19,Male,Vancouver,British Columbia,Canada,1989-01-28,Inactive
109766,Jessica,Martin,1990-08-08,Female,Victoria,British Columbia,Canada,2008-10-23,Inactive
109767,William,Jackson,1978-01-08,Male,Quebec City,Quebec,Canada,2007-06-13,Active
109768,William,Thomas,1969-08-19,Male,Calgary,Alberta,Canada,2003-01-22,Active
109769,Olivia,Thomas,1972-03-02,Female,Brampton,Ontario,Canada,2014-05-10,Active
109770,Emma,Taylor,1994-12-27,Male,Hamilton,Ontario,Canada,2015-02-12,Active
109771,John,Harris,1976-08-12,Male,Red Deer,Alberta,Canada,2022-10-02,Active
109772,Emma,Clark,1949-01-10,Male,Ottawa,Ontario,Canada,2015-10-21,Active
109773,Emma,Taylor,1996-03-22,Female,Hamilton,Ontario,Canada,2022-12-08,Active
109774,John,Garcia,1959-08-03,Female,Vancouver,British Columbia,Canada,2023-12-14,Active
109775,John,Harris,1948-08-29,Male,Ottawa,Ontario,Canada,1978-03-06,Inactive
109776,Olivia,Garcia,1961-11-08,Male,Montreal,Quebec,Canada,2016-07-11,Active
109777,Emma,Garcia,1951-07-03,Male,Edmonton,Alberta,Canada,1994-06-11,Active
109778,William,Smith,1945-06-20,Male,Toronto,Ontario,Canada,1986-09-26,Inactive
109779,Jessica,Smith,1988-01-24,Male,Quebec City,Quebec,Canada,2020-01-28,Active
109780,Ava,Lewis,1985-10-18,Male,Toronto,Ontario,Canada,2010-06-23,Active
109781,Robert,Wilson,1963-06-01,Female,Vancouver,British Columbia,Canada,1982-04-03,Active
109782,David,Harris,1988-03-14,Female,Ottawa,Ontario,Canada,2013-03-18,Active
109783,Ava,Garcia,1946-05-23,Male,Red Deer,Alberta,Canada,2012-12-11,Active
109784,Robert,White,1970-01-16,Male,Hamilton,Ontario,Canada,1991-05-21,Inactive
109785,Sarah,Smith,1980-04-06,Male,Red Deer,Alberta,Canada,2022-07-10,Closed
109786,Daniel,Smith,1994-02-11,Male,Calgary,Alberta,Canada,2025-04-06,Active
109787,Sarah,Thompson,1961-03-19,Male,Red Deer,Alberta,Canada,2001-09-02,Active
109788,Robert,Lewis,2004-02-01,Female,Vancouver,British Columbia,Canada,2023-03-16,Active
109789,Olivia,Thomas,1967-06-23,Female,Hamilton,Ontario,Canada,2018-12-09,Inactive
109790,Olivia,Harris,1990-05-31,Male,Laval,Quebec,Canada,2012-12-23,Active
109791,David,Lee,1955-04-24,Male,Hamilton,Ontario,Canada,1984-06-01,Active
109792,Sarah,Clark,1986-06-01,Female,Mississauga,Ontario,Canada,2020-05-05,Active
109793,James,Harris,1979-05-14,Female,Laval,Quebec,Canada,2006-09-12,Inactive
109794,David,Martin,1972-04-29,Male,Surrey,British Columbia,Canada,2012-10-09,Active
109795,Ava,Lee,1959-12-21,Female,Montreal,Quebec,Canada,1989-02-06,Active
109796,Sarah,Garcia,1978-11-14,Male,Moncton,New Brunswick,Canada,2025-06-10,Active
109797,Jessica,Jackson,1969-11-21,Female,Vancouver,British Columbia,Canada,1996-06-20,Active
109798,Mia,Thompson,1962-02-24,Male,Montreal,Quebec,Canada,2025-10-17,Active
109799,Olivia,Anderson,1977-02-13,Female,Montreal,Quebec,Canada,2019-01-14,Active
109800,Sophia,Lewis,1959-05-19,Male,Montreal,Quebec,Canada,1997-12-11,Active
109801,Olivia,Brown,1985-03-15,Female,Laval,Quebec,Canada,2019-04-06,Active
109802,Sarah,Taylor,1945-08-26,Female,Hamilton,Ontario,Canada,2021-09-06,Active
109803,Jessica,Thomas,1959-05-27,Female,Laval,Quebec,Canada,2008-04-09,Active
109804,Robert,Taylor,1974-04-18,Female,Surrey,British Columbia,Canada,2025-02-14,Active
109805,Mia,Harris,1952-01-17,Male,Hamilton,Ontario,Canada,2022-01-11,Active
109806,Michael,Thompson,1958-03-07,Female,Brampton,Ontario,Canada,2019-05-27,Active
109807,Mia,Lewis,1970-10-02,Male,Hamilton,Ontario,Canada,2023-08-01,Active
109808,Mia,White,1973-06-11,Female,Hamilton,Ontario,Canada,2024-04-15,Active
109809,Michael,Martin,1965-06-28,Male,Toronto,Ontario,Canada,1984-07-02,Active
109810,Olivia,Harris,1995-03-07,Male,Edmonton,Alberta,Canada,2021-04-09,Active
109811,Ava,Smith,1976-03-16,Male,Vancouver,British Columbia,Canada,2015-11-12,Active
109812,Emily,Thompson,1967-02-17,Female,Toronto,Ontario,Canada,1989-11-17,Active
109813,William,Smith,1976-05-08,Female,Charlottetown,Prince Edward Island,Canada,2015-10-19,Inactive
109814,Mia,Harris,1964-04-12,Male,Vancouver,British Columbia,Canada,2020-06-07,Active
109815,Sarah,Lee,1947-03-16,Female,Hamilton,Ontario,Canada,2010-09-29,Active
109816,John,Garcia,1972-02-25,Male,Calgary,Alberta,Canada,2001-05-19,Active
109817,David,White,1966-10-28,Male,Edmonton,Alberta,Canada,2005-05-01,Active
109818,Olivia,Anderson,1975-03-20,Male,Laval,Quebec,Canada,2024-02-29,Active
109819,Daniel,Clark,1976-06-05,Female,Ottawa,Ontario,Canada,2003-02-21,Active
109820,David,Clark,1961-03-06,Female,Edmonton,Alberta,Canada,2003-11-01,Closed
109821,Sophia,Thomas,1972-08-23,Female,Toronto,Ontario,Canada,2020-10-30,Active
109822,John,Brown,1981-10-17,Male,Quebec City,Quebec,Canada,2012-12-14,Active
109823,David,Harris,1959-03-20,Male,Calgary,Alberta,Canada,1982-08-05,Active
109824,Daniel,Martin,1945-10-29,Female,Red Deer,Alberta,Canada,2016-01-25,Active
109825,James,Lee,1955-09-04,Male,Victoria,British Columbia,Canada,1991-10-02,Active
109826,William,Lewis,1974-08-17,Female,Brampton,Ontario,Canada,2005-11-04,Active
109827,Mia,Taylor,1987-07-12,Female,Toronto,Ontario,Canada,2023-05-04,Active
109828,Ava,Taylor,1984-11-20,Male,Red Deer,Alberta,Canada,2005-05-30,Inactive
109829,Mia,Lee,1992-10-07,Male,Victoria,British Columbia,Canada,2022-08-19,Active
109830,Robert,Anderson,1973-05-17,Female,Red Deer,Alberta,Canada,2019-01-13,Active
109831,James,Jackson,1999-04-25,Female,Ottawa,Ontario,Canada,2025-09-04,Active
109832,Emma,Anderson,2005-08-18,Female,Halifax,Nova Scotia,Canada,2024-07-05,Closed
109833,William,Thomas,1945-02-04,Female,Mississauga,Ontario,Canada,1964-08-04,Active
109834,Sophia,Harris,1953-10-07,Male,Brampton,Ontario,Canada,2018-03-17,Active
109835,John,Anderson,1969-02-22,Female,Calgary,Alberta,Canada,1993-04-02,Active
109836,Olivia,Jackson,1972-07-17,Female,Laval,Quebec,Canada,2023-08-17,Active
109837,Emily,Thomas,1956-12-23,Female,Victoria,British Columbia,Canada,2011-10-05,Active
109838,Mia,Brown,1962-05-20,Male,Laval,Quebec,Canada,1998-07-10,Active
109839,John,Garcia,1946-11-01,Female,Edmonton,Alberta,Canada,1987-10-18,Active
109840,Daniel,Lewis,2000-11-26,Male,Hamilton,Ontario,Canada,2024-02-09,Active
109841,Ava,White,1993-07-27,Male,Toronto,Ontario,Canada,2024-06-09,Active
109842,William,Taylor,1955-04-25,Female,Surrey,British Columbia,Canada,1974-04-03,Active
109843,Jessica,Martin,1969-03-29,Female,Calgary,Alberta,Canada,1988-01-26,Active
109844,Michael,Harris,1976-11-06,Female,Regina,Saskatchewan,Canada,2020-02-11,Active
109845,Olivia,Harris,1972-02-12,Female,Toronto,Ontario,Canada,2005-01-26,Active
109846,Robert,Harris,1970-09-25,Male,Vancouver,British Columbia,Canada,2006-02-27,Active
109847,Emily,Thompson,1978-10-17,Female,Mississauga,Ontario,Canada,1997-01-30,Inactive
109848,Mia,Smith,2001-10-14,Female,Toronto,Ontario,Canada,2021-08-08,Active
109849,Jessica,Brown,1977-02-04,Female,Toronto,Ontario,Canada,2014-01-27,Active
109850,Sarah,Brown,1979-02-17,Female,Hamilton,Ontario,Canada,2022-12-25,Active
109851,Michael,Wilson,1960-05-07,Female,Brampton,Ontario,Canada,1984-06-20,Active
109852,William,Lee,1973-05-03,Female,Hamilton,Ontario,Canada,2005-10-17,Active
109853,Emma,Thompson,1986-07-15,Male,Brampton,Ontario,Canada,2020-11-05,Active
109854,David,Martin,1980-12-14,Female,Calgary,Alberta,Canada,2021-10-09,Active
109855,Jessica,Thompson,1974-08-22,Male,Toronto,Ontario,Canada,2009-04-17,Active
109856,Sarah,Smith,1988-10-26,Male,Red Deer,Alberta,Canada,2015-03-02,Active
109857,Robert,Taylor,1957-09-28,Female,Calgary,Alberta,Canada,2018-03-14,Active
109858,Olivia,Garcia,1946-01-06,Female,Laval,Quebec,Canada,2023-07-03,Active
109859,William,Jackson,1963-08-27,Female,Vancouver,British Columbia,Canada,2016-03-20,Active
109860,Robert,White,1959-07-19,Male,Ottawa,Ontario,Canada,2010-06-23,Active
109861,Sarah,Garcia,2001-07-12,Male,Mississauga,Ontario,Canada,2024-06-19,Active
109862,Sophia,Brown,1958-11-07,Female,Vancouver,British Columbia,Canada,2010-02-01,Active
109863,Emma,Garcia,2001-05-25,Female,Victoria,British Columbia,Canada,2023-02-25,Active
109864,Jessica,Thompson,1970-03-07,Female,Montreal,Quebec,Canada,1992-12-10,Active
109865,Jessica,Jackson,1989-01-12,Female,Winnipeg,Manitoba,Canada,2024-08-10,Active
109866,Sophia,White,1980-04-23,Male,Victoria,British Columbia,Canada,2019-07-04,Active
109867,Robert,Brown,1944-05-03,Female,Quebec City,Quebec,Canada,1984-07-29,Active
109868,David,Taylor,2001-09-13,Male,Brampton,Ontario,Canada,2023-04-29,Active
109869,Sarah,Taylor,1973-12-13,Female,Winnipeg,Manitoba,Canada,1994-07-19,Active
109870,Jessica,Lewis,1979-08-23,Female,St. John's,Newfoundland and Labrador,Canada,2018-06-29,Active
109871,Jessica,Brown,1960-08-17,Male,Victoria,British Columbia,Canada,1998-05-18,Active
109872,Michael,Anderson,1955-06-07,Female,Calgary,Alberta,Canada,2019-08-11,Active
109873,Sophia,Brown,1946-06-15,Female,Montreal,Quebec,Canada,1978-05-30,Active
109874,William,Anderson,1977-02-16,Male,Ottawa,Ontario,Canada,2017-04-21,Active
109875,Mia,Smith,1963-09-17,Male,Saskatoon,Saskatchewan,Canada,1996-12-01,Active
109876,Olivia,Anderson,1970-12-31,Female,Surrey,British Columbia,Canada,2007-10-20,Active
109877,Ava,Thompson,2005-11-10,Female,Laval,Quebec,Canada,2024-10-03,Inactive
109878,Jessica,Garcia,1984-09-06,Female,Victoria,British Columbia,Canada,2023-02-12,Active
109879,Sarah,Thomas,1990-06-12,Male,Laval,Quebec,Canada,2012-03-22,Active
109880,Michael,Thompson,1984-02-14,Female,Toronto,Ontario,Canada,2020-03-28,Active
109881,William,Martin,1955-01-06,Male,Victoria,British Columbia,Canada,1974-05-30,Active
109882,Emma,Lewis,1985-08-03,Male,Mississauga,Ontario,Canada,2021-03-27,Active
109883,William,Clark,1999-11-23,Male,Hamilton,Ontario,Canada,2022-01-14,Active
109884,James,Taylor,2006-10-30,Male,Brampton,Ontario,Canada,2026-07-03,Active
109885,David,Harris,1946-12-28,Male,Mississauga,Ontario,Canada,1990-03-24,Active
109886,Emily,Garcia,1945-09-27,Male,Winnipeg,Manitoba,Canada,1972-06-05,Active
109887,Jessica,Anderson,2005-09-03,Male,Hamilton,Ontario,Canada,2025-09-14,Active
109888,Ava,Harris,1992-01-08,Female,Hamilton,Ontario,Canada,2018-04-30,Active
109889,Ava,Jackson,1945-01-07,Male,Edmonton,Alberta,Canada,1965-10-07,Active
109890,Sarah,Anderson,1997-11-08,Male,Edmonton,Alberta,Canada,2017-03-11,Active
109891,Emily,Wilson,2003-04-10,Female,Vancouver,British Columbia,Canada,2023-12-05,Closed
109892,Emma,Smith,1959-06-11,Female,Saint John,New Brunswick,Canada,2014-05-05,Active
109893,James,Garcia,1957-06-18,Female,Surrey,British Columbia,Canada,2025-10-29,Active
109894,Emily,Clark,1991-09-19,Male,Vancouver,British Columbia,Canada,2017-01-14,Closed
109895,Sarah,Martin,1963-01-23,Female,Laval,Quebec,Canada,2024-06-02,Active
109896,Sophia,Taylor,1950-08-12,Female,Mississauga,Ontario,Canada,2010-06-07,Active
109897,Emma,Smith,1987-10-18,Female,Laval,Quebec,Canada,2017-01-17,Active
109898,Jessica,Martin,1978-03-07,Female,Calgary,Alberta,Canada,1999-11-22,Active
109899,Jessica,Wilson,1961-06-11,Male,Vancouver,British Columbia,Canada,2019-04-08,Active
109900,Olivia,Harris,1964-04-23,Male,Red Deer,Alberta,Canada,2009-10-26,Active
109901,Emily,Lee,1973-07-27,Male,Victoria,British Columbia,Canada,2019-03-26,Active
109902,David,Smith,1958-05-13,Male,Vancouver,British Columbia,Canada,1982-01-15,Active
109903,Robert,Harris,1947-04-16,Female,Hamilton,Ontario,Canada,2023-01-22,Active
109904,Sophia,Lee,1984-10-08,Male,Brampton,Ontario,Canada,2011-03-17,Active
109905,Jessica,Thomas,1962-06-07,Female,Montreal,Quebec,Canada,1999-03-24,Active
109906,David,Clark,1969-05-13,Female,Hamilton,Ontario,Canada,2008-06-01,Active
109907,Mia,Clark,1963-07-03,Female,Regina,Saskatchewan,Canada,1982-12-14,Active
109908,Ava,White,1954-06-18,Male,Ottawa,Ontario,Canada,2009-12-13,Active
109909,Jessica,Anderson,1978-04-03,Female,Toronto,Ontario,Canada,2004-04-03,Active
109910,David,Thompson,1982-03-20,Male,Victoria,British Columbia,Canada,2013-06-20,Active
109911,Ava,Martin,1975-07-21,Male,Brampton,Ontario,Canada,2010-11-01,Inactive
109912,David,White,1975-12-06,Male,Laval,Quebec,Canada,2017-11-07,Active
109913,Daniel,Wilson,1989-01-15,Male,Ottawa,Ontario,Canada,2022-10-07,Active
109914,Emma,Garcia,1946-08-30,Female,Toronto,Ontario,Canada,1975-06-11,Active
109915,Sarah,Taylor,1992-09-30,Male,Victoria,British Columbia,Canada,2023-08-05,Active
109916,David,Wilson,1995-09-16,Female,Brampton,Ontario,Canada,2022-01-10,Active
109917,John,Brown,1953-07-27,Male,Quebec City,Quebec,Canada,2021-12-12,Inactive
109918,William,Jackson,2006-03-02,Female,Ottawa,Ontario,Canada,2025-02-17,Active
109919,Olivia,Brown,1972-10-06,Male,Laval,Quebec,Canada,2010-10-11,Active
109920,Olivia,Thomas,1965-07-24,Female,Laval,Quebec,Canada,1990-03-17,Active
109921,David,Taylor,1962-09-09,Male,Mississauga,Ontario,Canada,1996-10-31,Active
109922,Michael,Jackson,2006-03-14,Female,Surrey,British Columbia,Canada,2026-04-21,Active
109923,Olivia,Garcia,1978-08-04,Female,Laval,Quebec,Canada,2020-02-07,Active
109924,Michael,Jackson,2006-09-26,Female,Saskatoon,Saskatchewan,Canada,2026-08-15,Closed
109925,James,Harris,1989-02-25,Male,Edmonton,Alberta,Canada,2023-11-23,Active
109926,Sarah,Wilson,1973-04-03,Female,Montreal,Quebec,Canada,1999-09-27,Active
109927,Emily,Brown,1945-10-24,Female,Brampton,Ontario,Canada,1984-03-06,Active
109928,David,Lee,2002-01-01,Female,Edmonton,Alberta,Canada,2021-01-18,Active
109929,David,Martin,1958-05-07,Female,Laval,Quebec,Canada,2001-10-06,Active
109930,David,Smith,1993-04-14,Female,Calgary,Alberta,Canada,2023-01-16,Inactive
109931,William,Harris,1952-01-22,Female,Laval,Quebec,Canada,2016-10-07,Active
109932,James,Smith,1996-07-28,Female,Toronto,Ontario,Canada,2026-07-21,Active
109933,James,Brown,1945-09-15,Male,Red Deer,Alberta,Canada,1985-04-21,Active
109934,William,Thomas,1951-09-20,Male,Edmonton,Alberta,Canada,1993-07-22,Active
109935,James,Martin,1962-09-19,Female,Toronto,Ontario,Canada,2007-03-04,Active
109936,Robert,Martin,1993-02-27,Female,Surrey,British Columbia,Canada,2023-06-04,Active
109937,Emily,Garcia,2006-10-24,Male,Montreal,Quebec,Canada,2026-08-05,Active
109938,James,Wilson,1958-11-26,Male,Quebec City,Quebec,Canada,1984-03-23,Active
109939,Jessica,Wilson,1980-04-21,Male,Winnipeg,Manitoba,Canada,2008-01-03,Active
109940,Jessica,White,1991-02-03,Male,Toronto,Ontario,Canada,2013-02-05,Active
109941,Emily,Lewis,2000-02-08,Female,Brampton,Ontario,Canada,2020-03-29,Active
109942,Jessica,Thompson,1958-11-11,Female,Brampton,Ontario,Canada,1983-11-18,Active
109943,Emma,Thompson,1951-01-08,Male,Saskatoon,Saskatchewan,Canada,2003-04-14,Active
109944,John,Brown,1993-05-21,Male,Toronto,Ontario,Canada,2021-07-25,Active
109945,Michael,Lewis,1946-02-11,Male,Vancouver,British Columbia,Canada,1991-05-09,Active
109946,Robert,Lee,2000-04-22,Female,Calgary,Alberta,Canada,2023-03-21,Active
109947,Olivia,Harris,1969-05-02,Female,Edmonton,Alberta,Canada,2014-07-31,Active
109948,Mia,Thomas,1975-08-11,Male,Mississauga,Ontario,Canada,2015-06-28,Active
109949,Mia,Martin,1975-04-04,Male,Brampton,Ontario,Canada,2024-10-17,Active
109950,Emily,Martin,1971-04-18,Female,St. John's,Newfoundland and Labrador,Canada,1995-08-10,Active
109951,Daniel,Lewis,1944-10-13,Female,Quebec City,Quebec,Canada,2023-10-26,Active
109952,Daniel,Brown,1953-03-06,Female,Hamilton,Ontario,Canada,1975-09-07,Active
109953,James,White,1966-03-31,Male,Mississauga,Ontario,Canada,1985-06-25,Active
109954,Daniel,Thompson,1958-11-13,Female,Calgary,Alberta,Canada,2003-06-17,Active
109955,Sarah,Thomas,1995-06-02,Female,Winnipeg,Manitoba,Canada,2019-10-24,Inactive
109956,David,Clark,2006-07-05,Female,Quebec City,Quebec,Canada,2025-08-26,Active
109957,Sophia,Smith,1956-12-22,Male,Ottawa,Ontario,Canada,2026-04-30,Inactive
109958,Emma,Brown,1990-01-15,Male,Vancouver,British Columbia,Canada,2015-11-22,Active
109959,Robert,Garcia,1975-11-18,Male,Brampton,Ontario,Canada,2021-09-02,Active
109960,Mia,Brown,1992-06-14,Female,Winnipeg,Manitoba,Canada,2021-07-11,Active
109961,John,Jackson,1992-01-29,Female,Mississauga,Ontario,Canada,2011-02-16,Active
109962,Mia,Anderson,1995-04-14,Male,Ottawa,Ontario,Canada,2018-11-20,Closed
109963,Sophia,Thompson,2004-08-09,Female,Mississauga,Ontario,Canada,2023-02-20,Active
109964,David,Smith,1980-10-08,Female,Ottawa,Ontario,Canada,2022-08-30,Inactive
109965,Jessica,Thomas,2002-03-19,Male,Hamilton,Ontario,Canada,2022-07-30,Active
109966,Robert,Lee,1971-10-16,Female,Vancouver,British Columbia,Canada,2018-06-20,Inactive
109967,Sophia,Thomas,1947-01-18,Female,Quebec City,Quebec,Canada,1969-08-08,Active
109968,Michael,Harris,1965-12-05,Male,Surrey,British Columbia,Canada,1998-04-11,Active
109969,David,Lee,1987-08-22,Female,Toronto,Ontario,Canada,2022-06-29,Inactive
109970,Robert,Martin,1945-09-19,Male,Toronto,Ontario,Canada,2020-01-03,Active
109971,Michael,Garcia,1996-02-12,Female,Quebec City,Quebec,Canada,2014-06-12,Active
109972,Robert,Lee,1995-01-05,Female,Quebec City,Quebec,Canada,2019-09-24,Active
109973,Jessica,Martin,1958-08-19,Female,Brampton,Ontario,Canada,2020-06-23,Active
109974,Jessica,Clark,1998-06-27,Female,Red Deer,Alberta,Canada,2021-03-19,Active
109975,Emily,White,1992-11-11,Male,Brampton,Ontario,Canada,2015-08-06,Active
109976,Michael,Clark,1965-08-09,Male,Mississauga,Ontario,Canada,2014-08-26,Active
109977,David,Martin,2002-04-07,Female,Hamilton,Ontario,Canada,2025-05-03,Active
109978,Mia,Thomas,1976-06-12,Male,Victoria,British Columbia,Canada,2025-04-04,Active
109979,David,Harris,1972-02-18,Female,Ottawa,Ontario,Canada,2023-06-14,Inactive
109980,John,Thomas,1980-05-31,Male,Brampton,Ontario,Canada,1999-05-09,Active
109981,Daniel,Thomas,2006-02-04,Male,Laval,Quebec,Canada,2026-03-08,Active
109982,James,Anderson,1985-06-02,Female,Mississauga,Ontario,Canada,2007-06-29,Active
109983,William,White,1976-05-09,Female,Brampton,Ontario,Canada,2021-05-25,Closed
109984,Emma,Thomas,1984-12-10,Female,Victoria,British Columbia,Canada,2022-01-17,Active
109985,Robert,Martin,1990-05-25,Female,Surrey,British Columbia,Canada,2012-08-13,Inactive
109986,Olivia,Thomas,1956-05-23,Male,Toronto,Ontario,Canada,1997-06-26,Active
109987,Sarah,White,1977-06-07,Female,Toronto,Ontario,Canada,2019-07-04,Active
109988,William,Wilson,1987-04-05,Female,Toronto,Ontario,Canada,2023-08-23,Active
109989,Jessica,Thomas,1956-02-09,Female,Charlottetown,Prince Edward Island,Canada,2019-11-25,Active
109990,Emily,Thomas,1991-05-30,Male,Calgary,Alberta,Canada,2015-06-23,Active
109991,Robert,Lee,1944-08-31,Female,Brampton,Ontario,Canada,1967-09-24,Active
109992,David,Jackson,1945-02-01,Male,Moncton,New Brunswick,Canada,2025-02-09,Active
109993,Mia,Smith,1968-09-01,Female,Montreal,Quebec,Canada,2021-04-06,Active
109994,Michael,Anderson,1982-12-05,Male,Hamilton,Ontario,Canada,2006-06-27,Active
109995,Ava,Thompson,1951-06-22,Female,Halifax,Nova Scotia,Canada,2002-10-30,Active
109996,Sarah,Wilson,1970-04-03,Female,Victoria,British Columbia,Canada,2024-09-14,Active
109997,Ava,Wilson,1955-09-13,Female,Laval,Quebec,Canada,1990-11-30,Active
109998,William,Thomas,1999-10-06,Female,Vancouver,British Columbia,Canada,2024-10-17,Active
109999,Emily,Thomas,1990-03-18,Female,Saint John,New Brunswick,Canada,2017-03-11,Active
110000,Jessica,White,2003-06-16,Male,Toronto,Ontario,Canada,2026-07-13,Closed
